Workbook

Sheet Summary
A1: Percent Error = Absolute value of [(Difference) / (4p2\normal.PRN)] x 100%
B3: Sheet | C3: SSA | E3: SST | I3: TRA
B4: Column | C4: =SSA!C4 -> Airflow | D4: =SSA!D4 -> AirVel | E4: =SST!D4 -> AirTemp | F4: =SST!E4 -> Humidity | G4: =SST!F4 -> Sensible | H4: =SST!G4 -> Latent | I4: =TRA!C4 -> RTE | J4: =TRA!D4 -> TYP | K4: =TRA!E4 -> Location | L4: =TRA!F4 -> Speed | M4: =TRA!G4 -> Accel | N4: =TRA!H4 -> Drag_KN | O4: =TRA!I4 -> Drag_COEFF | P4: =TRA!J4 -> Tractive | ... X4: =TRA!R4 -> H_Reject
B5: =SSA!B5 -> count | C5: =SSA!C5 -> 120 | D5: =SSA!D5 -> 120 | E5: =SST!D5 -> 150 | F5: =SST!E5 -> 150 | G5: =SST!F5 -> 6 | H5: =SST!G5 -> 6 | I5: =TRA!C5 -> 25 | J5: =TRA!D5 -> 25 | K5: =TRA!E5 -> 25 | L5: =TRA!F5 -> 0 | M5: =TRA!G5 -> 0 | N5: =TRA!H5 -> 24 | O5: =TRA!I5 -> 0 | P5: =TRA!J5 -> 0 | ... X5: =TRA!R5 -> 25
B6: Mean | C6: =SSA!C6 -> 5.8339705e-05 | D6: =SSA!D6 -> 0 | E6: =SST!D6 -> 0.01109174 | F6: =SST!E6 -> 0.092889756 | G6: =SST!F6 -> 0 | H6: =SST!G6 -> 0 | I6: =TRA!C6 -> 0 | J6: =TRA!D6 -> 0 | K6: =TRA!E6 -> 0 | L6: =TRA!F6 -> 0 | M6: =TRA!G6 -> 0 | N6: =TRA!H6 -> 0 | O6: =TRA!I6 -> 0 | P6: =TRA!J6 -> 0 | ... X6: =TRA!R6 -> 0
B7: =SSA!B7 -> std | C7: =SSA!C7 -> 9.3281477e-05 | D7: =SSA!D7 -> 0 | E7: =SST!D7 -> 0.01386222 | F7: =SST!E7 -> 0.089911095 | G7: =SST!F7 -> 0 | H7: =SST!G7 -> 0 | I7: =TRA!C7 -> 0 | J7: =TRA!D7 -> 0 | K7: =TRA!E7 -> 0 | L7: =TRA!F7 -> 0 | M7: =TRA!G7 -> 0 | N7: =TRA!H7 -> 0 | O7: =TRA!I7 -> 0 | P7: =TRA!J7 -> 0 | ... X7: =TRA!R7 -> 0
B8: =SSA!B8 -> min | C8: =SSA!C8 -> 0 | D8: =SSA!D8 -> 0 | E8: =SST!D8 -> 0 | F8: =SST!E8 -> 0 | G8: =SST!F8 -> 0 | H8: =SST!G8 -> 0 | I8: =TRA!C8 -> 0 | J8: =TRA!D8 -> 0 | K8: =TRA!E8 -> 0 | L8: =TRA!F8 -> 0 | M8: =TRA!G8 -> 0 | N8: =TRA!H8 -> 0 | O8: =TRA!I8 -> 0 | P8: =TRA!J8 -> 0 | ... X8: =TRA!R8 -> 0
B9: =SSA!B9 -> 25% | C9: =SSA!C9 -> 0 | D9: =SSA!D9 -> 0 | E9: =SST!D9 -> 0 | F9: =SST!E9 -> 0.064102564 | G9: =SST!F9 -> 0 | H9: =SST!G9 -> 0 | I9: =TRA!C9 -> 0 | J9: =TRA!D9 -> 0 | K9: =TRA!E9 -> 0 | L9: =TRA!F9 -> 0 | M9: =TRA!G9 -> 0 | N9: =TRA!H9 -> 0 | O9: =TRA!I9 -> 0 | P9: =TRA!J9 -> 0 | ... X9: =TRA!R9 -> 0
B10: =SSA!B10 -> 50% | C10: =SSA!C10 -> 0 | D10: =SSA!D10 -> 0 | E10: =SST!D10 -> 0.0095606576 | F10: =SST!E10 -> 0.064516129 | G10: =SST!F10 -> 0 | H10: =SST!G10 -> 0 | I10: =TRA!C10 -> 0 | J10: =TRA!D10 -> 0 | K10: =TRA!E10 -> 0 | L10: =TRA!F10 -> 0 | M10: =TRA!G10 -> 0 | N10: =TRA!H10 -> 0 | O10: =TRA!I10 -> 0 | P10: =TRA!J10 -> 0 | ... X10: =TRA!R10 -> 0
B11: =SSA!B11 -> 75% | C11: =SSA!C11 -> 0.0001278388 | D11: =SSA!D11 -> 0 | E11: =SST!D11 -> 0.011764706 | F11: =SST!E11 -> 0.12820513 | G11: =SST!F11 -> 0 | H11: =SST!G11 -> 0 | I11: =TRA!C11 -> 0 | J11: =TRA!D11 -> 0 | K11: =TRA!E11 -> 0 | L11: =TRA!F11 -> 0 | M11: =TRA!G11 -> 0 | N11: =TRA!H11 -> 0 | O11: =TRA!I11 -> 0 | P11: =TRA!J11 -> 0 | ... X11: =TRA!R11 -> 0
B12: Max | C12: =SSA!C12 -> 0.00043737517 | D12: =SSA!D12 -> 0 | E12: =SST!D12 -> 0.058823529 | F12: =SST!E12 -> 0.32051282 | G12: =SST!F12 -> 0 | H12: =SST!G12 -> 0 | I12: =TRA!C12 -> 0 | J12: =TRA!D12 -> 0 | K12: =TRA!E12 -> 0 | L12: =TRA!F12 -> 0 | M12: =TRA!G12 -> 0 | N12: =TRA!H12 -> 0 | O12: =TRA!I12 -> 0 | P12: =TRA!J12 -> 0 | ... X12: =TRA!R12 -> 0
A14: Percent Error = Absolute value of [(Difference) / (4p2\normal.PRN)] x 100%
A15: {=TRANSPOSE(B3:X12)} -> Sheet | B15: Column | C15: count | D15: Mean | E15: std | F15: min | G15: 25% | H15: 50% | I15: 75% | J15: Max | K15: Description | L15: Unit
A16: SSA | B16: Airflow | C16: 120 | D16: 5.8339705e-05 | E16: 9.3281477e-05 | F16: 0 | G16: 0 | H16: 0 | I16: 0.0001278388 | J16: 0.00043737517 | K16: =VLOOKUP($B16,[1]Legend!$B$2:$E$110,2,FALSE) -> Section Air Flow Rate | L16: =VLOOKUP($B16,[1]Legend!$B$2:$E$110,4,FALSE) -> kCFM
A17: 0 | B17: AirVel | C17: 120 | D17: 0 | E17: 0 | F17: 0 | G17: 0 | H17: 0 | I17: 0 | J17: 0 | K17: =VLOOKUP($B17,[1]Legend!$B$2:$E$110,2,FALSE) -> Bulk Air Velocity | L17: =VLOOKUP($B17,[1]Legend!$B$2:$E$110,4,FALSE) -> FPM
A18: SST | B18: AirTemp | C18: 150 | D18: 0.01109174 | E18: 0.01386222 | F18: 0 | G18: 0 | H18: 0.0095606576 | I18: 0.011764706 | J18: 0.058823529 | K18: =VLOOKUP($B18,[1]Legend!$B$2:$E$110,2,FALSE) -> Air Dry-Bulb Temperature | L18: =VLOOKUP($B18,[1]Legend!$B$2:$E$110,4,FALSE) -> °F
A19: 0 | B19: Humidity | C19: 150 | D19: 0.092889756 | E19: 0.089911095 | F19: 0 | G19: 0.064102564 | H19: 0.064516129 | I19: 0.12820513 | J19: 0.32051282 | K19: =VLOOKUP($B19,[1]Legend!$B$2:$E$110,2,FALSE) -> 1 - Humidity Ratio | L19: =VLOOKUP($B19,[1]Legend!$B$2:$E$110,4,FALSE) -> °F
A20: 0 | B20: Sensible | C20: 6 | D20: 0 | E20: 0 | F20: 0 | G20: 0 | H20: 0 | I20: 0 | J20: 0 | K20: =VLOOKUP($B20,[1]Legend!$B$2:$E$110,2,FALSE) -> Total Sensible Heat Load | L20: =VLOOKUP($B20,[1]Legend!$B$2:$E$110,4,FALSE) -> BTU/sec
A21: 0 | B21: Latent | C21: 6 | D21: 0 | E21: 0 | F21: 0 | G21: 0 | H21: 0 | I21: 0 | J21: 0 | K21: =VLOOKUP($B21,[1]Legend!$B$2:$E$110,2,FALSE) -> Total Latent Heat Load | L21: =VLOOKUP($B21,[1]Legend!$B$2:$E$110,4,FALSE) -> BTU/sec
A22: TRA | B22: RTE | C22: 25 | D22: 0 | E22: 0 | F22: 0 | G22: 0 | H22: 0 | I22: 0 | J22: 0 | K22: =VLOOKUP($B22,[1]Legend!$B$2:$E$110,2,FALSE) -> Train route | L22: =VLOOKUP($B22,[1]Legend!$B$2:$E$110,4,FALSE) -> #
A23: 0 | B23: TYP | C23: 25 | D23: 0 | E23: 0 | F23: 0 | G23: 0 | H23: 0 | I23: 0 | J23: 0 | K23: =VLOOKUP($B23,[1]Legend!$B$2:$E$110,2,FALSE) -> Train Type | L23: =VLOOKUP($B23,[1]Legend!$B$2:$E$110,4,FALSE) -> #
A24: 0 | B24: Location | C24: 25 | D24: 0 | E24: 0 | F24: 0 | G24: 0 | H24: 0 | I24: 0 | J24: 0 | K24: =VLOOKUP($B24,[1]Legend!$B$2:$E$110,2,FALSE) -> Train Location | L24: =VLOOKUP($B24,[1]Legend!$B$2:$E$110,4,FALSE) -> ft
A25: 0 | B25: Speed | C25: 0 | D25: 0 | E25: 0 | F25: 0 | G25: 0 | H25: 0 | I25: 0 | J25: 0 | K25: =VLOOKUP($B25,[1]Legend!$B$2:$E$110,2,FALSE) -> Train Speed | L25: =VLOOKUP($B25,[1]Legend!$B$2:$E$110,4,FALSE) -> mph
A26: 0 | B26: Accel | C26: 0 | D26: 0 | E26: 0 | F26: 0 | G26: 0 | H26: 0 | I26: 0 | J26: 0 | K26: =VLOOKUP($B26,[1]Legend!$B$2:$E$110,2,FALSE) -> Train Acceleration | L26: =VLOOKUP($B26,[1]Legend!$B$2:$E$110,4,FALSE) -> mph/sec
A27: 0 | B27: Drag_KN | C27: 24 | D27: 0 | E27: 0 | F27: 0 | G27: 0 | H27: 0 | I27: 0 | J27: 0 | K27: =VLOOKUP($B27,[1]Legend!$B$2:$E$110,2,FALSE) -> Air Drag (KN) | L27: =VLOOKUP($B27,[1]Legend!$B$2:$E$110,4,FALSE) -> lbs
A28: 0 | B28: Drag_COEFF | C28: 0 | D28: 0 | E28: 0 | F28: 0 | G28: 0 | H28: 0 | I28: 0 | J28: 0 | K28: =VLOOKUP($B28,[1]Legend!$B$2:$E$110,2,FALSE) -> Air Drag (COEFF) | L28: =VLOOKUP($B28,[1]Legend!$B$2:$E$110,4,FALSE) -> #
A29: 0 | B29: Tractive | C29: 0 | D29: 0 | E29: 0 | F29: 0 | G29: 0 | H29: 0 | I29: 0 | J29: 0 | K29: =VLOOKUP($B29,[1]Legend!$B$2:$E$110,2,FALSE) -> Tractive Effort | L29: =VLOOKUP($B29,[1]Legend!$B$2:$E$110,4,FALSE) -> lbs/motor
A30: 0 | B30: M_Current | C30: 0 | D30: 0 | E30: 0 | F30: 0 | G30: 0 | H30: 0 | I30: 0 | J30: 0 | K30: =VLOOKUP($B30,[1]Legend!$B$2:$E$110,2,FALSE) -> Motor Current | L30: =VLOOKUP($B30,[1]Legend!$B$2:$E$110,4,FALSE) -> amps
A31: 0 | B31: L_Current | C31: 0 | D31: 0 | E31: 0 | F31: 0 | G31: 0 | H31: 0 | I31: 0 | J31: 0 | K31: =VLOOKUP($B31,[1]Legend!$B$2:$E$110,2,FALSE) -> Line Current | L31: =VLOOKUP($B31,[1]Legend!$B$2:$E$110,4,FALSE) -> amps
A32: 0 | B32: FLY | C32: 0 | D32: 0 | E32: 0 | F32: 0 | G32: 0 | H32: 0 | I32: 0 | J32: 0 | K32: =VLOOKUP($B32,[1]Legend!$B$2:$E$110,2,FALSE) -> Fly Wheel | L32: =VLOOKUP($B32,[1]Legend!$B$2:$E$110,4,FALSE) -> RPM
A33: 0 | B33: M_Eff | C33: 0 | D33: 0 | E33: 0 | F33: 0 | G33: 0 | H33: 0 | I33: 0 | J33: 0 | K33: =VLOOKUP($B33,[1]Legend!$B$2:$E$110,2,FALSE) -> Motor Efficiency | L33: =VLOOKUP($B33,[1]Legend!$B$2:$E$110,4,FALSE) -> 0
A34: 0 | B34: G_Accel | C34: 25 | D34: 0 | E34: 0 | F34: 0 | G34: 0 | H34: 0 | I34: 0 | J34: 0 | K34: =VLOOKUP($B34,[1]Legend!$B$2:$E$110,2,FALSE) -> Grid Temperature Acceleration | L34: =VLOOKUP($B34,[1]Legend!$B$2:$E$110,4,FALSE) -> °F
... A37: 0 | B37: H_Reject | C37: 25 | D37: 0 | E37: 0 | F37: 0 | G37: 0 | H37: 0 | I37: 0 | J37: 0 | K37: =VLOOKUP($B37,[1]Legend!$B$2:$E$110,2,FALSE) -> Heat rejected | L37: =VLOOKUP($B37,[1]Legend!$B$2:$E$110,4,FALSE) -> BTU/SEC-FT

Sheet Legend
A1: Sheet Name | B1: Heading | C1: Full description | D1: SI Unit | E1: IP Unit | F1: Note
A2: SSA | B2: Second-by-second aerodynamic data
B3: Time | C3: Simulation Time | D3: Sec | E3: Sec
B4: Segment | C4: Segment numbers | D4: # | E4: #
B5: ID | C5: Title | F5: Time-Segement (TTT-SSS)
B6: Title
B7: Airflow | C7: Section Air Flow Rate | D7: m3/s | E7: kCFM | F7: CFM is divided by 1,000 to convert to kcfm
B8: AirVel | C8: Bulk Air Velocity | D8: m/s | E8: FPM
A9: SST | B9: Second-by-second thermodynamic data
B10: Time | C10: Simulation Time | D10: Sec | E10: Sec
B11: Segment | C11: Segment numbers | D11: # | E11: #
B12: Sub | C12: Sub-segment number | D12: # | E12: #
B13: ID
B14: Sensible | C14: Total Sensible Heat Load | D14: W | E14: BTU/sec
B15: Latent | C15: Total Latent Heat Load | D15: W | E15: BTU/sec
B16: AirTemp | C16: Air Dry-Bulb Temperature | D16: °C | E16: °F
B17: Humidity | C17: 1 - Humidity Ratio | D17: kg/kg | E17: °F
B18: WallTemp | C18: Wall Surface Temperature | D18: °C | E18: °F
B19: WallConvection | C19: Heat Transfer to Wall by Convection | D19: W | E19: BTU/Hr
B20: WallRadiation | C20: Heat Transfer to Wall by Radiation | D20: W | E20: BTU/Hr
B21: FluidTemp | C21: Working Fluid Temperature | D21: °C
B22: FuildHeat | C22: Heat Absorbed by Cooling Pipe | D22: W
A23: TRA | B23: Secod-by-second Train data
B24: Time | C24: Time | D24: Sec | E24: Sec
B25: Number | C25: Train ID Number | D25: # | E25: #
B26: RTE | C26: Train route | D26: # | E26: #
B27: TYP | C27: Train Type | D27: # | E27: #
B28: Location | C28: Train Location | D28: m | E28: ft
B29: Speed | C29: Train Speed | D29: kph | E29: mph
B30: Accel | C30: Train Acceleration | D30: m/s2 | E30: mph/sec
B31: Drag_KN | C31: Air Drag (KN) | D31: kN | E31: lbs
B32: Drag_COEFF | C32: Air Drag (COEFF) | D32: # | E32: #
B33: Tractive | C33: Tractive Effort | D33: N/motor | E33: lbs/motor
B34: M_Current | C34: Motor Current | D34: amps | E34: amps
B35: L_Current | C35: Line Current | D35: amps | E35: amps
B36: FLY | C36: Fly Wheel | D36: RPM | E36: RPM
B37: M_Eff | C37: Motor Efficiency | D37: %
B38: G_Accel | C38: Grid Temperature Acceleration | D38: °C | E38: °F
B39: G_Decel | C39: Grid Temperature Deceleration | D39: °C | E39: °F
B40: H_Gen | C40: Heat generated | D40: W/m | E40: BTU/SEC-FT
B41: H_Reject | C41: Heat rejected | D41: W/m | E41: BTU/SEC-FT
A42: SEG | B42: Summary of Aerodynamic Data
B43: Time | C43: End Time Of Summary Interval | D43: seconds | E43: seconds
B44: A_Max | C44: Airflow rate maximum | D44: m3/s | E44: kCFM | F44: For SES41, cfm divided by 1,000 to convert to kcfm
B45: A_Max_T | C45: Time of airflow rate maximum | D45: seconds | E45: seconds
B46: A_Min | C46: Airflow rate minimum | D46: m3/s | E46: kCFM | F46: For SES41, cfm divided by 1,000 to convert to kcfm
B47: A_Min_T | C47: Time of airflow rate minimum | D47: seconds | E47: seconds
B48: A_P | C48: Airflow rate average value - positive | D48: m3/s | E48: kCFM | F48: For SES41, cfm divided by 1,000 to convert to kcfm
B49: A_N | C49: Airflow rate average value - negative | D49: m3/s | E49: kCFM | F49: For SES41, cfm divided by 1,000 to convert to kcfm
B50: V_Max | C50: Air velocity maximum | D50: m/s | E50: FPM
B51: V_Max_T | C51: Time of air velocity maximum | D51: seconds | E51: seconds
B52: V_Min | C52: Air velocity minimum | D52: m/s | E52: FPM
B53: V_Min_T | C53: Time of air velocity minimum | D53: seconds | E53: seconds
B54: V_P | C54: Velocity average value - positive | D54: m/s | E54: FPM
B55: V_N | C55: Velocity average value - negative | D55: m/s | E55: FPM
B56: A_P_P | C56: Percent Of Time Airflow Is Positive | D56: % | E56: %
B57: A_P_N | C57: Percent Of Time Airflow Is Negative | D57: % | E57: %
B58: V_E | C58: Outflow velocity allowable before exceedance | D58: m/s | E58: FPM | F58: Vent shafts only
B59: V_EP | C59: Percentage Of Time Outflow Velocity Exceeds Design Max | D59: % | E59: % | F59: Vent shafts only
A60: SUB | B60: Summary of Thermodynamic Data
B61: T_Max | C61: Dry-bulb temperature maximum | D61: °C | E61: °F
B62: T_Max_T | C62: Time of dry-bulb temperature maximum | D62: seconds | E62: seconds
B63: T_Min | C63: dry-bulb temperature minimum | D63: °C | E63: °F
B64: T_Min_T | C64: Time of dry-bulb temperature minimum | D64: seconds | E64: seconds
B65: T_P | C65: Dry-bulb temperature Positive | D65: °C | E65: °F
B66: T_N | C66: Dry-bulb temperature Negative | D66: °C | E66: °F
B67: W_Max | C67: 1- Humidity ratio maximum (kg/kg) | D67: kg/kg | E67: lb/lb
B68: W_Max_T | C68: Time of Humidity ration maximum | D68: seconds | E68: seconds
B69: W_Min | C69: Humidity ratio minimum | D69: kg/kg | E69: lb/lb
B70: W_Min_T | C70: Time of Humidity ratio minimum | D70: seconds | E70: seconds
B71: W_A | C71: Average Humidity ratio | D71: kg/kg | E71: lb/lb
A72: PER | B72: Percentage of Time Temperature is Above
B73: TA_1 | C73: Above temperature - 1 | D73: °C | E73: °F
B74: TA_2 | C74: Above temperature - 2 | D74: °C | E74: °F
B75: TA_3 | C75: Above temperature - 3 | D75: °C | E75: °F
B76: TA_4 | C76: Above temperature - 4 | D76: °C | E76: °F
B77: TA_5 | C77: Above temperature - 5 | D77: °C | E77: °F
B78: TA_6 | C78: Above temperature - 6 | D78: °C | E78: °F
B79: TAP_1 | C79: Percentage of Time above temperature - 1 | D79: % | E79: %
B80: TAP_2 | C80: Percentage of Time above temperature - 2 | D80: % | E80: %
B81: TAP_3 | C81: Percentage of Time above temperature - 3 | D81: % | E81: %
B82: TAP_4 | C82: Percentage of Time above temperature - 4 | D82: % | E82: %
B83: TAP_5 | C83: Percentage of Time above temperature - 5 | D83: % | E83: %
B84: TAP_6 | C84: Percentage of Time above temperature - 6 | D84: % | E84: %
A85: TES | B85: TRAIN ENERGY SUMMARY
B86: ES | C86: Energy Sector | D86: # | E86: #
B87: ET | C87: Propulsion Energy From Third Rail | D87: KWh | E87: KWh
B88: EF | C88: Propulsion Energy From Flywheel | D88: KWh | E88: KWh
B89: EA | C89: Auxiliary Energy Consumed | D89: KWh | E89: KWh
B90: ER | C90: Energy Regenerated | D90: KWh | E90: KWh
A91: HSA | B91: Heat Sink Analysis (for uncontrolled zones)
B92: MWT | C92: Morning Wall Temperature | D92: °C | E92: °F
B93: EWT | C93: Evening Wall Temperature | D93: °C | E93: °F
B94: MAT | C94: Morning Air Temperature | D94: °C | E94: °F
B95: EAT | C95: Evening Air Temperature | D95: °C | E95: °F
B96: MH | C96: Morning Humidity Ratio | D96: kg/kg | E96: lb/lb
B97: EH | C97: Evening Humidity Ratio | D97: kg/kg | E97: lb/lb
A98: ECS | B98: Environmental Control System Load Estimates
B99: TM_S | C99: Sensible Heat Load From Trains and Misc. | D99: W | E99: BTU/HR
B100: TM_L | C100: Latent Heat Load From Trains and Misc. | D100: W | E100: BTU/HR
...

Sheet SSA
A1: Next-Vis Sheet: SSA
A2: Summary
A3: Percent Error = Absolute value of [(Difference) / (4p2\inferno.PRN)] x 100% | F3: Difference = (4p2\inferno4p2.out) - (4p2\inferno.PRN)
C4: Airflow | D4: AirVel | H4: Airflow | I4: AirVel
B5: count | C5: 120 | D5: 120 | G5: count | H5: 125 | I5: 125
B6: mean | C6: 5.8339705e-05 | D6: 0 | G6: mean | H6: -3.44e-05 | I6: 0
B7: std | C7: 9.3281477e-05 | D7: 0 | G7: std | H7: 7.6310064e-05 | I7: 0
B8: min | C8: 0 | D8: 0 | G8: min | H8: -0.0003 | I8: 0
B9: 25% | C9: 0 | D9: 0 | G9: 25% | H9: -0.0001 | I9: 0
B10: 50% | C10: 0 | D10: 0 | G10: 50% | H10: 0 | I10: 0
B11: 75% | C11: 0.0001278388 | D11: 0 | G11: 75% | H11: 0 | I11: 0
B12: max | C12: 0.00043737517 | D12: 0 | G12: max | H12: 0.0002 | I12: 0
A13: Data
A14: Percent Error = Absolute value of [(Difference) / (4p2\inferno.PRN)] x 100% | F14: Difference = (4p2\inferno4p2.out) - (4p2\inferno.PRN) | K14: 4p2\inferno4p2.out | P14: 4p2\inferno.PRN
A15: Time | B15: Segment | C15: Airflow | D15: AirVel | F15: Time | G15: Segment | H15: Airflow | I15: AirVel | K15: Time | L15: Segment | M15: Airflow | N15: AirVel | P15: Time | Q15: Segment | R15: Airflow | S15: AirVel
A16: 0 | B16: 1 | F16: 0 | G16: 1 | H16: 0 | I16: 0 | K16: 0 | L16: 1 | M16: 0 | N16: 0 | P16: 0 | Q16: 1 | R16: 0 | S16: 0
A17: 0 | B17: 2 | F17: 0 | G17: 2 | H17: 0 | I17: 0 | K17: 0 | L17: 2 | M17: 0 | N17: 0 | P17: 0 | Q17: 2 | R17: 0 | S17: 0
A18: 0 | B18: 3 | F18: 0 | G18: 3 | H18: 0 | I18: 0 | K18: 0 | L18: 3 | M18: 0 | N18: 0 | P18: 0 | Q18: 3 | R18: 0 | S18: 0
A19: 0 | B19: 4 | F19: 0 | G19: 4 | H19: 0 | I19: 0 | K19: 0 | L19: 4 | M19: 0 | N19: 0 | P19: 0 | Q19: 4 | R19: 0 | S19: 0
A20: 0 | B20: 5 | F20: 0 | G20: 5 | H20: 0 | I20: 0 | K20: 0 | L20: 5 | M20: 0 | N20: 0 | P20: 0 | Q20: 5 | R20: 0 | S20: 0
A21: 10 | B21: 1 | C21: 0 | D21: 0 | F21: 10 | G21: 1 | H21: 0 | I21: 0 | K21: 10 | L21: 1 | M21: 153.1329 | N21: 811.5 | P21: 10 | Q21: 1 | R21: 153.1329 | S21: 811.5
A22: 10 | B22: 2 | C22: 0 | D22: 0 | F22: 10 | G22: 2 | H22: 0 | I22: 0 | K22: 10 | L22: 2 | M22: -110.7095 | N22: -586.7 | P22: 10 | Q22: 2 | R22: -110.7095 | S22: -586.7
A23: 10 | B23: 3 | C23: 0 | D23: 0 | F23: 10 | G23: 3 | H23: 0 | I23: 0 | K23: 10 | L23: 3 | M23: -110.7095 | N23: -586.7 | P23: 10 | Q23: 3 | R23: -110.7095 | S23: -586.7
A24: 10 | B24: 4 | C24: 0 | D24: 0 | F24: 10 | G24: 4 | H24: 0 | I24: 0 | K24: 10 | L24: 4 | M24: -110.7095 | N24: -586.7 | P24: 10 | Q24: 4 | R24: -110.7095 | S24: -586.7
A25: 10 | B25: 5 | C25: 0 | D25: 0 | F25: 10 | G25: 5 | H25: 0 | I25: 0 | K25: 10 | L25: 5 | M25: 263.8424 | N25: 879.5 | P25: 10 | Q25: 5 | R25: 263.8424 | S25: 879.5
A26: 20 | B26: 1 | C26: 5.130531e-05 | D26: 0 | F26: 20 | G26: 1 | H26: -0.0001 | I26: 0 | K26: 20 | L26: 1 | M26: 194.9115 | N26: 1032.9 | P26: 20 | Q26: 1 | R26: 194.9116 | S26: 1032.9
A27: 20 | B27: 2 | C27: 9.708785e-05 | D27: 0 | F27: 20 | G27: 2 | H27: -0.0001 | I27: 0 | K27: 20 | L27: 2 | M27: -102.9996 | N27: -545.8 | P27: 20 | Q27: 2 | R27: -102.9995 | S27: -545.8
A28: 20 | B28: 3 | C28: 9.708785e-05 | D28: 0 | F28: 20 | G28: 3 | H28: -0.0001 | I28: 0 | K28: 20 | L28: 3 | M28: -102.9996 | N28: -545.8 | P28: 20 | Q28: 3 | R28: -102.9995 | S28: -545.8
A29: 20 | B29: 4 | C29: 9.708785e-05 | D29: 0 | F29: 20 | G29: 4 | H29: -0.0001 | I29: 0 | K29: 20 | L29: 4 | M29: -102.9996 | N29: -545.8 | P29: 20 | Q29: 4 | R29: -102.9995 | S29: -545.8
A30: 20 | B30: 5 | C30: 0 | D30: 0 | F30: 20 | G30: 5 | H30: 0 | I30: 0 | K30: 20 | L30: 5 | M30: 297.9111 | N30: 993 | P30: 20 | Q30: 5 | R30: 297.9111 | S30: 993
A31: 30 | B31: 1 | C31: 0 | D31: 0 | F31: 30 | G31: 1 | H31: 0 | I31: 0 | K31: 30 | L31: 1 | M31: 206.1882 | N31: 1092.7 | P31: 30 | Q31: 1 | R31: 206.1882 | S31: 1092.7
A32: 30 | B32: 2 | C32: 0 | D32: 0 | F32: 30 | G32: 2 | H32: 0 | I32: 0 | K32: 30 | L32: 2 | M32: -92.0919 | N32: -488 | P32: 30 | Q32: 2 | R32: -92.0919 | S32: -488
... A140: 500 | B140: 5 | C140: 0 | D140: 0 | F140: 500 | G140: 5 | H140: 0 | I140: 0 | K140: 500 | L140: 5 | M140: 285.9701 | N140: 953.2 | P140: 500 | Q140: 5 | R140: 285.9701 | S140: 953.2

Sheet SST
A1: Next-Vis Sheet: SST
A2: Summary
B3: Percent Error = Absolute value of [(Difference) / (4p2\inferno.PRN)] x 100% | L3: Difference = (4p2\inferno4p2.out) - (4p2\inferno.PRN)
D4: AirTemp | E4: Humidity | F4: Sensible | G4: Latent | H4: WallTemp | I4: WallConvection | J4: WallRadiation | O4: AirTemp | P4: Humidity | Q4: Sensible | R4: Latent | S4: WallTemp | T4: WallConvection | U4: WallRadiation
C5: count | D5: 150 | E5: 150 | F5: 6 | G5: 6 | H5: 450 | I5: 373 | J5: 373 | N5: count | O5: 150 | P5: 150 | Q5: 28 | R5: 28 | S5: 450 | T5: 450 | U5: 450
C6: mean | D6: 0.01109174 | E6: 0.092889756 | F6: 0 | G6: 0 | H6: 5.2312199e-05 | I6: 0.26864568 | J6: 0.00093791791 | N6: mean | O6: 0.0036 | P6: 4.8e-06 | Q6: 0 | R6: 0 | S6: -0.00022222222 | T6: 0.038888889 | U6: -0.16644444
C7: std | D7: 0.01386222 | E7: 0.089911095 | F7: 0 | G7: 0 | H7: 0.0011097093 | I7: 5.1777762 | J7: 0.0054977728 | N7: std | O7: 0.020143112 | P7: 1.9754194e-05 | Q7: 0 | R7: 0 | S7: 0.0047140452 | T7: 1.426202 | U7: 0.62273789
C8: min | D8: 0 | E8: 0 | F8: 0 | G8: 0 | H8: 0 | I8: 0 | J8: 0 | N8: min | O8: -0.05 | P8: -5e-05 | Q8: 0 | R8: 0 | S8: -0.1 | T8: -8.8 | U8: -6
C9: 25% | D9: 0 | E9: 0.064102564 | F9: 0 | G9: 0 | H9: 0 | I9: 2.0224052e-05 | J9: 0 | N9: 25% | O9: 0 | P9: 0 | Q9: 0 | R9: 0 | S9: 0 | T9: -0.2 | U9: -0.1
C10: 50% | D10: 0.0095606576 | E10: 0.064516129 | F10: 0 | G10: 0 | H10: 0 | I10: 5.3852384e-05 | J10: 3.6071054e-05 | N10: 50% | O10: 0 | P10: 1e-05 | Q10: 0 | R10: 0 | S10: 0 | T10: 0 | U10: 0
C11: 75% | D11: 0.011764706 | E11: 0.12820513 | F11: 0 | G11: 0 | H11: 0 | I11: 0.00013181552 | J11: 8.6230424e-05 | N11: 75% | O11: 0.01 | P11: 1e-05 | Q11: 0 | R11: 0 | S11: 0 | T11: 0.4 | U11: 0
C12: max | D12: 0.058823529 | E12: 0.32051282 | F12: 0 | G12: 0 | H12: 0.02354049 | I12: 100 | J12: 0.09310987 | N12: max | O12: 0.05 | P12: 5e-05 | Q12: 0 | R12: 0 | S12: 0 | T12: 7 | U12: 1
A13: Data
A14: Percent Error = Absolute value of [(Difference) / (4p2\inferno.PRN)] x 100% | L14: Difference = (4p2\inferno4p2.out) - (4p2\inferno.PRN) | W14: 4p2\inferno4p2.out | AH14: 4p2\inferno.PRN
A15: Time | B15: Segment | C15: Sub | D15: AirTemp | E15: Humidity | F15: Sensible | G15: Latent | H15: WallTemp | I15: WallConvection | J15: WallRadiation | L15: Time | M15: Segment | N15: Sub | O15: AirTemp | P15: Humidity | Q15: Sensible | R15: Latent | S15: WallTemp | T15: WallConvection | U15: WallRadiation | W15: Time | X15: Segment | Y15: Sub | Z15: AirTemp | AA15: Humidity | AB15: Sensible | AC15: Latent | AD15: WallTemp | AE15: WallConvection | AF15: WallRadiation | AH15: Time | AI15: Segment | AJ15: Sub | AK15: AirTemp | AL15: Humidity | AM15: Sensible | AN15: Latent | AO15: WallTemp | AP15: WallConvection | AQ15: WallRadiation
A16: 0 | B16: 1 | C16: 1 | D16: 0 | E16: 0 | L16: 0 | M16: 1 | N16: 1 | O16: 0 | P16: 0 | Q16: 0 | R16: 0 | W16: 0 | X16: 1 | Y16: 1 | Z16: 85 | AA16: 0.01551 | AB16: 0 | AC16: 0 | AH16: 0 | AI16: 1 | AJ16: 1 | AK16: 85 | AL16: 0.01551 | AM16: 0 | AN16: 0
A17: 0 | B17: 1 | C17: 2 | D17: 0 | E17: 0 | L17: 0 | M17: 1 | N17: 2 | O17: 0 | P17: 0 | Q17: 0 | R17: 0 | W17: 0 | X17: 1 | Y17: 2 | Z17: 85 | AA17: 0.01551 | AB17: 0 | AC17: 0 | AH17: 0 | AI17: 1 | AJ17: 2 | AK17: 85 | AL17: 0.01551 | AM17: 0 | AN17: 0
A18: 0 | B18: 1 | C18: 3 | D18: 0 | E18: 0 | L18: 0 | M18: 1 | N18: 3 | O18: 0 | P18: 0 | Q18: 0 | R18: 0 | W18: 0 | X18: 1 | Y18: 3 | Z18: 85 | AA18: 0.01551 | AB18: 0 | AC18: 0 | AH18: 0 | AI18: 1 | AJ18: 3 | AK18: 85 | AL18: 0.01551 | AM18: 0 | AN18: 0
A19: 0 | B19: 1 | C19: 4 | D19: 0 | E19: 0 | L19: 0 | M19: 1 | N19: 4 | O19: 0 | P19: 0 | Q19: 0 | R19: 0 | W19: 0 | X19: 1 | Y19: 4 | Z19: 85 | AA19: 0.01551 | AB19: 0 | AC19: 0 | AH19: 0 | AI19: 1 | AJ19: 4 | AK19: 85 | AL19: 0.01551 | AM19: 0 | AN19: 0
A20: 0 | B20: 1 | C20: 5 | D20: 0 | E20: 0 | L20: 0 | M20: 1 | N20: 5 | O20: 0 | P20: 0 | Q20: 0 | R20: 0 | W20: 0 | X20: 1 | Y20: 5 | Z20: 85 | AA20: 0.01551 | AB20: 0 | AC20: 0 | AH20: 0 | AI20: 1 | AJ20: 5 | AK20: 85 | AL20: 0.01551 | AM20: 0 | AN20: 0
A21: 0 | B21: 1 | C21: 6 | D21: 0 | E21: 0 | L21: 0 | M21: 1 | N21: 6 | O21: 0 | P21: 0 | Q21: 0 | R21: 0 | W21: 0 | X21: 1 | Y21: 6 | Z21: 85 | AA21: 0.01551 | AB21: 0 | AC21: 0 | AH21: 0 | AI21: 1 | AJ21: 6 | AK21: 85 | AL21: 0.01551 | AM21: 0 | AN21: 0
A22: 0 | B22: 1 | C22: 7 | D22: 0 | E22: 0 | L22: 0 | M22: 1 | N22: 7 | O22: 0 | P22: 0 | Q22: 0 | R22: 0 | W22: 0 | X22: 1 | Y22: 7 | Z22: 85 | AA22: 0.01551 | AB22: 0 | AC22: 0 | AH22: 0 | AI22: 1 | AJ22: 7 | AK22: 85 | AL22: 0.01551 | AM22: 0 | AN22: 0
A23: 0 | B23: 1 | C23: 8 | D23: 0 | E23: 0 | L23: 0 | M23: 1 | N23: 8 | O23: 0 | P23: 0 | Q23: 0 | R23: 0 | W23: 0 | X23: 1 | Y23: 8 | Z23: 85 | AA23: 0.01551 | AB23: 0 | AC23: 0 | AH23: 0 | AI23: 1 | AJ23: 8 | AK23: 85 | AL23: 0.01551 | AM23: 0 | AN23: 0
A24: 0 | B24: 1 | C24: 9 | D24: 0 | E24: 0 | L24: 0 | M24: 1 | N24: 9 | O24: 0 | P24: 0 | Q24: 0 | R24: 0 | W24: 0 | X24: 1 | Y24: 9 | Z24: 85 | AA24: 0.01551 | AB24: 0 | AC24: 0 | AH24: 0 | AI24: 1 | AJ24: 9 | AK24: 85 | AL24: 0.01551 | AM24: 0 | AN24: 0
A25: 0 | B25: 1 | C25: 10 | D25: 0 | E25: 0 | L25: 0 | M25: 1 | N25: 10 | O25: 0 | P25: 0 | Q25: 0 | R25: 0 | W25: 0 | X25: 1 | Y25: 10 | Z25: 85 | AA25: 0.01551 | AB25: 0 | AC25: 0 | AH25: 0 | AI25: 1 | AJ25: 10 | AK25: 85 | AL25: 0.01551 | AM25: 0 | AN25: 0
A26: 0 | B26: 2 | C26: 1 | D26: 0 | E26: 0 | H26: 0 | L26: 0 | M26: 2 | N26: 1 | O26: 0 | P26: 0 | Q26: 0 | R26: 0 | S26: 0 | T26: 0 | U26: 0 | W26: 0 | X26: 2 | Y26: 1 | Z26: 85 | AA26: 0.01551 | AB26: 0 | AC26: 0 | AD26: 85 | AE26: 0 | AF26: 0 | AH26: 0 | AI26: 2 | AJ26: 1 | AK26: 85 | AL26: 0.01551 | AM26: 0 | AN26: 0 | AO26: 85 | AP26: 0 | AQ26: 0
A27: 0 | B27: 2 | C27: 2 | D27: 0 | E27: 0 | H27: 0 | L27: 0 | M27: 2 | N27: 2 | O27: 0 | P27: 0 | Q27: 0 | R27: 0 | S27: 0 | T27: 0 | U27: 0 | W27: 0 | X27: 2 | Y27: 2 | Z27: 85 | AA27: 0.01551 | AB27: 0 | AC27: 0 | AD27: 85 | AE27: 0 | AF27: 0 | AH27: 0 | AI27: 2 | AJ27: 2 | AK27: 85 | AL27: 0.01551 | AM27: 0 | AN27: 0 | AO27: 85 | AP27: 0 | AQ27: 0
A28: 0 | B28: 3 | C28: 1 | D28: 0 | E28: 0 | H28: 0 | L28: 0 | M28: 3 | N28: 1 | O28: 0 | P28: 0 | Q28: 0 | R28: 0 | S28: 0 | T28: 0 | U28: 0 | W28: 0 | X28: 3 | Y28: 1 | Z28: 85 | AA28: 0.01551 | AB28: 0 | AC28: 0 | AD28: 85 | AE28: 0 | AF28: 0 | AH28: 0 | AI28: 3 | AJ28: 1 | AK28: 85 | AL28: 0.01551 | AM28: 0 | AN28: 0 | AO28: 85 | AP28: 0 | AQ28: 0
A29: 0 | B29: 3 | C29: 2 | D29: 0 | E29: 0 | H29: 0 | L29: 0 | M29: 3 | N29: 2 | O29: 0 | P29: 0 | Q29: 0 | R29: 0 | S29: 0 | T29: 0 | U29: 0 | W29: 0 | X29: 3 | Y29: 2 | Z29: 85 | AA29: 0.01551 | AB29: 0 | AC29: 0 | AD29: 85 | AE29: 0 | AF29: 0 | AH29: 0 | AI29: 3 | AJ29: 2 | AK29: 85 | AL29: 0.01551 | AM29: 0 | AN29: 0 | AO29: 85 | AP29: 0 | AQ29: 0
A30: 0 | B30: 3 | C30: 3 | D30: 0 | E30: 0 | H30: 0 | L30: 0 | M30: 3 | N30: 3 | O30: 0 | P30: 0 | Q30: 0 | R30: 0 | S30: 0 | T30: 0 | U30: 0 | W30: 0 | X30: 3 | Y30: 3 | Z30: 85 | AA30: 0.01551 | AB30: 0 | AC30: 0 | AD30: 85 | AE30: 0 | AF30: 0 | AH30: 0 | AI30: 3 | AJ30: 3 | AK30: 85 | AL30: 0.01551 | AM30: 0 | AN30: 0 | AO30: 85 | AP30: 0 | AQ30: 0
A31: 0 | B31: 3 | C31: 4 | D31: 0 | E31: 0 | H31: 0 | L31: 0 | M31: 3 | N31: 4 | O31: 0 | P31: 0 | Q31: 0 | R31: 0 | S31: 0 | T31: 0 | U31: 0 | W31: 0 | X31: 3 | Y31: 4 | Z31: 85 | AA31: 0.01551 | AB31: 0 | AC31: 0 | AD31: 85 | AE31: 0 | AF31: 0 | AH31: 0 | AI31: 3 | AJ31: 4 | AK31: 85 | AL31: 0.01551 | AM31: 0 | AN31: 0 | AO31: 85 | AP31: 0 | AQ31: 0
A32: 0 | B32: 3 | C32: 5 | D32: 0 | E32: 0 | H32: 0 | L32: 0 | M32: 3 | N32: 5 | O32: 0 | P32: 0 | Q32: 0 | R32: 0 | S32: 0 | T32: 0 | U32: 0 | W32: 0 | X32: 3 | Y32: 5 | Z32: 85 | AA32: 0.01551 | AB32: 0 | AC32: 0 | AD32: 85 | AE32: 0 | AF32: 0 | AH32: 0 | AI32: 3 | AJ32: 5 | AK32: 85 | AL32: 0.01551 | AM32: 0 | AN32: 0 | AO32: 85 | AP32: 0 | AQ32: 0
A33: 0 | B33: 3 | C33: 6 | D33: 0 | E33: 0 | H33: 0 | L33: 0 | M33: 3 | N33: 6 | O33: 0 | P33: 0 | Q33: 0 | R33: 0 | S33: 0 | T33: 0 | U33: 0 | W33: 0 | X33: 3 | Y33: 6 | Z33: 85 | AA33: 0.01551 | AB33: 0 | AC33: 0 | AD33: 85 | AE33: 0 | AF33: 0 | AH33: 0 | AI33: 3 | AJ33: 6 | AK33: 85 | AL33: 0.01551 | AM33: 0 | AN33: 0 | AO33: 85 | AP33: 0 | AQ33: 0
A34: 0 | B34: 3 | C34: 7 | D34: 0 | E34: 0 | H34: 0 | L34: 0 | M34: 3 | N34: 7 | O34: 0 | P34: 0 | Q34: 0 | R34: 0 | S34: 0 | T34: 0 | U34: 0 | W34: 0 | X34: 3 | Y34: 7 | Z34: 85 | AA34: 0.01551 | AB34: 0 | AC34: 0 | AD34: 85 | AE34: 0 | AF34: 0 | AH34: 0 | AI34: 3 | AJ34: 7 | AK34: 85 | AL34: 0.01551 | AM34: 0 | AN34: 0 | AO34: 85 | AP34: 0 | AQ34: 0
A35: 0 | B35: 3 | C35: 8 | D35: 0 | E35: 0 | H35: 0 | L35: 0 | M35: 3 | N35: 8 | O35: 0 | P35: 0 | Q35: 0 | R35: 0 | S35: 0 | T35: 0 | U35: 0 | W35: 0 | X35: 3 | Y35: 8 | Z35: 85 | AA35: 0.01551 | AB35: 0 | AC35: 0 | AD35: 85 | AE35: 0 | AF35: 0 | AH35: 0 | AI35: 3 | AJ35: 8 | AK35: 85 | AL35: 0.01551 | AM35: 0 | AN35: 0 | AO35: 85 | AP35: 0 | AQ35: 0
A36: 0 | B36: 3 | C36: 9 | D36: 0 | E36: 0 | F36: 0 | G36: 0 | H36: 0 | L36: 0 | M36: 3 | N36: 9 | O36: 0 | P36: 0 | Q36: 0 | R36: 0 | S36: 0 | T36: 0 | U36: 0 | W36: 0 | X36: 3 | Y36: 9 | Z36: 85 | AA36: 0.01551 | AB36: 31.3 | AC36: 4.5 | AD36: 85 | AE36: 0 | AF36: 0 | AH36: 0 | AI36: 3 | AJ36: 9 | AK36: 85 | AL36: 0.01551 | AM36: 31.3 | AN36: 4.5 | AO36: 85 | AP36: 0 | AQ36: 0
A37: 0 | B37: 3 | C37: 10 | D37: 0 | E37: 0 | F37: 0 | G37: 0 | H37: 0 | L37: 0 | M37: 3 | N37: 10 | O37: 0 | P37: 0 | Q37: 0 | R37: 0 | S37: 0 | T37: 0 | U37: 0 | W37: 0 | X37: 3 | Y37: 10 | Z37: 85 | AA37: 0.01551 | AB37: 35 | AC37: 5.1 | AD37: 85 | AE37: 0 | AF37: 0 | AH37: 0 | AI37: 3 | AJ37: 10 | AK37: 85 | AL37: 0.01551 | AM37: 35 | AN37: 5.1 | AO37: 85 | AP37: 0 | AQ37: 0
A38: 0 | B38: 3 | C38: 11 | D38: 0 | E38: 0 | F38: 0 | G38: 0 | H38: 0 | I38: 100 | J38: 0 | L38: 0 | M38: 3 | N38: 11 | O38: 0 | P38: 0 | Q38: 0 | R38: 0 | S38: 0 | T38: 0.1 | U38: 0 | W38: 0 | X38: 3 | Y38: 11 | Z38: 85 | AA38: 0.01551 | AB38: 13368.3 | AC38: 5.1 | AD38: 85 | AE38: 0 | AF38: 11993855 | AH38: 0 | AI38: 3 | AJ38: 11 | AK38: 85 | AL38: 0.01551 | AM38: 13368.3 | AN38: 5.1 | AO38: 85 | AP38: -0.1 | AQ38: 11993855
A39: 0 | B39: 3 | C39: 12 | D39: 0 | E39: 0 | F39: 0 | G39: 0 | H39: 0 | L39: 0 | M39: 3 | N39: 12 | O39: 0 | P39: 0 | Q39: 0 | R39: 0 | S39: 0 | T39: 0 | U39: 0 | W39: 0 | X39: 3 | Y39: 12 | Z39: 85 | AA39: 0.01551 | AB39: 35 | AC39: 5.1 | AD39: 85 | AE39: 0 | AF39: 0 | AH39: 0 | AI39: 3 | AJ39: 12 | AK39: 85 | AL39: 0.01551 | AM39: 35 | AN39: 5.1 | AO39: 85 | AP39: 0 | AQ39: 0
A40: 0 | B40: 3 | C40: 13 | D40: 0 | E40: 0 | F40: 0 | G40: 0 | H40: 0 | L40: 0 | M40: 3 | N40: 13 | O40: 0 | P40: 0 | Q40: 0 | R40: 0 | S40: 0 | T40: 0 | U40: 0 | W40: 0 | X40: 3 | Y40: 13 | Z40: 85 | AA40: 0.01551 | AB40: 35 | AC40: 5.1 | AD40: 85 | AE40: 0 | AF40: 0 | AH40: 0 | AI40: 3 | AJ40: 13 | AK40: 85 | AL40: 0.01551 | AM40: 35 | AN40: 5.1 | AO40: 85 | AP40: 0 | AQ40: 0
A41: 0 | B41: 3 | C41: 14 | D41: 0 | E41: 0 | F41: 0 | G41: 0 | H41: 0 | L41: 0 | M41: 3 | N41: 14 | O41: 0 | P41: 0 | Q41: 0 | R41: 0 | S41: 0 | T41: 0 | U41: 0 | W41: 0 | X41: 3 | Y41: 14 | Z41: 85 | AA41: 0.01551 | AB41: 34.5 | AC41: 5 | AD41: 85 | AE41: 0 | AF41: 0 | AH41: 0 | AI41: 3 | AJ41: 14 | AK41: 85 | AL41: 0.01551 | AM41: 34.5 | AN41: 5 | AO41: 85 | AP41: 0 | AQ41: 0
A42: 0 | B42: 4 | C42: 1 | D42: 0 | E42: 0 | H42: 0 | L42: 0 | M42: 4 | N42: 1 | O42: 0 | P42: 0 | Q42: 0 | R42: 0 | S42: 0 | T42: 0 | U42: 0 | W42: 0 | X42: 4 | Y42: 1 | Z42: 85 | AA42: 0.01551 | AB42: 0 | AC42: 0 | AD42: 85 | AE42: 0 | AF42: 0 | AH42: 0 | AI42: 4 | AJ42: 1 | AK42: 85 | AL42: 0.01551 | AM42: 0 | AN42: 0 | AO42: 85 | AP42: 0 | AQ42: 0
A43: 0 | B43: 4 | C43: 2 | D43: 0 | E43: 0 | H43: 0 | L43: 0 | M43: 4 | N43: 2 | O43: 0 | P43: 0 | Q43: 0 | R43: 0 | S43: 0 | T43: 0 | U43: 0 | W43: 0 | X43: 4 | Y43: 2 | Z43: 85 | AA43: 0.01551 | AB43: 0 | AC43: 0 | AD43: 85 | AE43: 0 | AF43: 0 | AH43: 0 | AI43: 4 | AJ43: 2 | AK43: 85 | AL43: 0.01551 | AM43: 0 | AN43: 0 | AO43: 85 | AP43: 0 | AQ43: 0
A44: 0 | B44: 5 | C44: 1 | D44: 0 | E44: 0 | L44: 0 | M44: 5 | N44: 1 | O44: 0 | P44: 0 | W44: 0 | X44: 5 | Y44: 1 | Z44: 85 | AA44: 0.01551 | AH44: 0 | AI44: 5 | AJ44: 1 | AK44: 85 | AL44: 0.01551
A45: 0 | B45: 5 | C45: 2 | D45: 0 | E45: 0 | L45: 0 | M45: 5 | N45: 2 | O45: 0 | P45: 0 | W45: 0 | X45: 5 | Y45: 2 | Z45: 85 | AA45: 0.01551 | AH45: 0 | AI45: 5 | AJ45: 2 | AK45: 85 | AL45: 0.01551
A46: 10 | B46: 1 | C46: 1 | D46: 0 | E46: 0.064516129 | L46: 10 | M46: 1 | N46: 1 | O46: 0 | P46: 1e-05 | W46: 10 | X46: 1 | Y46: 1 | Z46: 85 | AA46: 0.01551 | AB46: 0.3 | AC46: 0 | AH46: 10 | AI46: 1 | AJ46: 1 | AK46: 85 | AL46: 0.0155
A47: 10 | B47: 1 | C47: 2 | L47: 10 | M47: 1 | N47: 2 | W47: 10 | X47: 1 | Y47: 2 | Z47: 85 | AA47: 0.01551 | AB47: 0.3 | AC47: 0 | AH47: 10 | AI47: 2 | AJ47: 1 | AK47: 85 | AL47: 0.0155 | AO47: 85 | AP47: 0 | AQ47: 0
A48: 10 | B48: 1 | C48: 3 | L48: 10 | M48: 1 | N48: 3 | W48: 10 | X48: 1 | Y48: 3 | Z48: 85 | AA48: 0.01551 | AB48: 0.3 | AC48: 0 | AH48: 10 | AI48: 2 | AJ48: 2 | AO48: 85 | AP48: 0 | AQ48: 0
A49: 10 | B49: 1 | C49: 4 | L49: 10 | M49: 1 | N49: 4 | W49: 10 | X49: 1 | Y49: 4 | Z49: 85 | AA49: 0.01551 | AB49: 0.3 | AC49: 0 | AH49: 10 | AI49: 3 | AJ49: 1 | AK49: 85 | AL49: 0.0155 | AO49: 85 | AP49: 0 | AQ49: 0
A50: 10 | B50: 1 | C50: 5 | L50: 10 | M50: 1 | N50: 5 | W50: 10 | X50: 1 | Y50: 5 | Z50: 85 | AA50: 0.01551 | AB50: 0.3 | AC50: 0 | AH50: 10 | AI50: 3 | AJ50: 2 | AO50: 85 | AP50: 0 | AQ50: 0
A51: 10 | B51: 1 | C51: 6 | L51: 10 | M51: 1 | N51: 6 | W51: 10 | X51: 1 | Y51: 6 | Z51: 85 | AA51: 0.01551 | AB51: 0.3 | AC51: 0 | AH51: 10 | AI51: 3 | AJ51: 3 | AO51: 85 | AP51: 0 | AQ51: 0
A52: 10 | B52: 1 | C52: 7 | L52: 10 | M52: 1 | N52: 7 | W52: 10 | X52: 1 | Y52: 7 | Z52: 85 | AA52: 0.01551 | AB52: 0.3 | AC52: 0 | AH52: 10 | AI52: 3 | AJ52: 4 | AO52: 85 | AP52: 0 | AQ52: 0
A53: 10 | B53: 1 | C53: 8 | L53: 10 | M53: 1 | N53: 8 | W53: 10 | X53: 1 | Y53: 8 | Z53: 85 | AA53: 0.01551 | AB53: 0.3 | AC53: 0 | AH53: 10 | AI53: 3 | AJ53: 5 | AO53: 85 | AP53: 0 | AQ53: 0
A54: 10 | B54: 1 | C54: 9 | L54: 10 | M54: 1 | N54: 9 | W54: 10 | X54: 1 | Y54: 9 | Z54: 85 | AA54: 0.01551 | AB54: 0.3 | AC54: 0 | AH54: 10 | AI54: 3 | AJ54: 6 | AO54: 85 | AP54: 1022.6 | AQ54: 108.5
A55: 10 | B55: 1 | C55: 10 | L55: 10 | M55: 1 | N55: 10 | W55: 10 | X55: 1 | Y55: 10 | Z55: 85 | AA55: 0.01551 | AB55: 0.3 | AC55: 0 | AH55: 10 | AI55: 3 | AJ55: 7 | AO55: 85 | AP55: 12069.7 | AQ55: 1284.3
A56: 10 | B56: 2 | C56: 1 | D56: 0 | E56: 0.064516129 | H56: 0 | L56: 10 | M56: 2 | N56: 1 | O56: 0 | P56: 1e-05 | S56: 0 | T56: 0 | U56: 0 | W56: 10 | X56: 2 | Y56: 1 | Z56: 85 | AA56: 0.01551 | AB56: 0.2 | AC56: 0 | AD56: 85 | AE56: 0 | AF56: 0 | AH56: 10 | AI56: 3 | AJ56: 8 | AO56: 85.2 | AP56: 112605.3 | AQ56: 12317
A57: 10 | B57: 2 | C57: 2 | H57: 0 | L57: 10 | M57: 2 | N57: 2 | S57: 0 | T57: 0 | U57: 0 | W57: 10 | X57: 2 | Y57: 2 | Z57: 85 | AA57: 0.01551 | AB57: 0.2 | AC57: 0 | AD57: 85 | AE57: 0 | AF57: 0 | AH57: 10 | AI57: 3 | AJ57: 9 | AO57: 87.7 | AP57: 1627993.5 | AQ57: 103102.6
A58: 10 | B58: 3 | C58: 1 | D58: 0 | E58: 0.064516129 | H58: 0 | L58: 10 | M58: 3 | N58: 1 | O58: 0 | P58: 1e-05 | S58: 0 | T58: 0 | U58: 0 | W58: 10 | X58: 3 | Y58: 1 | Z58: 85 | AA58: 0.01551 | AB58: 0 | AC58: 0 | AD58: 85 | AE58: 0 | AF58: 0 | AH58: 10 | AI58: 3 | AJ58: 10 | AO58: 94.4 | AP58: 4748086 | AQ58: 413813.9
A59: 10 | B59: 3 | C59: 2 | H59: 0 | L59: 10 | M59: 3 | N59: 2 | S59: 0 | T59: 0 | U59: 0 | W59: 10 | X59: 3 | Y59: 2 | Z59: 85 | AA59: 0.01551 | AB59: 0 | AC59: 0 | AD59: 85 | AE59: 0 | AF59: 0 | AH59: 10 | AI59: 3 | AJ59: 11 | AO59: 155.3 | AP59: 6303781 | AQ59: 12773211
A60: 10 | B60: 3 | C60: 3 | H60: 0 | L60: 10 | M60: 3 | N60: 3 | S60: 0 | T60: 0 | U60: 0 | W60: 10 | X60: 3 | Y60: 3 | Z60: 85 | AA60: 0.01551 | AB60: 0 | AC60: 0 | AD60: 85 | AE60: 0 | AF60: 0 | AH60: 10 | AI60: 3 | AJ60: 12 | AO60: 85.3 | AP60: 129424.8 | AQ60: 6228.1
A61: 10 | B61: 3 | C61: 4 | H61: 0 | L61: 10 | M61: 3 | N61: 4 | S61: 0 | T61: 0 | U61: 0 | W61: 10 | X61: 3 | Y61: 4 | Z61: 85 | AA61: 0.01551 | AB61: 0 | AC61: 0 | AD61: 85 | AE61: 0 | AF61: 0 | AH61: 10 | AI61: 3 | AJ61: 13 | AO61: 85.3 | AP61: 113942.3 | AQ61: 5472.5
A62: 10 | B62: 3 | C62: 5 | H62: 0 | L62: 10 | M62: 3 | N62: 5 | S62: 0 | T62: 0 | U62: 0 | W62: 10 | X62: 3 | Y62: 5 | Z62: 85.04 | AA62: 0.01551 | AB62: 0 | AC62: 0 | AD62: 85 | AE62: 0 | AF62: 0 | AH62: 10 | AI62: 3 | AJ62: 14 | AO62: 85.2 | AP62: 71546.7 | AQ62: 3444.9
A63: 10 | B63: 3 | C63: 6 | H63: 0 | I63: 0 | J63: 0 | L63: 10 | M63: 3 | N63: 6 | S63: 0 | T63: 0 | U63: 0 | W63: 10 | X63: 3 | Y63: 6 | Z63: 85.44 | AA63: 0.01551 | AB63: 0 | AC63: 0 | AD63: 85 | AE63: 1022.6 | AF63: 108.5 | AH63: 10 | AI63: 4 | AJ63: 1 | AK63: 85 | AL63: 0.0155 | AO63: 85 | AP63: 0 | AQ63: 0
A64: 10 | B64: 3 | C64: 7 | H64: 0 | I64: 0.00082852101 | J64: 0.0077863428 | L64: 10 | M64: 3 | N64: 7 | S64: 0 | T64: -0.1 | U64: 0.1 | W64: 10 | X64: 3 | Y64: 7 | Z64: 88.8 | AA64: 0.01552 | AB64: 0 | AC64: 0 | AD64: 85 | AE64: 12069.6 | AF64: 1284.4 | AH64: 10 | AI64: 4 | AJ64: 2 | AO64: 85 | AP64: 0 | AQ64: 0
A65: 10 | B65: 3 | C65: 8 | H65: 0 | I65: 0 | J65: 0 | L65: 10 | M65: 3 | N65: 8 | S65: 0 | T65: 0 | U65: 0 | W65: 10 | X65: 3 | Y65: 8 | Z65: 110.85 | AA65: 0.01554 | AB65: 0 | AC65: 0 | AD65: 85.2 | AE65: 112605.3 | AF65: 12317 | AH65: 10 | AI65: 5 | AJ65: 1 | AK65: 85 | AL65: 0.0155
A66: 10 | B66: 3 | C66: 9 | H66: 0 | I66: 1.8427592e-05 | J66: 9.6990765e-05 | L66: 10 | M66: 3 | N66: 9 | S66: 0 | T66: -0.3 | U66: -0.1 | W66: 10 | X66: 3 | Y66: 9 | Z66: 218.35 | AA66: 0.01561 | AB66: 107.8 | AC66: 4.5 | AD66: 87.7 | AE66: 1627993.2 | AF66: 103102.5 | AH66: 20 | AI66: 1 | AJ66: 1 | AK66: 85 | AL66: 0.0155
A67: 10 | B67: 3 | C67: 10 | H67: 0 | I67: 1.0530559e-05 | J67: 0 | L67: 10 | M67: 3 | N67: 10 | S67: 0 | T67: -0.5 | U67: 0 | W67: 10 | X67: 3 | Y67: 10 | Z67: 361.61 | AA67: 0.01563 | AB67: 120.6 | AC67: 5.1 | AD67: 94.4 | AE67: 4748085.5 | AF67: 413813.9 | AH67: 20 | AI67: 2 | AJ67: 1 | AK67: 85 | AL67: 0.0155 | AO67: 85 | AP67: 0 | AQ67: 0
A68: 10 | B68: 3 | C68: 11 | H68: 0 | I68: 2.3795243e-05 | J68: 0 | L68: 10 | M68: 3 | N68: 11 | S68: 0 | T68: -1.5 | U68: 0 | W68: 10 | X68: 3 | Y68: 11 | Z68: 426.96 | AA68: 0.01563 | AB68: 13454 | AC68: 5.1 | AD68: 155.3 | AE68: 6303779.5 | AF68: 12773211 | AH68: 20 | AI68: 2 | AJ68: 2 | AO68: 85 | AP68: 0 | AQ68: 0
A69: 10 | B69: 3 | C69: 12 | H69: 0 | I69: 0 | J69: 0 | L69: 10 | M69: 3 | N69: 12 | S69: 0 | T69: 0 | U69: 0 | W69: 10 | X69: 3 | Y69: 12 | Z69: 92.85 | AA69: 0.0156 | AB69: 120.6 | AC69: 5.1 | AD69: 85.3 | AE69: 129424.8 | AF69: 6228.1 | AH69: 20 | AI69: 3 | AJ69: 1 | AK69: 85 | AL69: 0.0155 | AO69: 85 | AP69: 0 | AQ69: 0
A70: 10 | B70: 3 | C70: 13 | H70: 0 | I70: 0 | J70: 0 | L70: 10 | M70: 3 | N70: 13 | S70: 0 | T70: 0 | U70: 0 | W70: 10 | X70: 3 | Y70: 13 | Z70: 91.63 | AA70: 0.01559 | AB70: 120.6 | AC70: 5.1 | AD70: 85.3 | AE70: 113942.3 | AF70: 5472.5 | AH70: 20 | AI70: 3 | AJ70: 2 | AO70: 85 | AP70: 955.5 | AQ70: 107.4
A71: 10 | B71: 3 | C71: 14 | H71: 0 | I71: 0 | J71: 0 | L71: 10 | M71: 3 | N71: 14 | S71: 0 | T71: 0 | U71: 0 | W71: 10 | X71: 3 | Y71: 14 | Z71: 88.93 | AA71: 0.01556 | AB71: 118.9 | AC71: 5 | AD71: 85.2 | AE71: 71546.7 | AF71: 3444.9 | AH71: 20 | AI71: 3 | AJ71: 3 | AO71: 85 | AP71: 4629 | AQ71: 520.8
A72: 10 | B72: 4 | C72: 1 | D72: 0 | E72: 0.064516129 | H72: 0 | L72: 10 | M72: 4 | N72: 1 | O72: 0 | P72: 1e-05 | S72: 0 | T72: 0 | U72: 0 | W72: 10 | X72: 4 | Y72: 1 | Z72: 85 | AA72: 0.01551 | AB72: 0.2 | AC72: 0 | AD72: 85 | AE72: 0 | AF72: 0 | AH72: 20 | AI72: 3 | AJ72: 4 | AO72: 85 | AP72: 20063.6 | AQ72: 2267.9
A73: 10 | B73: 4 | C73: 2 | H73: 0 | L73: 10 | M73: 4 | N73: 2 | S73: 0 | T73: 0 | U73: 0 | W73: 10 | X73: 4 | Y73: 2 | Z73: 85 | AA73: 0.01551 | AB73: 0.2 | AC73: 0 | AD73: 85 | AE73: 0 | AF73: 0 | AH73: 20 | AI73: 3 | AJ73: 5 | AO73: 85.2 | AP73: 75863.6 | AQ73: 8717.8
A74: 10 | B74: 5 | C74: 1 | D74: 0 | E74: 0.064516129 | L74: 10 | M74: 5 | N74: 1 | O74: 0 | P74: 1e-05 | W74: 10 | X74: 5 | Y74: 1 | Z74: 85 | AA74: 0.01551 | AH74: 20 | AI74: 3 | AJ74: 6 | AO74: 85.6 | AP74: 242225 | AQ74: 29438.4
A75: 10 | B75: 5 | C75: 2 | L75: 10 | M75: 5 | N75: 2 | W75: 10 | X75: 5 | Y75: 2 | Z75: 85 | AA75: 0.01551 | AH75: 20 | AI75: 3 | AJ75: 7 | AO75: 86.8 | AP75: 626047.1 | AQ75: 86225.3
A76: 20 | B76: 1 | C76: 1 | D76: 0.011764706 | E76: 0.064516129 | L76: 20 | M76: 1 | N76: 1 | O76: 0.01 | P76: 1e-05 | W76: 20 | X76: 1 | Y76: 1 | Z76: 85.01 | AA76: 0.01551 | AB76: 0.7 | AC76: 0 | AH76: 20 | AI76: 3 | AJ76: 8 | AO76: 89.2 | AP76: 1213678.9 | AQ76: 201474.9
A77: 20 | B77: 1 | C77: 2 | L77: 20 | M77: 1 | N77: 2 | W77: 20 | X77: 1 | Y77: 2 | Z77: 85.01 | AA77: 0.01551 | AB77: 0.7 | AC77: 0 | AH77: 20 | AI77: 3 | AJ77: 9 | AO77: 99.5 | AP77: 3428360 | AQ77: 315470.3
A78: 20 | B78: 1 | C78: 3 | L78: 20 | M78: 1 | N78: 3 | W78: 20 | X78: 1 | Y78: 3 | Z78: 85.01 | AA78: 0.01551 | AB78: 0.7 | AC78: 0 | AH78: 20 | AI78: 3 | AJ78: 10 | AO78: 105.7 | AP78: 4139638.3 | AQ78: 390669.3
A79: 20 | B79: 1 | C79: 4 | L79: 20 | M79: 1 | N79: 4 | W79: 20 | X79: 1 | Y79: 4 | Z79: 85.01 | AA79: 0.01551 | AB79: 0.7 | AC79: 0 | AH79: 20 | AI79: 3 | AJ79: 11 | AO79: 175.9 | AP79: 3727065.8 | AQ79: 12405838
A80: 20 | B80: 1 | C80: 5 | L80: 20 | M80: 1 | N80: 5 | W80: 20 | X80: 1 | Y80: 5 | Z80: 85.01 | AA80: 0.01551 | AB80: 0.7 | AC80: 0 | AH80: 20 | AI80: 3 | AJ80: 12 | AO80: 85.7 | AP80: 146801.8 | AQ80: 6896.6
A81: 20 | B81: 1 | C81: 6 | L81: 20 | M81: 1 | N81: 6 | W81: 20 | X81: 1 | Y81: 6 | Z81: 85.01 | AA81: 0.01551 | AB81: 0.7 | AC81: 0 | AH81: 20 | AI81: 3 | AJ81: 13 | AO81: 85.5 | AP81: 117016.5 | AQ81: 4833.9
A82: 20 | B82: 1 | C82: 7 | L82: 20 | M82: 1 | N82: 7 | W82: 20 | X82: 1 | Y82: 7 | Z82: 85.01 | AA82: 0.01551 | AB82: 0.7 | AC82: 0 | AH82: 20 | AI82: 3 | AJ82: 14 | AO82: 85.3 | AP82: 72502.9 | AQ82: 2488.6
A83: 20 | B83: 1 | C83: 8 | L83: 20 | M83: 1 | N83: 8 | W83: 20 | X83: 1 | Y83: 8 | Z83: 85.01 | AA83: 0.01551 | AB83: 0.7 | AC83: 0 | AH83: 20 | AI83: 4 | AJ83: 1 | AK83: 85 | AL83: 0.0155 | AO83: 85 | AP83: 0 | AQ83: 0
A84: 20 | B84: 1 | C84: 9 | L84: 20 | M84: 1 | N84: 9 | W84: 20 | X84: 1 | Y84: 9 | Z84: 85.01 | AA84: 0.01551 | AB84: 0.7 | AC84: 0 | AH84: 20 | AI84: 4 | AJ84: 2 | AO84: 85 | AP84: 0 | AQ84: 0
A85: 20 | B85: 1 | C85: 10 | L85: 20 | M85: 1 | N85: 10 | W85: 20 | X85: 1 | Y85: 10 | Z85: 85.01 | AA85: 0.01551 | AB85: 0.7 | AC85: 0 | AH85: 20 | AI85: 5 | AJ85: 1 | AK85: 85 | AL85: 0.0155
A86: 20 | B86: 2 | C86: 1 | D86: 0 | E86: 0.064516129 | H86: 0 | L86: 20 | M86: 2 | N86: 1 | O86: 0 | P86: 1e-05 | S86: 0 | T86: 0 | U86: 0 | W86: 20 | X86: 2 | Y86: 1 | Z86: 85 | AA86: 0.01551 | AB86: 0.1 | AC86: 0 | AD86: 85 | AE86: 0 | AF86: 0 | AH86: 30 | AI86: 1 | AJ86: 1 | AK86: 85 | AL86: 0.0155
A87: 20 | B87: 2 | C87: 2 | H87: 0 | L87: 20 | M87: 2 | N87: 2 | S87: 0 | T87: 0 | U87: 0 | W87: 20 | X87: 2 | Y87: 2 | Z87: 85 | AA87: 0.01551 | AB87: 0.1 | AC87: 0 | AD87: 85 | AE87: 0 | AF87: 0 | AH87: 30 | AI87: 2 | AJ87: 1 | AK87: 85 | AL87: 0.0155 | AO87: 85 | AP87: 0 | AQ87: 0
A88: 20 | B88: 3 | C88: 1 | D88: 0.047058824 | E88: 0.064516129 | H88: 0 | L88: 20 | M88: 3 | N88: 1 | O88: 0.04 | P88: 1e-05 | S88: 0 | T88: 0 | U88: 0 | W88: 20 | X88: 3 | Y88: 1 | Z88: 85.04 | AA88: 0.01551 | AB88: 0 | AC88: 0 | AD88: 85 | AE88: 0 | AF88: 0 | AH88: 30 | AI88: 2 | AJ88: 2 | AO88: 85 | AP88: 0 | AQ88: 0
A89: 20 | B89: 3 | C89: 2 | H89: 0 | I89: 0.010465725 | J89: 0.09310987 | L89: 20 | M89: 3 | N89: 2 | S89: 0 | T89: -0.1 | U89: -0.1 | W89: 20 | X89: 3 | Y89: 2 | Z89: 85.2 | AA89: 0.01551 | AB89: 0 | AC89: 0 | AD89: 85 | AE89: 955.4 | AF89: 107.3 | AH89: 30 | AI89: 3 | AJ89: 1 | AK89: 86.3 | AL89: 0.0155 | AO89: 85 | AP89: 6734.2 | AQ89: 829.4
A90: 20 | B90: 3 | C90: 3 | H90: 0 | I90: 0 | J90: 0 | L90: 20 | M90: 3 | N90: 3 | S90: 0 | T90: 0 | U90: 0 | W90: 20 | X90: 3 | Y90: 3 | Z90: 85.92 | AA90: 0.01551 | AB90: 0 | AC90: 0 | AD90: 85 | AE90: 4629 | AF90: 520.8 | AH90: 30 | AI90: 3 | AJ90: 2 | AO90: 85.1 | AP90: 21899.5 | AQ90: 2710.6
A91: 20 | B91: 3 | C91: 4 | H91: 0 | I91: 0.00099683008 | J91: 0 | L91: 20 | M91: 3 | N91: 4 | S91: 0 | T91: 0.2 | U91: 0 | W91: 20 | X91: 3 | Y91: 4 | Z91: 88.72 | AA91: 0.01551 | AB91: 0 | AC91: 0 | AD91: 85 | AE91: 20063.8 | AF91: 2267.9 | AH91: 30 | AI91: 3 | AJ91: 3 | AO91: 85.2 | AP91: 64143.9 | AQ91: 8049.8
A92: 20 | B92: 3 | C92: 5 | H92: 0 | I92: 0.00013181552 | J92: 0 | L92: 20 | M92: 3 | N92: 5 | S92: 0 | T92: 0.1 | U92: 0 | W92: 20 | X92: 3 | Y92: 5 | Z92: 98.1 | AA92: 0.01552 | AB92: 0 | AC92: 0 | AD92: 85.2 | AE92: 75863.7 | AF92: 8717.8 | AH92: 30 | AI92: 3 | AJ92: 4 | AO92: 85.5 | AP92: 166062.7 | AQ92: 21628.8
A93: 20 | B93: 3 | C93: 6 | H93: 0 | I93: 0.00012385179 | J93: 0 | L93: 20 | M93: 3 | N93: 6 | S93: 0 | T93: 0.3 | U93: 0 | W93: 20 | X93: 3 | Y93: 6 | Z93: 123.88 | AA93: 0.01555 | AB93: 0 | AC93: 0 | AD93: 85.6 | AE93: 242225.3 | AF93: 29438.4 | AH93: 30 | AI93: 3 | AJ93: 5 | AO93: 86.3 | AP93: 371385.6 | AQ93: 52235
A94: 20 | B94: 3 | C94: 7 | H94: 0 | I94: 3.1946478e-05 | J94: 0 | L94: 20 | M94: 3 | N94: 7 | S94: 0 | T94: 0.2 | U94: 0 | W94: 20 | X94: 3 | Y94: 7 | Z94: 177.59 | AA94: 0.01559 | AB94: 0 | AC94: 0 | AD94: 86.8 | AE94: 626047.3 | AF94: 86225.3 | AH94: 30 | AI94: 3 | AJ94: 6 | AO94: 87.8 | AP94: 701173.5 | AQ94: 110574.1
A95: 20 | B95: 3 | C95: 8 | H95: 0 | I95: 4.943647e-05 | J95: 4.9633974e-05 | L95: 20 | M95: 3 | N95: 8 | S95: 0 | T95: 0.6 | U95: -0.1 | W95: 20 | X95: 3 | Y95: 8 | Z95: 250.81 | AA95: 0.01565 | AB95: 0.1 | AC95: 0 | AD95: 89.2 | AE95: 1213679.5 | AF95: 201474.8 | AH95: 30 | AI95: 3 | AJ95: 7 | AO95: 90 | AP95: 1081736.3 | AQ95: 195551.9
A96: 20 | B96: 3 | C96: 9 | H96: 0 | I96: 3.5002158e-05 | J96: 6.339741e-05 | L96: 20 | M96: 3 | N96: 9 | S96: 0 | T96: 1.2 | U96: -0.2 | W96: 20 | X96: 3 | Y96: 9 | Z96: 303.8 | AA96: 0.01571 | AB96: 101.9 | AC96: 4.5 | AD96: 99.5 | AE96: 3428361.2 | AF96: 315470.1 | AH96: 30 | AI96: 3 | AJ96: 8 | AO96: 92.8 | AP96: 1402291.5 | AQ96: 283385.5
A97: 20 | B97: 3 | C97: 10 | H97: 0 | I97: 3.623505e-05 | J97: 2.5597097e-05 | L97: 20 | M97: 3 | N97: 10 | S97: 0 | T97: 1.5 | U97: -0.1 | W97: 20 | X97: 3 | Y97: 10 | Z97: 337.73 | AA97: 0.01569 | AB97: 114 | AC97: 5.1 | AD97: 105.7 | AE97: 4139639.8 | AF97: 390669.2 | AH97: 30 | AI97: 3 | AJ97: 9 | AO97: 105 | AP97: 3296231.8 | AQ97: 353362.8
A98: 20 | B98: 3 | C98: 11 | H98: 0 | I98: 5.3661516e-06 | J98: 0 | L98: 20 | M98: 3 | N98: 11 | S98: 0 | T98: 0.2 | U98: 0 | W98: 20 | X98: 3 | Y98: 11 | Z98: 381.96 | AA98: 0.01566 | AB98: 13447.4 | AC98: 5.1 | AD98: 175.9 | AE98: 3727066 | AF98: 12405838 | AH98: 30 | AI98: 3 | AJ98: 10 | AO98: 112 | AP98: 4158428.8 | AQ98: 460780.1
A99: 20 | B99: 3 | C99: 12 | H99: 0 | I99: 0 | J99: 0 | L99: 20 | M99: 3 | N99: 12 | S99: 0 | T99: 0 | U99: 0 | W99: 20 | X99: 3 | Y99: 12 | Z99: 93.59 | AA99: 0.01562 | AB99: 114 | AC99: 5.1 | AD99: 85.7 | AE99: 146801.8 | AF99: 6896.6 | AH99: 30 | AI99: 3 | AJ99: 11 | AO99: 194.6 | AP99: 3733574.3 | AQ99: 12493318
A100: 20 | B100: 3 | C100: 13 | H100: 0 | I100: 0.00017091607 | J100: 0 | L100: 20 | M100: 3 | N100: 13 | S100: 0 | T100: -0.2 | U100: 0 | W100: 20 | X100: 3 | Y100: 13 | Z100: 91.12 | AA100: 0.01559 | AB100: 114 | AC100: 5.1 | AD100: 85.5 | AE100: 117016.3 | AF100: 4833.9 | AH100: 30 | AI100: 3 | AJ100: 12 | AO100: 85.9 | AP100: 146882.8 | AQ100: 6815.7
...

Sheet TRA
A1: Next-Vis Sheet: TRA
A2: Summary
A3: Percent Error = Absolute value of [(Difference) / (4p2\inferno.PRN)] x 100% | T3: Difference = (4p2\inferno4p2.out) - (4p2\inferno.PRN)
C4: RTE | D4: TYP | E4: Location | F4: Speed | G4: Accel | H4: Drag_KN | I4: Drag_COEFF | J4: Tractive | K4: M_Current | L4: L_Current | M4: FLY | N4: M_Eff | O4: G_Accel | P4: G_Decel | Q4: H_Gen | R4: H_Reject | V4: RTE | W4: TYP | X4: Location | Y4: Speed | Z4: Accel | AA4: Draf_KN | AB4: Draf_COEFF | AC4: Tractive | AD4: M_Current | AE4: L_Current | AF4: FLY | AG4: M_Eff | AH4: G_Accel | AI4: G_Decel | AJ4: H_Gen | AK4: H_Reject
B5: count | C5: 25 | D5: 25 | E5: 25 | F5: 0 | G5: 0 | H5: 24 | I5: 0 | J5: 0 | K5: 0 | L5: 0 | M5: 0 | N5: 0 | O5: 25 | P5: 25 | Q5: 25 | R5: 25 | U5: count | V5: 25 | W5: 25 | X5: 25 | Y5: 25 | Z5: 25 | AA5: 25 | AB5: 25 | AC5: 25 | AD5: 25 | AE5: 25 | AF5: 25 | AG5: 0 | AH5: 25 | AI5: 25 | AJ5: 25 | AK5: 25
B6: mean | C6: 0 | D6: 0 | E6: 0 | H6: 0 | O6: 0 | P6: 0 | Q6: 0 | R6: 0 | U6: mean | V6: 0 | W6: 0 | X6: 0 | Y6: 0 | Z6: 0 | AA6: 0 | AB6: 0 | AC6: 0 | AD6: 0 | AE6: 0 | AF6: 0 | AH6: 0 | AI6: 0 | AJ6: 0 | AK6: 0
B7: std | C7: 0 | D7: 0 | E7: 0 | H7: 0 | O7: 0 | P7: 0 | Q7: 0 | R7: 0 | U7: std | V7: 0 | W7: 0 | X7: 0 | Y7: 0 | Z7: 0 | AA7: 0 | AB7: 0 | AC7: 0 | AD7: 0 | AE7: 0 | AF7: 0 | AH7: 0 | AI7: 0 | AJ7: 0 | AK7: 0
B8: min | C8: 0 | D8: 0 | E8: 0 | H8: 0 | O8: 0 | P8: 0 | Q8: 0 | R8: 0 | U8: min | V8: 0 | W8: 0 | X8: 0 | Y8: 0 | Z8: 0 | AA8: 0 | AB8: 0 | AC8: 0 | AD8: 0 | AE8: 0 | AF8: 0 | AH8: 0 | AI8: 0 | AJ8: 0 | AK8: 0
B9: 25% | C9: 0 | D9: 0 | E9: 0 | H9: 0 | O9: 0 | P9: 0 | Q9: 0 | R9: 0 | U9: 25% | V9: 0 | W9: 0 | X9: 0 | Y9: 0 | Z9: 0 | AA9: 0 | AB9: 0 | AC9: 0 | AD9: 0 | AE9: 0 | AF9: 0 | AH9: 0 | AI9: 0 | AJ9: 0 | AK9: 0
B10: 50% | C10: 0 | D10: 0 | E10: 0 | H10: 0 | O10: 0 | P10: 0 | Q10: 0 | R10: 0 | U10: 50% | V10: 0 | W10: 0 | X10: 0 | Y10: 0 | Z10: 0 | AA10: 0 | AB10: 0 | AC10: 0 | AD10: 0 | AE10: 0 | AF10: 0 | AH10: 0 | AI10: 0 | AJ10: 0 | AK10: 0
B11: 75% | C11: 0 | D11: 0 | E11: 0 | H11: 0 | O11: 0 | P11: 0 | Q11: 0 | R11: 0 | U11: 75% | V11: 0 | W11: 0 | X11: 0 | Y11: 0 | Z11: 0 | AA11: 0 | AB11: 0 | AC11: 0 | AD11: 0 | AE11: 0 | AF11: 0 | AH11: 0 | AI11: 0 | AJ11: 0 | AK11: 0
B12: max | C12: 0 | D12: 0 | E12: 0 | H12: 0 | O12: 0 | P12: 0 | Q12: 0 | R12: 0 | U12: max | V12: 0 | W12: 0 | X12: 0 | Y12: 0 | Z12: 0 | AA12: 0 | AB12: 0 | AC12: 0 | AD12: 0 | AE12: 0 | AF12: 0 | AH12: 0 | AI12: 0 | AJ12: 0 | AK12: 0
A13: Data
A14: Percent Error = Absolute value of [(Difference) / (4p2\inferno.PRN)] x 100% | T14: Difference = (4p2\inferno4p2.out) - (4p2\inferno.PRN) | AM14: 4p2\inferno4p2.out | BF14: 4p2\inferno.PRN
A15: Time | B15: Number | C15: RTE | D15: TYP | E15: Location | F15: Speed | G15: Accel | H15: Drag_KN | I15: Drag_COEFF | J15: Tractive | K15: M_Current | L15: L_Current | M15: FLY | N15: M_Eff | O15: G_Accel | P15: G_Decel | Q15: H_Gen | R15: H_Reject | T15: Time | U15: Number | V15: RTE | W15: TYP | X15: Location | Y15: Speed | Z15: Accel | AA15: Draf_KN | AB15: Draf_COEFF | AC15: Tractive | AD15: M_Current | AE15: L_Current | AF15: FLY | AG15: M_Eff | AH15: G_Accel | AI15: G_Decel | AJ15: H_Gen | AK15: H_Reject | AM15: Time | AN15: Number | AO15: RTE | AP15: TYP | AQ15: Location | AR15: Speed | AS15: Accel | AT15: Draf_KN | AU15: Draf_COEFF | AV15: Tractive | AW15: M_Current | AX15: L_Current | AY15: FLY | AZ15: M_Eff | BA15: G_Accel | BB15: G_Decel | BC15: H_Gen | BD15: H_Reject | BF15: Time | BG15: Number | BH15: RTE | BI15: TYP | BJ15: Location | BK15: Speed | BL15: Accel | BM15: Draf_KN | BN15: Draf_COEFF | BO15: Tractive | BP15: M_Current | BQ15: L_Current | BR15: FLY | BS15: M_Eff | BT15: G_Accel | BU15: G_Decel | BV15: H_Gen | BW15: H_Reject
A16: 0 | B16: 1 | C16: 0 | D16: 0 | E16: 0 | O16: 0 | P16: 0 | Q16: 0 | R16: 0 | T16: 0 | U16: 1 | V16: 0 | W16: 0 | X16: 0 | Y16: 0 | Z16: 0 | AA16: 0 | AB16: 0 | AC16: 0 | AD16: 0 | AE16: 0 | AF16: 0 | AH16: 0 | AI16: 0 | AJ16: 0 | AK16: 0 | AM16: 0 | AN16: 1 | AO16: 1 | AP16: 1 | AQ16: 4499 | AR16: 0 | AS16: 0 | AT16: 0 | AU16: 0 | AV16: 0 | AW16: 0 | AX16: 0 | AY16: 0 | BA16: 85 | BB16: 1200 | BC16: 0.49 | BD16: 0.49 | BF16: 0 | BG16: 1 | BH16: 1 | BI16: 1 | BJ16: 4499 | BK16: 0 | BL16: 0 | BM16: 0 | BN16: 0 | BO16: 0 | BP16: 0 | BQ16: 0 | BR16: 0 | BT16: 85 | BU16: 1200 | BV16: 0.49 | BW16: 0.49
A17: 10 | B17: 1 | C17: 0 | D17: 0 | E17: 0 | H17: 0 | O17: 0 | P17: 0 | Q17: 0 | R17: 0 | T17: 10 | U17: 1 | V17: 0 | W17: 0 | X17: 0 | Y17: 0 | Z17: 0 | AA17: 0 | AB17: 0 | AC17: 0 | AD17: 0 | AE17: 0 | AF17: 0 | AH17: 0 | AI17: 0 | AJ17: 0 | AK17: 0 | AM17: 10 | AN17: 1 | AO17: 1 | AP17: 1 | AQ17: 4499 | AR17: 0 | AS17: 0 | AT17: 402 | AU17: 0 | AV17: 0 | AW17: 0 | AX17: 0 | AY17: 0 | BA17: 85 | BB17: 1152.5 | BC17: 0.49 | BD17: 1.687 | BF17: 10 | BG17: 1 | BH17: 1 | BI17: 1 | BJ17: 4499 | BK17: 0 | BL17: 0 | BM17: 402 | BN17: 0 | BO17: 0 | BP17: 0 | BQ17: 0 | BR17: 0 | BT17: 85 | BU17: 1152.5 | BV17: 0.49 | BW17: 1.687
A18: 20 | B18: 1 | C18: 0 | D18: 0 | E18: 0 | H18: 0 | O18: 0 | P18: 0 | Q18: 0 | R18: 0 | T18: 20 | U18: 1 | V18: 0 | W18: 0 | X18: 0 | Y18: 0 | Z18: 0 | AA18: 0 | AB18: 0 | AC18: 0 | AD18: 0 | AE18: 0 | AF18: 0 | AH18: 0 | AI18: 0 | AJ18: 0 | AK18: 0 | AM18: 20 | AN18: 1 | AO18: 1 | AP18: 1 | AQ18: 4499 | AR18: 0 | AS18: 0 | AT18: 237 | AU18: 0 | AV18: 0 | AW18: 0 | AX18: 0 | AY18: 0 | BA18: 85 | BB18: 1102.8 | BC18: 0.49 | BD18: 1.595 | BF18: 20 | BG18: 1 | BH18: 1 | BI18: 1 | BJ18: 4499 | BK18: 0 | BL18: 0 | BM18: 237 | BN18: 0 | BO18: 0 | BP18: 0 | BQ18: 0 | BR18: 0 | BT18: 85 | BU18: 1102.8 | BV18: 0.49 | BW18: 1.595
A19: 30 | B19: 1 | C19: 0 | D19: 0 | E19: 0 | H19: 0 | O19: 0 | P19: 0 | Q19: 0 | R19: 0 | T19: 30 | U19: 1 | V19: 0 | W19: 0 | X19: 0 | Y19: 0 | Z19: 0 | AA19: 0 | AB19: 0 | AC19: 0 | AD19: 0 | AE19: 0 | AF19: 0 | AH19: 0 | AI19: 0 | AJ19: 0 | AK19: 0 | AM19: 30 | AN19: 1 | AO19: 1 | AP19: 1 | AQ19: 4499 | AR19: 0 | AS19: 0 | AT19: 200 | AU19: 0 | AV19: 0 | AW19: 0 | AX19: 0 | AY19: 0 | BA19: 85 | BB19: 1059.2 | BC19: 0.49 | BD19: 1.463 | BF19: 30 | BG19: 1 | BH19: 1 | BI19: 1 | BJ19: 4499 | BK19: 0 | BL19: 0 | BM19: 200 | BN19: 0 | BO19: 0 | BP19: 0 | BQ19: 0 | BR19: 0 | BT19: 85 | BU19: 1059.2 | BV19: 0.49 | BW19: 1.463
A20: 40 | B20: 1 | C20: 0 | D20: 0 | E20: 0 | H20: 0 | O20: 0 | P20: 0 | Q20: 0 | R20: 0 | T20: 40 | U20: 1 | V20: 0 | W20: 0 | X20: 0 | Y20: 0 | Z20: 0 | AA20: 0 | AB20: 0 | AC20: 0 | AD20: 0 | AE20: 0 | AF20: 0 | AH20: 0 | AI20: 0 | AJ20: 0 | AK20: 0 | AM20: 40 | AN20: 1 | AO20: 1 | AP20: 1 | AQ20: 4499 | AR20: 0 | AS20: 0 | AT20: 182 | AU20: 0 | AV20: 0 | AW20: 0 | AX20: 0 | AY20: 0 | BA20: 85 | BB20: 1020.3 | BC20: 0.49 | BD20: 1.367 | BF20: 40 | BG20: 1 | BH20: 1 | BI20: 1 | BJ20: 4499 | BK20: 0 | BL20: 0 | BM20: 182 | BN20: 0 | BO20: 0 | BP20: 0 | BQ20: 0 | BR20: 0 | BT20: 85 | BU20: 1020.3 | BV20: 0.49 | BW20: 1.367
A21: 50 | B21: 1 | C21: 0 | D21: 0 | E21: 0 | H21: 0 | O21: 0 | P21: 0 | Q21: 0 | R21: 0 | T21: 50 | U21: 1 | V21: 0 | W21: 0 | X21: 0 | Y21: 0 | Z21: 0 | AA21: 0 | AB21: 0 | AC21: 0 | AD21: 0 | AE21: 0 | AF21: 0 | AH21: 0 | AI21: 0 | AJ21: 0 | AK21: 0 | AM21: 50 | AN21: 1 | AO21: 1 | AP21: 1 | AQ21: 4499 | AR21: 0 | AS21: 0 | AT21: 172 | AU21: 0 | AV21: 0 | AW21: 0 | AX21: 0 | AY21: 0 | BA21: 85 | BB21: 984.9 | BC21: 0.49 | BD21: 1.293 | BF21: 50 | BG21: 1 | BH21: 1 | BI21: 1 | BJ21: 4499 | BK21: 0 | BL21: 0 | BM21: 172 | BN21: 0 | BO21: 0 | BP21: 0 | BQ21: 0 | BR21: 0 | BT21: 85 | BU21: 984.9 | BV21: 0.49 | BW21: 1.293
A22: 60 | B22: 1 | C22: 0 | D22: 0 | E22: 0 | H22: 0 | O22: 0 | P22: 0 | Q22: 0 | R22: 0 | T22: 60 | U22: 1 | V22: 0 | W22: 0 | X22: 0 | Y22: 0 | Z22: 0 | AA22: 0 | AB22: 0 | AC22: 0 | AD22: 0 | AE22: 0 | AF22: 0 | AH22: 0 | AI22: 0 | AJ22: 0 | AK22: 0 | AM22: 60 | AN22: 1 | AO22: 1 | AP22: 1 | AQ22: 4499 | AR22: 0 | AS22: 0 | AT22: 166 | AU22: 0 | AV22: 0 | AW22: 0 | AX22: 0 | AY22: 0 | BA22: 85 | BB22: 952.3 | BC22: 0.49 | BD22: 1.233 | BF22: 60 | BG22: 1 | BH22: 1 | BI22: 1 | BJ22: 4499 | BK22: 0 | BL22: 0 | BM22: 166 | BN22: 0 | BO22: 0 | BP22: 0 | BQ22: 0 | BR22: 0 | BT22: 85 | BU22: 952.3 | BV22: 0.49 | BW22: 1.233
A23: 70 | B23: 1 | C23: 0 | D23: 0 | E23: 0 | H23: 0 | O23: 0 | P23: 0 | Q23: 0 | R23: 0 | T23: 70 | U23: 1 | V23: 0 | W23: 0 | X23: 0 | Y23: 0 | Z23: 0 | AA23: 0 | AB23: 0 | AC23: 0 | AD23: 0 | AE23: 0 | AF23: 0 | AH23: 0 | AI23: 0 | AJ23: 0 | AK23: 0 | AM23: 70 | AN23: 1 | AO23: 1 | AP23: 1 | AQ23: 4499 | AR23: 0 | AS23: 0 | AT23: 161 | AU23: 0 | AV23: 0 | AW23: 0 | AX23: 0 | AY23: 0 | BA23: 85 | BB23: 922 | BC23: 0.49 | BD23: 1.182 | BF23: 70 | BG23: 1 | BH23: 1 | BI23: 1 | BJ23: 4499 | BK23: 0 | BL23: 0 | BM23: 161 | BN23: 0 | BO23: 0 | BP23: 0 | BQ23: 0 | BR23: 0 | BT23: 85 | BU23: 922 | BV23: 0.49 | BW23: 1.182
A24: 80 | B24: 1 | C24: 0 | D24: 0 | E24: 0 | H24: 0 | O24: 0 | P24: 0 | Q24: 0 | R24: 0 | T24: 80 | U24: 1 | V24: 0 | W24: 0 | X24: 0 | Y24: 0 | Z24: 0 | AA24: 0 | AB24: 0 | AC24: 0 | AD24: 0 | AE24: 0 | AF24: 0 | AH24: 0 | AI24: 0 | AJ24: 0 | AK24: 0 | AM24: 80 | AN24: 1 | AO24: 1 | AP24: 1 | AQ24: 4499 | AR24: 0 | AS24: 0 | AT24: 157 | AU24: 0 | AV24: 0 | AW24: 0 | AX24: 0 | AY24: 0 | BA24: 85 | BB24: 893.8 | BC24: 0.49 | BD24: 1.136 | BF24: 80 | BG24: 1 | BH24: 1 | BI24: 1 | BJ24: 4499 | BK24: 0 | BL24: 0 | BM24: 157 | BN24: 0 | BO24: 0 | BP24: 0 | BQ24: 0 | BR24: 0 | BT24: 85 | BU24: 893.8 | BV24: 0.49 | BW24: 1.136
A25: 90 | B25: 1 | C25: 0 | D25: 0 | E25: 0 | H25: 0 | O25: 0 | P25: 0 | Q25: 0 | R25: 0 | T25: 90 | U25: 1 | V25: 0 | W25: 0 | X25: 0 | Y25: 0 | Z25: 0 | AA25: 0 | AB25: 0 | AC25: 0 | AD25: 0 | AE25: 0 | AF25: 0 | AH25: 0 | AI25: 0 | AJ25: 0 | AK25: 0 | AM25: 90 | AN25: 1 | AO25: 1 | AP25: 1 | AQ25: 4499 | AR25: 0 | AS25: 0 | AT25: 153 | AU25: 0 | AV25: 0 | AW25: 0 | AX25: 0 | AY25: 0 | BA25: 85 | BB25: 867.3 | BC25: 0.49 | BD25: 1.096 | BF25: 90 | BG25: 1 | BH25: 1 | BI25: 1 | BJ25: 4499 | BK25: 0 | BL25: 0 | BM25: 153 | BN25: 0 | BO25: 0 | BP25: 0 | BQ25: 0 | BR25: 0 | BT25: 85 | BU25: 867.3 | BV25: 0.49 | BW25: 1.096
A26: 100 | B26: 1 | C26: 0 | D26: 0 | E26: 0 | H26: 0 | O26: 0 | P26: 0 | Q26: 0 | R26: 0 | T26: 100 | U26: 1 | V26: 0 | W26: 0 | X26: 0 | Y26: 0 | Z26: 0 | AA26: 0 | AB26: 0 | AC26: 0 | AD26: 0 | AE26: 0 | AF26: 0 | AH26: 0 | AI26: 0 | AJ26: 0 | AK26: 0 | AM26: 100 | AN26: 1 | AO26: 1 | AP26: 1 | AQ26: 4499 | AR26: 0 | AS26: 0 | AT26: 149 | AU26: 0 | AV26: 0 | AW26: 0 | AX26: 0 | AY26: 0 | BA26: 85 | BB26: 842.5 | BC26: 0.49 | BD26: 1.059 | BF26: 100 | BG26: 1 | BH26: 1 | BI26: 1 | BJ26: 4499 | BK26: 0 | BL26: 0 | BM26: 149 | BN26: 0 | BO26: 0 | BP26: 0 | BQ26: 0 | BR26: 0 | BT26: 85 | BU26: 842.5 | BV26: 0.49 | BW26: 1.059
A27: 120 | B27: 1 | C27: 0 | D27: 0 | E27: 0 | H27: 0 | O27: 0 | P27: 0 | Q27: 0 | R27: 0 | T27: 120 | U27: 1 | V27: 0 | W27: 0 | X27: 0 | Y27: 0 | Z27: 0 | AA27: 0 | AB27: 0 | AC27: 0 | AD27: 0 | AE27: 0 | AF27: 0 | AH27: 0 | AI27: 0 | AJ27: 0 | AK27: 0 | AM27: 120 | AN27: 1 | AO27: 1 | AP27: 1 | AQ27: 4499 | AR27: 0 | AS27: 0 | AT27: 143 | AU27: 0 | AV27: 0 | AW27: 0 | AX27: 0 | AY27: 0 | BA27: 85 | BB27: 797.1 | BC27: 0.49 | BD27: 0.996 | BF27: 120 | BG27: 1 | BH27: 1 | BI27: 1 | BJ27: 4499 | BK27: 0 | BL27: 0 | BM27: 143 | BN27: 0 | BO27: 0 | BP27: 0 | BQ27: 0 | BR27: 0 | BT27: 85 | BU27: 797.1 | BV27: 0.49 | BW27: 0.996
A28: 140 | B28: 1 | C28: 0 | D28: 0 | E28: 0 | H28: 0 | O28: 0 | P28: 0 | Q28: 0 | R28: 0 | T28: 140 | U28: 1 | V28: 0 | W28: 0 | X28: 0 | Y28: 0 | Z28: 0 | AA28: 0 | AB28: 0 | AC28: 0 | AD28: 0 | AE28: 0 | AF28: 0 | AH28: 0 | AI28: 0 | AJ28: 0 | AK28: 0 | AM28: 140 | AN28: 1 | AO28: 1 | AP28: 1 | AQ28: 4499 | AR28: 0 | AS28: 0 | AT28: 139 | AU28: 0 | AV28: 0 | AW28: 0 | AX28: 0 | AY28: 0 | BA28: 85 | BB28: 756.7 | BC28: 0.49 | BD28: 0.942 | BF28: 140 | BG28: 1 | BH28: 1 | BI28: 1 | BJ28: 4499 | BK28: 0 | BL28: 0 | BM28: 139 | BN28: 0 | BO28: 0 | BP28: 0 | BQ28: 0 | BR28: 0 | BT28: 85 | BU28: 756.7 | BV28: 0.49 | BW28: 0.942
... A40: 500 | B40: 1 | C40: 0 | D40: 0 | E40: 0 | H40: 0 | O40: 0 | P40: 0 | Q40: 0 | R40: 0 | T40: 500 | U40: 1 | V40: 0 | W40: 0 | X40: 0 | Y40: 0 | Z40: 0 | AA40: 0 | AB40: 0 | AC40: 0 | AD40: 0 | AE40: 0 | AF40: 0 | AH40: 0 | AI40: 0 | AJ40: 0 | AK40: 0 | AM40: 500 | AN40: 1 | AO40: 1 | AP40: 1 | AQ40: 4499 | AR40: 0 | AS40: 0 | AT40: 123 | AU40: 0 | AV40: 0 | AW40: 0 | AX40: 0 | AY40: 0 | BA40: 85 | BB40: 414.4 | BC40: 0.49 | BD40: 0.591 | BF40: 500 | BG40: 1 | BH40: 1 | BI40: 1 | BJ40: 4499 | BK40: 0 | BL40: 0 | BM40: 123 | BN40: 0 | BO40: 0 | BP40: 0 | BQ40: 0 | BR40: 0 | BT40: 85 | BU40: 414.4 | BV40: 0.49 | BW40: 0.591
