Workbook

Sheet Summary
A1: Percent Error = Absolute value of [(Difference) / (4p2\normal.PRN)] x 100%
B3: Sheet | C3: SSA | E3: SST | I3: TRA | Y3: SEG | AO3: SUB | BL3: TES | BP3: HAS | BV3: ECS
B4: Column | C4: =SSA!C4 -> Airflow | D4: =SSA!D4 -> AirVel | E4: =SST!D4 -> AirTemp | F4: =SST!E4 -> Humidity | G4: =SST!F4 -> Sensible | H4: =SST!G4 -> Latent | I4: =TRA!C4 -> RTE | J4: =TRA!D4 -> TYP | K4: =TRA!E4 -> Location | L4: =TRA!F4 -> Speed | M4: =TRA!G4 -> Accel | N4: =TRA!H4 -> Drag_KN | O4: =TRA!I4 -> Drag_COEFF | P4: =TRA!J4 -> Tractive | ... X4: =TRA!R4 -> H_Reject | Y4: =SEG!V4 -> A_Max | Z4: =SEG!W4 -> A_Max_T | AA4: =SEG!X4 -> A_Min | AB4: =SEG!Y4 -> A_Min_T | AC4: =SEG!Z4 -> A_P | AD4: =SEG!AA4 -> A_N | AE4: =SEG!AB4 -> V_Max | AF4: =SEG!AC4 -> V_Max_T | ... AN4: =SEG!AK4 -> V_EP | AO4: =SUB!D4 -> T_Max | AP4: =SUB!E4 -> T_Max_T | AQ4: =SUB!F4 -> T_Min | AR4: =SUB!G4 -> T_Min_T | AS4: =SUB!H4 -> T_P | AT4: =SUB!I4 -> T_N | AU4: =SUB!J4 -> W_Max | AV4: =SUB!K4 -> W_Max_T | ... AY4: =SUB!N4 -> W_A | AZ4: =PER!D4 -> TAP_1 | BA4: =PER!E4 -> TAP_2 | BB4: =PER!F4 -> TAP_3 | BC4: =PER!G4 -> TAP_4 | BD4: =PER!H4 -> TAP_5 | BE4: =PER!I4 -> TAP_6 | BF4: =PER!J4 -> TA_1 | BG4: =PER!K4 -> TA_2 | ... BK4: =PER!O4 -> TA_6 | BL4: =TES!C4 -> ET | BM4: =TES!D4 -> EF | BN4: =TES!E4 -> EA | BO4: =TES!F4 -> ER | BP4: =HSA!E4 -> MWT | BQ4: =HSA!F4 -> EWT | BR4: =HSA!G4 -> MAT | BS4: =HSA!H4 -> EAT | BT4: =HSA!I4 -> MH | BU4: =HSA!J4 -> EH | BV4: TM_S | BW4: TM_L | BX4: SS_S | BY4: SS_L | BZ4: HS_S | CA4: A_S | CB4: A_L | CC4: EC_S | CD4: EC_L | CE4: TR_S | CF4: TR_L | CG4: TR_T
B5: =SSA!B5 -> count | C5: =SSA!C5 -> 288 | D5: =SSA!D5 -> 288 | E5: =SST!D5 -> 418 | F5: =SST!E5 -> 418 | G5: =SST!F5 -> 210 | H5: =SST!G5 -> 179 | I5: =TRA!C5 -> 41 | J5: =TRA!D5 -> 41 | K5: =TRA!E5 -> 41 | L5: =TRA!F5 -> 35 | M5: =TRA!G5 -> 32 | N5: =TRA!H5 -> 33 | O5: =TRA!I5 -> 33 | P5: =TRA!J5 -> 20 | ... X5: =TRA!R5 -> 41 | Y5: =SEG!V5 -> 72 | Z5: =SEG!W5 -> 72 | AA5: =SEG!X5 -> 72 | AB5: =SEG!Y5 -> 72 | AC5: =SEG!Z5 -> 72 | AD5: =SEG!AA5 -> 72 | AE5: =SEG!AB5 -> 72 | AF5: =SEG!AC5 -> 72 | ... AN5: =SEG!AK5 -> 72 | AO5: =SUB!D5 -> 136 | AP5: =SUB!E5 -> 136 | AQ5: =SUB!F5 -> 136 | AR5: =SUB!G5 -> 136 | AS5: =SUB!H5 -> 96 | AT5: =SUB!I5 -> 116 | AU5: =SUB!J5 -> 136 | AV5: =SUB!K5 -> 136 | ... AY5: =SUB!N5 -> 136 | AZ5: =PER!D5 -> 40 | BA5: =PER!E5 -> 40 | BB5: =PER!F5 -> 40 | BC5: =PER!G5 -> 25 | BD5: =PER!H5 -> 15 | BE5: =PER!I5 -> 12 | BF5: =PER!J5 -> 40 | BG5: =PER!K5 -> 40 | ... BK5: =PER!O5 -> 40 | BL5: =TES!C5 -> 20 | BM5: =TES!D5 -> 12 | BN5: =TES!E5 -> 24 | BO5: =TES!F5 -> 12 | BP5: =HSA!E5 -> 72 | BQ5: =HSA!F5 -> 72 | BR5: =HSA!G5 -> 72 | BS5: =HSA!H5 -> 72 | BT5: =HSA!I5 -> 72 | BU5: =HSA!J5 -> 72 | BV5: 30 | BW5: 19 | BX5: 30 | BY5: 18 | BZ5: 30 | CA5: 30 | CB5: 30 | CC5: 20 | CD5: 20 | CE5: 30 | CF5: 30 | CG5: 30
B6: Mean | C6: =SSA!C6 -> 0.00036919344 | D6: =SSA!D6 -> 0.00011838846 | E6: =SST!D6 -> 0.01279533 | F6: =SST!E6 -> 0.058289486 | G6: =SST!F6 -> 0 | H6: =SST!G6 -> 0.00040133565 | I6: =TRA!C6 -> 0 | J6: =TRA!D6 -> 0 | K6: =TRA!E6 -> 0 | L6: =TRA!F6 -> 0 | M6: =TRA!G6 -> 0 | N6: =TRA!H6 -> 0 | O6: =TRA!I6 -> 0 | P6: =TRA!J6 -> 0 | ... X6: =TRA!R6 -> 0.0015485869 | Y6: =SEG!V6 -> 5.5555556e-05 | Z6: =SEG!W6 -> 0 | AA6: =SEG!X6 -> 0.00022222222 | AB6: =SEG!Y6 -> 0 | AC6: =SEG!Z6 -> 8.3333333e-05 | AD6: =SEG!AA6 -> 5.5555556e-05 | AE6: =SEG!AB6 -> 0 | AF6: =SEG!AC6 -> 0 | ... AN6: =SEG!AK6 -> 0 | AO6: =SUB!D6 -> 0 | AP6: =SUB!E6 -> 0.0004543761 | AQ6: =SUB!F6 -> 0 | AR6: =SUB!G6 -> 0.0071124842 | AS6: =SUB!H6 -> 0 | AT6: =SUB!I6 -> 0 | AU6: =SUB!J6 -> 0 | AV6: =SUB!K6 -> 0.0091908434 | ... AY6: =SUB!N6 -> 0 | AZ6: =PER!D6 -> 0 | BA6: =PER!E6 -> 0 | BB6: =PER!F6 -> 0 | BC6: =PER!G6 -> 0 | BD6: =PER!H6 -> 0 | BE6: =PER!I6 -> 0 | BF6: =PER!J6 -> 0 | BG6: =PER!K6 -> 0 | ... BK6: =PER!O6 -> 0 | BL6: =TES!C6 -> 0 | BM6: =TES!D6 -> 0 | BN6: =TES!E6 -> 0 | BO6: =TES!F6 -> 0 | BP6: =HSA!E6 -> 0 | BQ6: =HSA!F6 -> 0 | BR6: =HSA!G6 -> 0 | BS6: =HSA!H6 -> 0 | BT6: =HSA!I6 -> 0 | BU6: =HSA!J6 -> 0 | BV6: 0.00010555917 | BW6: 5.2637221 | BX6: 5.5096419e-05 | BY6: 0 | BZ6: 0 | CA6: 0.0065489111 | CB6: 0.060351291 | CC6: 0.001882517 | CD6: 0.0025308158 | CE6: 0.0022340321 | CF6: 0.0020818705 | CG6: 0.0042988381
B7: =SSA!B7 -> std | C7: =SSA!C7 -> 0.0011293255 | D7: =SSA!D7 -> 0.0014579093 | E7: =SST!D7 -> 0.018097983 | F7: =SST!E7 -> 0.092496412 | G7: =SST!F7 -> 0 | H7: =SST!G7 -> 0.005369505 | I7: =TRA!C7 -> 0 | J7: =TRA!D7 -> 0 | K7: =TRA!E7 -> 0 | L7: =TRA!F7 -> 0 | M7: =TRA!G7 -> 0 | N7: =TRA!H7 -> 0 | O7: =TRA!I7 -> 0 | P7: =TRA!J7 -> 0 | ... X7: =TRA!R7 -> 0.0099157944 | Y7: =SEG!V7 -> 0.00028526681 | Z7: =SEG!W7 -> 0 | AA7: =SEG!X7 -> 0.00053660965 | AB7: =SEG!Y7 -> 0 | AC7: =SEG!Z7 -> 0.00032501354 | AD7: =SEG!AA7 -> 0.00023066889 | AE7: =SEG!AB7 -> 0 | AF7: =SEG!AC7 -> 0 | ... AN7: =SEG!AK7 -> 0 | AO7: =SUB!D7 -> 0 | AP7: =SUB!E7 -> 0.0052988903 | AQ7: =SUB!F7 -> 0 | AR7: =SUB!G7 -> 0.055463386 | AS7: =SUB!H7 -> 0 | AT7: =SUB!I7 -> 0 | AU7: =SUB!J7 -> 0 | AV7: =SUB!K7 -> 0.057993532 | ... AY7: =SUB!N7 -> 0 | AZ7: =PER!D7 -> 0 | BA7: =PER!E7 -> 0 | BB7: =PER!F7 -> 0 | BC7: =PER!G7 -> 0 | BD7: =PER!H7 -> 0 | BE7: =PER!I7 -> 0 | BF7: =PER!J7 -> 0 | BG7: =PER!K7 -> 0 | ... BK7: =PER!O7 -> 0 | BL7: =TES!C7 -> 0 | BM7: =TES!D7 -> 0 | BN7: =TES!E7 -> 0 | BO7: =TES!F7 -> 0 | BP7: =HSA!E7 -> 0 | BQ7: =HSA!F7 -> 0 | BR7: =HSA!G7 -> 0 | BS7: =HSA!H7 -> 0 | BT7: =HSA!I7 -> 0 | BU7: =HSA!J7 -> 0 | BV7: 0.00012366219 | BW7: 22.941437 | BX7: 0.00030177551 | BY7: 0 | BZ7: 0 | CA7: 0.011433685 | CB7: 0.31429021 | CC7: 0.003728484 | CD7: 0.00372746 | CE7: 0.0046333855 | CF7: 0.0031399214 | CG7: 0.01234051
B8: =SSA!B8 -> min | C8: =SSA!C8 -> 0 | D8: =SSA!D8 -> 0 | E8: =SST!D8 -> 0 | F8: =SST!E8 -> 0 | G8: =SST!F8 -> 0 | H8: =SST!G8 -> 0 | I8: =TRA!C8 -> 0 | J8: =TRA!D8 -> 0 | K8: =TRA!E8 -> 0 | L8: =TRA!F8 -> 0 | M8: =TRA!G8 -> 0 | N8: =TRA!H8 -> 0 | O8: =TRA!I8 -> 0 | P8: =TRA!J8 -> 0 | ... X8: =TRA!R8 -> 0 | Y8: =SEG!V8 -> -0.001 | Z8: =SEG!W8 -> 0 | AA8: =SEG!X8 -> -0.001 | AB8: =SEG!Y8 -> 0 | AC8: =SEG!Z8 -> -0.001 | AD8: =SEG!AA8 -> 0 | AE8: =SEG!AB8 -> 0 | AF8: =SEG!AC8 -> 0 | ... AN8: =SEG!AK8 -> 0 | AO8: =SUB!D8 -> 0 | AP8: =SUB!E8 -> 0 | AQ8: =SUB!F8 -> 0 | AR8: =SUB!G8 -> 0 | AS8: =SUB!H8 -> 0 | AT8: =SUB!I8 -> 0 | AU8: =SUB!J8 -> 0 | AV8: =SUB!K8 -> 0 | ... AY8: =SUB!N8 -> 0 | AZ8: =PER!D8 -> 0 | BA8: =PER!E8 -> 0 | BB8: =PER!F8 -> 0 | BC8: =PER!G8 -> 0 | BD8: =PER!H8 -> 0 | BE8: =PER!I8 -> 0 | BF8: =PER!J8 -> 0 | BG8: =PER!K8 -> 0 | ... BK8: =PER!O8 -> 0 | BL8: =TES!C8 -> 0 | BM8: =TES!D8 -> 0 | BN8: =TES!E8 -> 0 | BO8: =TES!F8 -> 0 | BP8: =HSA!E8 -> 0 | BQ8: =HSA!F8 -> 0 | BR8: =HSA!G8 -> 0 | BS8: =HSA!H8 -> 0 | BT8: =HSA!I8 -> 0 | BU8: =HSA!J8 -> 0 | BV8: 0 | BW8: 0 | BX8: 0 | BY8: 0 | BZ8: 0 | CA8: 0 | CB8: 0 | CC8: 0 | CD8: 0 | CE8: 0 | CF8: 0 | CG8: 0
B9: =SSA!B9 -> 25% | C9: =SSA!C9 -> 0 | D9: =SSA!D9 -> 0 | E9: =SST!D9 -> 0 | F9: =SST!E9 -> 0 | G9: =SST!F9 -> 0 | H9: =SST!G9 -> 0 | I9: =TRA!C9 -> 0 | J9: =TRA!D9 -> 0 | K9: =TRA!E9 -> 0 | L9: =TRA!F9 -> 0 | M9: =TRA!G9 -> 0 | N9: =TRA!H9 -> 0 | O9: =TRA!I9 -> 0 | P9: =TRA!J9 -> 0 | ... X9: =TRA!R9 -> 0 | Y9: =SEG!V9 -> 0 | Z9: =SEG!W9 -> 0 | AA9: =SEG!X9 -> 0 | AB9: =SEG!Y9 -> 0 | AC9: =SEG!Z9 -> 0 | AD9: =SEG!AA9 -> 0 | AE9: =SEG!AB9 -> 0 | AF9: =SEG!AC9 -> 0 | ... AN9: =SEG!AK9 -> 0 | AO9: =SUB!D9 -> 0 | AP9: =SUB!E9 -> 0 | AQ9: =SUB!F9 -> 0 | AR9: =SUB!G9 -> 0 | AS9: =SUB!H9 -> 0 | AT9: =SUB!I9 -> 0 | AU9: =SUB!J9 -> 0 | AV9: =SUB!K9 -> 0 | ... AY9: =SUB!N9 -> 0 | AZ9: =PER!D9 -> 0 | BA9: =PER!E9 -> 0 | BB9: =PER!F9 -> 0 | BC9: =PER!G9 -> 0 | BD9: =PER!H9 -> 0 | BE9: =PER!I9 -> 0 | BF9: =PER!J9 -> 0 | BG9: =PER!K9 -> 0 | ... BK9: =PER!O9 -> 0 | BL9: =TES!C9 -> 0 | BM9: =TES!D9 -> 0 | BN9: =TES!E9 -> 0 | BO9: =TES!F9 -> 0 | BP9: =HSA!E9 -> 0 | BQ9: =HSA!F9 -> 0 | BR9: =HSA!G9 -> 0 | BS9: =HSA!H9 -> 0 | BT9: =HSA!I9 -> 0 | BU9: =HSA!J9 -> 0 | BV9: 0 | BW9: 0 | BX9: 0 | BY9: 0 | BZ9: 0 | CA9: 0.00025477603 | CB9: 0.00046895924 | CC9: 3.7353072e-05 | CD9: 0.00058525513 | CE9: 0.00010724572 | CF9: 0.00051731801 | CG9: 0.00022455074
B10: =SSA!B10 -> 50% | C10: =SSA!C10 -> 6.1007583e-05 | D10: =SSA!D10 -> 0 | E10: =SST!D10 -> 0 | F10: =SST!E10 -> 0 | G10: =SST!F10 -> 0 | H10: =SST!G10 -> 0 | I10: =TRA!C10 -> 0 | J10: =TRA!D10 -> 0 | K10: =TRA!E10 -> 0 | L10: =TRA!F10 -> 0 | M10: =TRA!G10 -> 0 | N10: =TRA!H10 -> 0 | O10: =TRA!I10 -> 0 | P10: =TRA!J10 -> 0 | ... X10: =TRA!R10 -> 0 | Y10: =SEG!V10 -> 0 | Z10: =SEG!W10 -> 0 | AA10: =SEG!X10 -> 0 | AB10: =SEG!Y10 -> 0 | AC10: =SEG!Z10 -> 0 | AD10: =SEG!AA10 -> 0 | AE10: =SEG!AB10 -> 0 | AF10: =SEG!AC10 -> 0 | ... AN10: =SEG!AK10 -> 0 | AO10: =SUB!D10 -> 0 | AP10: =SUB!E10 -> 0 | AQ10: =SUB!F10 -> 0 | AR10: =SUB!G10 -> 0 | AS10: =SUB!H10 -> 0 | AT10: =SUB!I10 -> 0 | AU10: =SUB!J10 -> 0 | AV10: =SUB!K10 -> 0 | ... AY10: =SUB!N10 -> 0 | AZ10: =PER!D10 -> 0 | BA10: =PER!E10 -> 0 | BB10: =PER!F10 -> 0 | BC10: =PER!G10 -> 0 | BD10: =PER!H10 -> 0 | BE10: =PER!I10 -> 0 | BF10: =PER!J10 -> 0 | BG10: =PER!K10 -> 0 | ... BK10: =PER!O10 -> 0 | BL10: =TES!C10 -> 0 | BM10: =TES!D10 -> 0 | BN10: =TES!E10 -> 0 | BO10: =TES!F10 -> 0 | BP10: =HSA!E10 -> 0 | BQ10: =HSA!F10 -> 0 | BR10: =HSA!G10 -> 0 | BS10: =HSA!H10 -> 0 | BT10: =HSA!I10 -> 0 | BU10: =HSA!J10 -> 0 | BV10: 0 | BW10: 0 | BX10: 0 | BY10: 0 | BZ10: 0 | CA10: 0.0013680441 | CB10: 0.0010222936 | CC10: 0.00064907025 | CD10: 0.0010515979 | CE10: 0.0005799332 | CF10: 0.001012799 | CG10: 0.00069529761
B11: =SSA!B11 -> 75% | C11: =SSA!C11 -> 0.00026707333 | D11: =SSA!D11 -> 0 | E11: =SST!D11 -> 0.023337223 | F11: =SST!E11 -> 0.099009901 | G11: =SST!F11 -> 0 | H11: =SST!G11 -> 0 | I11: =TRA!C11 -> 0 | J11: =TRA!D11 -> 0 | K11: =TRA!E11 -> 0 | L11: =TRA!F11 -> 0 | M11: =TRA!G11 -> 0 | N11: =TRA!H11 -> 0 | O11: =TRA!I11 -> 0 | P11: =TRA!J11 -> 0 | ... X11: =TRA!R11 -> 0 | Y11: =SEG!V11 -> 0 | Z11: =SEG!W11 -> 0 | AA11: =SEG!X11 -> 0.00025 | AB11: =SEG!Y11 -> 0 | AC11: =SEG!Z11 -> 0 | AD11: =SEG!AA11 -> 0 | AE11: =SEG!AB11 -> 0 | AF11: =SEG!AC11 -> 0 | ... AN11: =SEG!AK11 -> 0 | AO11: =SUB!D11 -> 0 | AP11: =SUB!E11 -> 0 | AQ11: =SUB!F11 -> 0 | AR11: =SUB!G11 -> 0 | AS11: =SUB!H11 -> 0 | AT11: =SUB!I11 -> 0 | AU11: =SUB!J11 -> 0 | AV11: =SUB!K11 -> 0 | ... AY11: =SUB!N11 -> 0 | AZ11: =PER!D11 -> 0 | BA11: =PER!E11 -> 0 | BB11: =PER!F11 -> 0 | BC11: =PER!G11 -> 0 | BD11: =PER!H11 -> 0 | BE11: =PER!I11 -> 0 | BF11: =PER!J11 -> 0 | BG11: =PER!K11 -> 0 | ... BK11: =PER!O11 -> 0 | BL11: =TES!C11 -> 0 | BM11: =TES!D11 -> 0 | BN11: =TES!E11 -> 0 | BO11: =TES!F11 -> 0 | BP11: =HSA!E11 -> 0 | BQ11: =HSA!F11 -> 0 | BR11: =HSA!G11 -> 0 | BS11: =HSA!H11 -> 0 | BT11: =HSA!I11 -> 0 | BU11: =HSA!J11 -> 0 | BV11: 0.000230514 | BW11: 0 | BX11: 0 | BY11: 0 | BZ11: 0 | CA11: 0.0057599288 | CB11: 0.0025575268 | CC11: 0.0015616954 | CD11: 0.0028670778 | CE11: 0.0016239594 | CF11: 0.0023633621 | CG11: 0.0021513383
B12: Max | C12: =SSA!C12 -> 0.012537613 | D12: =SSA!D12 -> 0.021097046 | E12: =SST!D12 -> 0.06090134 | F12: =SST!E12 -> 0.47169811 | G12: =SST!F12 -> 0 | H12: =SST!G12 -> 0.07183908 | I12: =TRA!C12 -> 0 | J12: =TRA!D12 -> 0 | K12: =TRA!E12 -> 0 | L12: =TRA!F12 -> 0 | M12: =TRA!G12 -> 0 | N12: =TRA!H12 -> 0 | O12: =TRA!I12 -> 0 | P12: =TRA!J12 -> 0 | ... X12: =TRA!R12 -> 0.063492063 | Y12: =SEG!V12 -> 0.001 | Z12: =SEG!W12 -> 0 | AA12: =SEG!X12 -> 0.002 | AB12: =SEG!Y12 -> 0 | AC12: =SEG!Z12 -> 0.001 | AD12: =SEG!AA12 -> 0.001 | AE12: =SEG!AB12 -> 0 | AF12: =SEG!AC12 -> 0 | ... AN12: =SEG!AK12 -> 0 | AO12: =SUB!D12 -> 0 | AP12: =SUB!E12 -> 0.061795149 | AQ12: =SUB!F12 -> 0 | AR12: =SUB!G12 -> 0.55924502 | AS12: =SUB!H12 -> 0 | AT12: =SUB!I12 -> 0 | AU12: =SUB!J12 -> 0 | AV12: =SUB!K12 -> 0.55613486 | ... AY12: =SUB!N12 -> 0 | AZ12: =PER!D12 -> 0 | BA12: =PER!E12 -> 0 | BB12: =PER!F12 -> 0 | BC12: =PER!G12 -> 0 | BD12: =PER!H12 -> 0 | BE12: =PER!I12 -> 0 | BF12: =PER!J12 -> 0 | BG12: =PER!K12 -> 0 | ... BK12: =PER!O12 -> 0 | BL12: =TES!C12 -> 0 | BM12: =TES!D12 -> 0 | BN12: =TES!E12 -> 0 | BO12: =TES!F12 -> 0 | BP12: =HSA!E12 -> 0 | BQ12: =HSA!F12 -> 0 | BR12: =HSA!G12 -> 0 | BS12: =HSA!H12 -> 0 | BT12: =HSA!I12 -> 0 | BU12: =HSA!J12 -> 0 | BV12: 0.0002924618 | BW12: 100 | BX12: 0.0016528926 | BY12: 0 | BZ12: 0 | CA12: 0.045489007 | CB12: 1.7241379 | CC12: 0.015921032 | CD12: 0.013596193 | CE12: 0.02034588 | CF12: 0.013596193 | CG12: 0.057430007
A14: Percent Error = Absolute value of [(Difference) / (4p2\normal.PRN)] x 100%
A15: {=TRANSPOSE(B3:CG12)} -> Sheet | B15: Column | C15: count | D15: Mean | E15: std | F15: min | G15: 25% | H15: 50% | I15: 75% | J15: Max | K15: Description | L15: Unit
A16: SSA | B16: Airflow | C16: 288 | D16: 0.00036919344 | E16: 0.0011293255 | F16: 0 | G16: 0 | H16: 6.1007583e-05 | I16: 0.00026707333 | J16: 0.012537613 | K16: =VLOOKUP($B16,Legend!$B$2:$E$110,2,FALSE) -> Section Air Flow Rate | L16: =VLOOKUP($B16,Legend!$B$2:$E$110,4,FALSE) -> kCFM
A17: 0 | B17: AirVel | C17: 288 | D17: 0.00011838846 | E17: 0.0014579093 | F17: 0 | G17: 0 | H17: 0 | I17: 0 | J17: 0.021097046 | K17: =VLOOKUP(B17,Legend!$B$2:$E$110,2,FALSE) -> Bulk Air Velocity | L17: =VLOOKUP($B17,Legend!$B$2:$E$110,4,FALSE) -> FPM
A18: SST | B18: AirTemp | C18: 418 | D18: 0.01279533 | E18: 0.018097983 | F18: 0 | G18: 0 | H18: 0 | I18: 0.023337223 | J18: 0.06090134 | K18: =VLOOKUP(B18,Legend!$B$2:$E$110,2,FALSE) -> Air Dry-Bulb Temperature | L18: =VLOOKUP($B18,Legend!$B$2:$E$110,4,FALSE) -> °F
A19: 0 | B19: Humidity | C19: 418 | D19: 0.058289486 | E19: 0.092496412 | F19: 0 | G19: 0 | H19: 0 | I19: 0.099009901 | J19: 0.47169811 | K19: =VLOOKUP(B19,Legend!$B$2:$E$110,2,FALSE) -> 1 - Humidity Ratio | L19: =VLOOKUP($B19,Legend!$B$2:$E$110,4,FALSE) -> °F
A20: 0 | B20: Sensible | C20: 210 | D20: 0 | E20: 0 | F20: 0 | G20: 0 | H20: 0 | I20: 0 | J20: 0 | K20: =VLOOKUP(B20,Legend!$B$2:$E$110,2,FALSE) -> Total Sensible Heat Load | L20: =VLOOKUP($B20,Legend!$B$2:$E$110,4,FALSE) -> BTU/sec
A21: 0 | B21: Latent | C21: 179 | D21: 0.00040133565 | E21: 0.005369505 | F21: 0 | G21: 0 | H21: 0 | I21: 0 | J21: 0.07183908 | K21: =VLOOKUP(B21,Legend!$B$2:$E$110,2,FALSE) -> Total Latent Heat Load | L21: =VLOOKUP($B21,Legend!$B$2:$E$110,4,FALSE) -> BTU/sec
A22: TRA | B22: RTE | C22: 41 | D22: 0 | E22: 0 | F22: 0 | G22: 0 | H22: 0 | I22: 0 | J22: 0 | K22: =VLOOKUP(B22,Legend!$B$2:$E$110,2,FALSE) -> Train route | L22: =VLOOKUP($B22,Legend!$B$2:$E$110,4,FALSE) -> #
A23: 0 | B23: TYP | C23: 41 | D23: 0 | E23: 0 | F23: 0 | G23: 0 | H23: 0 | I23: 0 | J23: 0 | K23: =VLOOKUP(B23,Legend!$B$2:$E$110,2,FALSE) -> Train Type | L23: =VLOOKUP($B23,Legend!$B$2:$E$110,4,FALSE) -> #
A24: 0 | B24: Location | C24: 41 | D24: 0 | E24: 0 | F24: 0 | G24: 0 | H24: 0 | I24: 0 | J24: 0 | K24: =VLOOKUP(B24,Legend!$B$2:$E$110,2,FALSE) -> Train Location | L24: =VLOOKUP($B24,Legend!$B$2:$E$110,4,FALSE) -> ft
A25: 0 | B25: Speed | C25: 35 | D25: 0 | E25: 0 | F25: 0 | G25: 0 | H25: 0 | I25: 0 | J25: 0 | K25: =VLOOKUP(B25,Legend!$B$2:$E$110,2,FALSE) -> Train Speed | L25: =VLOOKUP($B25,Legend!$B$2:$E$110,4,FALSE) -> mph
A26: 0 | B26: Accel | C26: 32 | D26: 0 | E26: 0 | F26: 0 | G26: 0 | H26: 0 | I26: 0 | J26: 0 | K26: =VLOOKUP(B26,Legend!$B$2:$E$110,2,FALSE) -> Train Acceleration | L26: =VLOOKUP($B26,Legend!$B$2:$E$110,4,FALSE) -> mph/sec
A27: 0 | B27: Drag_KN | C27: 33 | D27: 0 | E27: 0 | F27: 0 | G27: 0 | H27: 0 | I27: 0 | J27: 0 | K27: =VLOOKUP(B27,Legend!$B$2:$E$110,2,FALSE) -> Air Drag (KN) | L27: =VLOOKUP($B27,Legend!$B$2:$E$110,4,FALSE) -> lbs
A28: 0 | B28: Drag_COEFF | C28: 33 | D28: 0 | E28: 0 | F28: 0 | G28: 0 | H28: 0 | I28: 0 | J28: 0 | K28: =VLOOKUP(B28,Legend!$B$2:$E$110,2,FALSE) -> Air Drag (COEFF) | L28: =VLOOKUP($B28,Legend!$B$2:$E$110,4,FALSE) -> #
A29: 0 | B29: Tractive | C29: 20 | D29: 0 | E29: 0 | F29: 0 | G29: 0 | H29: 0 | I29: 0 | J29: 0 | K29: =VLOOKUP(B29,Legend!$B$2:$E$110,2,FALSE) -> Tractive Effort | L29: =VLOOKUP($B29,Legend!$B$2:$E$110,4,FALSE) -> lbs/motor
A30: 0 | B30: M_Current | C30: 20 | D30: 0 | E30: 0 | F30: 0 | G30: 0 | H30: 0 | I30: 0 | J30: 0 | K30: =VLOOKUP(B30,Legend!$B$2:$E$110,2,FALSE) -> Motor Current | L30: =VLOOKUP($B30,Legend!$B$2:$E$110,4,FALSE) -> amps
A31: 0 | B31: L_Current | C31: 18 | D31: 0 | E31: 0 | F31: 0 | G31: 0 | H31: 0 | I31: 0 | J31: 0 | K31: =VLOOKUP(B31,Legend!$B$2:$E$110,2,FALSE) -> Line Current | L31: =VLOOKUP($B31,Legend!$B$2:$E$110,4,FALSE) -> amps
A32: 0 | B32: FLY | C32: 20 | D32: 0 | E32: 0 | F32: 0 | G32: 0 | H32: 0 | I32: 0 | J32: 0 | K32: =VLOOKUP(B32,Legend!$B$2:$E$110,2,FALSE) -> Fly Wheel | L32: =VLOOKUP($B32,Legend!$B$2:$E$110,4,FALSE) -> RPM
A33: 0 | B33: M_Eff | C33: 0 | D33: 0 | E33: 0 | F33: 0 | G33: 0 | H33: 0 | I33: 0 | J33: 0 | K33: =VLOOKUP(B33,Legend!$B$2:$E$110,2,FALSE) -> Motor Efficiency | L33: =VLOOKUP($B33,Legend!$B$2:$E$110,4,FALSE) -> 0
A34: 0 | B34: G_Accel | C34: 41 | D34: 0 | E34: 0 | F34: 0 | G34: 0 | H34: 0 | I34: 0 | J34: 0 | K34: =VLOOKUP(B34,Legend!$B$2:$E$110,2,FALSE) -> Grid Temperature Acceleration | L34: =VLOOKUP($B34,Legend!$B$2:$E$110,4,FALSE) -> °F
... A37: 0 | B37: H_Reject | C37: 41 | D37: 0.0015485869 | E37: 0.0099157944 | F37: 0 | G37: 0 | H37: 0 | I37: 0 | J37: 0.063492063 | K37: =VLOOKUP(B37,Legend!$B$2:$E$110,2,FALSE) -> Heat rejected | L37: =VLOOKUP($B37,Legend!$B$2:$E$110,4,FALSE) -> BTU/SEC-FT
A38: SEG | B38: A_Max | C38: 72 | D38: 5.5555556e-05 | E38: 0.00028526681 | F38: -0.001 | G38: 0 | H38: 0 | I38: 0 | J38: 0.001 | K38: =VLOOKUP(B38,Legend!$B$2:$E$110,2,FALSE) -> Airflow rate maximum | L38: =VLOOKUP($B38,Legend!$B$2:$E$110,4,FALSE) -> kCFM
A39: 0 | B39: A_Max_T | C39: 72 | D39: 0 | E39: 0 | F39: 0 | G39: 0 | H39: 0 | I39: 0 | J39: 0 | K39: =VLOOKUP(B39,Legend!$B$2:$E$110,2,FALSE) -> Time of airflow rate maximum | L39: =VLOOKUP($B39,Legend!$B$2:$E$110,4,FALSE) -> seconds
A40: 0 | B40: A_Min | C40: 72 | D40: 0.00022222222 | E40: 0.00053660965 | F40: -0.001 | G40: 0 | H40: 0 | I40: 0.00025 | J40: 0.002 | K40: =VLOOKUP(B40,Legend!$B$2:$E$110,2,FALSE) -> Airflow rate minimum | L40: =VLOOKUP($B40,Legend!$B$2:$E$110,4,FALSE) -> kCFM
A41: 0 | B41: A_Min_T | C41: 72 | D41: 0 | E41: 0 | F41: 0 | G41: 0 | H41: 0 | I41: 0 | J41: 0 | K41: =VLOOKUP(B41,Legend!$B$2:$E$110,2,FALSE) -> Time of airflow rate minimum | L41: =VLOOKUP($B41,Legend!$B$2:$E$110,4,FALSE) -> seconds
A42: 0 | B42: A_P | C42: 72 | D42: 8.3333333e-05 | E42: 0.00032501354 | F42: -0.001 | G42: 0 | H42: 0 | I42: 0 | J42: 0.001 | K42: =VLOOKUP(B42,Legend!$B$2:$E$110,2,FALSE) -> Airflow rate average value - positive | L42: =VLOOKUP($B42,Legend!$B$2:$E$110,4,FALSE) -> kCFM
A43: 0 | B43: A_N | C43: 72 | D43: 5.5555556e-05 | E43: 0.00023066889 | F43: 0 | G43: 0 | H43: 0 | I43: 0 | J43: 0.001 | K43: =VLOOKUP(B43,Legend!$B$2:$E$110,2,FALSE) -> Airflow rate average value - negative | L43: =VLOOKUP($B43,Legend!$B$2:$E$110,4,FALSE) -> kCFM
A44: 0 | B44: V_Max | C44: 72 | D44: 0 | E44: 0 | F44: 0 | G44: 0 | H44: 0 | I44: 0 | J44: 0 | K44: =VLOOKUP(B44,Legend!$B$2:$E$110,2,FALSE) -> Air velocity maximum | L44: =VLOOKUP($B44,Legend!$B$2:$E$110,4,FALSE) -> FPM
A45: 0 | B45: V_Max_T | C45: 72 | D45: 0 | E45: 0 | F45: 0 | G45: 0 | H45: 0 | I45: 0 | J45: 0 | K45: =VLOOKUP(B45,Legend!$B$2:$E$110,2,FALSE) -> Time of air velocity maximum | L45: =VLOOKUP($B45,Legend!$B$2:$E$110,4,FALSE) -> seconds
A46: 0 | B46: V_Min | C46: 72 | D46: 0 | E46: 0 | F46: 0 | G46: 0 | H46: 0 | I46: 0 | J46: 0 | K46: =VLOOKUP(B46,Legend!$B$2:$E$110,2,FALSE) -> Air velocity minimum | L46: =VLOOKUP($B46,Legend!$B$2:$E$110,4,FALSE) -> FPM
A47: 0 | B47: V_Min_T | C47: 72 | D47: 0 | E47: 0 | F47: 0 | G47: 0 | H47: 0 | I47: 0 | J47: 0 | K47: =VLOOKUP(B47,Legend!$B$2:$E$110,2,FALSE) -> Time of air velocity minimum | L47: =VLOOKUP($B47,Legend!$B$2:$E$110,4,FALSE) -> seconds
A48: 0 | B48: V_P | C48: 72 | D48: 0 | E48: 0 | F48: 0 | G48: 0 | H48: 0 | I48: 0 | J48: 0 | K48: =VLOOKUP(B48,Legend!$B$2:$E$110,2,FALSE) -> Velocity average value - positive | L48: =VLOOKUP($B48,Legend!$B$2:$E$110,4,FALSE) -> FPM
A49: 0 | B49: V_N | C49: 72 | D49: 0 | E49: 0 | F49: 0 | G49: 0 | H49: 0 | I49: 0 | J49: 0 | K49: =VLOOKUP(B49,Legend!$B$2:$E$110,2,FALSE) -> Velocity average value - negative | L49: =VLOOKUP($B49,Legend!$B$2:$E$110,4,FALSE) -> FPM
A50: 0 | B50: A_P_P | C50: 72 | D50: 0 | E50: 0 | F50: 0 | G50: 0 | H50: 0 | I50: 0 | J50: 0 | K50: =VLOOKUP(B50,Legend!$B$2:$E$110,2,FALSE) -> Percent Of Time Airflow Is Positive | L50: =VLOOKUP($B50,Legend!$B$2:$E$110,4,FALSE) -> %
... A53: 0 | B53: V_EP | C53: 72 | D53: 0 | E53: 0 | F53: 0 | G53: 0 | H53: 0 | I53: 0 | J53: 0 | K53: =VLOOKUP(B53,Legend!$B$2:$E$110,2,FALSE) -> Percentage Of Time Outflow Velocity Exceeds Design Max | L53: =VLOOKUP($B53,Legend!$B$2:$E$110,4,FALSE) -> %
A54: SUB | B54: T_Max | C54: 136 | D54: 0 | E54: 0 | F54: 0 | G54: 0 | H54: 0 | I54: 0 | J54: 0 | K54: =VLOOKUP(B54,Legend!$B$2:$E$110,2,FALSE) -> Dry-bulb temperature maximum | L54: =VLOOKUP($B54,Legend!$B$2:$E$110,4,FALSE) -> °F
A55: 0 | B55: T_Max_T | C55: 136 | D55: 0.0004543761 | E55: 0.0052988903 | F55: 0 | G55: 0 | H55: 0 | I55: 0 | J55: 0.061795149 | K55: =VLOOKUP(B55,Legend!$B$2:$E$110,2,FALSE) -> Time of dry-bulb temperature maximum | L55: =VLOOKUP($B55,Legend!$B$2:$E$110,4,FALSE) -> seconds
A56: 0 | B56: T_Min | C56: 136 | D56: 0 | E56: 0 | F56: 0 | G56: 0 | H56: 0 | I56: 0 | J56: 0 | K56: =VLOOKUP(B56,Legend!$B$2:$E$110,2,FALSE) -> dry-bulb temperature minimum | L56: =VLOOKUP($B56,Legend!$B$2:$E$110,4,FALSE) -> °F
A57: 0 | B57: T_Min_T | C57: 136 | D57: 0.0071124842 | E57: 0.055463386 | F57: 0 | G57: 0 | H57: 0 | I57: 0 | J57: 0.55924502 | K57: =VLOOKUP(B57,Legend!$B$2:$E$110,2,FALSE) -> Time of dry-bulb temperature minimum | L57: =VLOOKUP($B57,Legend!$B$2:$E$110,4,FALSE) -> seconds
A58: 0 | B58: T_P | C58: 96 | D58: 0 | E58: 0 | F58: 0 | G58: 0 | H58: 0 | I58: 0 | J58: 0 | K58: =VLOOKUP(B58,Legend!$B$2:$E$110,2,FALSE) -> Dry-bulb temperature Positive | L58: =VLOOKUP($B58,Legend!$B$2:$E$110,4,FALSE) -> °F
A59: 0 | B59: T_N | C59: 116 | D59: 0 | E59: 0 | F59: 0 | G59: 0 | H59: 0 | I59: 0 | J59: 0 | K59: =VLOOKUP(B59,Legend!$B$2:$E$110,2,FALSE) -> Dry-bulb temperature Negative | L59: =VLOOKUP($B59,Legend!$B$2:$E$110,4,FALSE) -> °F
A60: 0 | B60: W_Max | C60: 136 | D60: 0 | E60: 0 | F60: 0 | G60: 0 | H60: 0 | I60: 0 | J60: 0 | K60: =VLOOKUP(B60,Legend!$B$2:$E$110,2,FALSE) -> 1- Humidity ratio maximum (kg/kg) | L60: =VLOOKUP($B60,Legend!$B$2:$E$110,4,FALSE) -> lb/lb
A61: 0 | B61: W_Max_T | C61: 136 | D61: 0.0091908434 | E61: 0.057993532 | F61: 0 | G61: 0 | H61: 0 | I61: 0 | J61: 0.55613486 | K61: =VLOOKUP(B61,Legend!$B$2:$E$110,2,FALSE) -> Time of Humidity ration maximum | L61: =VLOOKUP($B61,Legend!$B$2:$E$110,4,FALSE) -> seconds
A62: 0 | B62: W_Min | C62: 136 | D62: 0 | E62: 0 | F62: 0 | G62: 0 | H62: 0 | I62: 0 | J62: 0 | K62: =VLOOKUP(B62,Legend!$B$2:$E$110,2,FALSE) -> Humidity ratio minimum | L62: =VLOOKUP($B62,Legend!$B$2:$E$110,4,FALSE) -> lb/lb
A63: 0 | B63: W_Min_T | C63: 136 | D63: 0.0042154797 | E63: 0.024084004 | F63: 0 | G63: 0 | H63: 0 | I63: 0 | J63: 0.23774146 | K63: =VLOOKUP(B63,Legend!$B$2:$E$110,2,FALSE) -> Time of Humidity ratio minimum | L63: =VLOOKUP($B63,Legend!$B$2:$E$110,4,FALSE) -> seconds
A64: 0 | B64: W_A | C64: 136 | D64: 0 | E64: 0 | F64: 0 | G64: 0 | H64: 0 | I64: 0 | J64: 0 | K64: =VLOOKUP(B64,Legend!$B$2:$E$110,2,FALSE) -> Average Humidity ratio | L64: =VLOOKUP($B64,Legend!$B$2:$E$110,4,FALSE) -> lb/lb
A65: 0 | B65: TAP_1 | C65: 40 | D65: 0 | E65: 0 | F65: 0 | G65: 0 | H65: 0 | I65: 0 | J65: 0 | K65: =VLOOKUP(B65,Legend!$B$2:$E$110,2,FALSE) -> Percentage of Time above temperature - 1 | L65: =VLOOKUP($B65,Legend!$B$2:$E$110,4,FALSE) -> %
A66: 0 | B66: TAP_2 | C66: 40 | D66: 0 | E66: 0 | F66: 0 | G66: 0 | H66: 0 | I66: 0 | J66: 0 | K66: =VLOOKUP(B66,Legend!$B$2:$E$110,2,FALSE) -> Percentage of Time above temperature - 2 | L66: =VLOOKUP($B66,Legend!$B$2:$E$110,4,FALSE) -> %
... A76: 0 | B76: TA_6 | C76: 40 | D76: 0 | E76: 0 | F76: 0 | G76: 0 | H76: 0 | I76: 0 | J76: 0 | K76: =VLOOKUP(B76,Legend!$B$2:$E$110,2,FALSE) -> Above temperature - 6 | L76: =VLOOKUP($B76,Legend!$B$2:$E$110,4,FALSE) -> °F
A77: TES | B77: ET | C77: 20 | D77: 0 | E77: 0 | F77: 0 | G77: 0 | H77: 0 | I77: 0 | J77: 0 | K77: =VLOOKUP(B77,Legend!$B$2:$E$110,2,FALSE) -> Propulsion Energy From Third Rail | L77: =VLOOKUP($B77,Legend!$B$2:$E$110,4,FALSE) -> KWh
A78: 0 | B78: EF | C78: 12 | D78: 0 | E78: 0 | F78: 0 | G78: 0 | H78: 0 | I78: 0 | J78: 0 | K78: =VLOOKUP(B78,Legend!$B$2:$E$110,2,FALSE) -> Propulsion Energy From Flywheel | L78: =VLOOKUP($B78,Legend!$B$2:$E$110,4,FALSE) -> KWh
A79: 0 | B79: EA | C79: 24 | D79: 0 | E79: 0 | F79: 0 | G79: 0 | H79: 0 | I79: 0 | J79: 0 | K79: =VLOOKUP(B79,Legend!$B$2:$E$110,2,FALSE) -> Auxiliary Energy Consumed | L79: =VLOOKUP($B79,Legend!$B$2:$E$110,4,FALSE) -> KWh
A80: 0 | B80: ER | C80: 12 | D80: 0 | E80: 0 | F80: 0 | G80: 0 | H80: 0 | I80: 0 | J80: 0 | K80: =VLOOKUP(B80,Legend!$B$2:$E$110,2,FALSE) -> Energy Regenerated | L80: =VLOOKUP($B80,Legend!$B$2:$E$110,4,FALSE) -> KWh
A81: HAS | B81: MWT | C81: 72 | D81: 0 | E81: 0 | F81: 0 | G81: 0 | H81: 0 | I81: 0 | J81: 0 | K81: =VLOOKUP(B81,Legend!$B$2:$E$110,2,FALSE) -> Morning Wall Temperature | L81: =VLOOKUP($B81,Legend!$B$2:$E$110,4,FALSE) -> °F
A82: 0 | B82: EWT | C82: 72 | D82: 0 | E82: 0 | F82: 0 | G82: 0 | H82: 0 | I82: 0 | J82: 0 | K82: =VLOOKUP(B82,Legend!$B$2:$E$110,2,FALSE) -> Evening Wall Temperature | L82: =VLOOKUP($B82,Legend!$B$2:$E$110,4,FALSE) -> °F
A83: 0 | B83: MAT | C83: 72 | D83: 0 | E83: 0 | F83: 0 | G83: 0 | H83: 0 | I83: 0 | J83: 0 | K83: =VLOOKUP(B83,Legend!$B$2:$E$110,2,FALSE) -> Morning Air Temperature | L83: =VLOOKUP($B83,Legend!$B$2:$E$110,4,FALSE) -> °F
A84: 0 | B84: EAT | C84: 72 | D84: 0 | E84: 0 | F84: 0 | G84: 0 | H84: 0 | I84: 0 | J84: 0 | K84: =VLOOKUP(B84,Legend!$B$2:$E$110,2,FALSE) -> Evening Air Temperature | L84: =VLOOKUP($B84,Legend!$B$2:$E$110,4,FALSE) -> °F
A85: 0 | B85: MH | C85: 72 | D85: 0 | E85: 0 | F85: 0 | G85: 0 | H85: 0 | I85: 0 | J85: 0 | K85: =VLOOKUP(B85,Legend!$B$2:$E$110,2,FALSE) -> Morning Humidity Ratio | L85: =VLOOKUP($B85,Legend!$B$2:$E$110,4,FALSE) -> lb/lb
A86: 0 | B86: EH | C86: 72 | D86: 0 | E86: 0 | F86: 0 | G86: 0 | H86: 0 | I86: 0 | J86: 0 | K86: =VLOOKUP(B86,Legend!$B$2:$E$110,2,FALSE) -> Evening Humidity Ratio | L86: =VLOOKUP($B86,Legend!$B$2:$E$110,4,FALSE) -> lb/lb
A87: ECS | B87: TM_S | C87: 30 | D87: 0.00010555917 | E87: 0.00012366219 | F87: 0 | G87: 0 | H87: 0 | I87: 0.000230514 | J87: 0.0002924618 | K87: =VLOOKUP(B87,Legend!$B$2:$E$110,2,FALSE) -> Sensible Heat Load From Trains and Misc. | L87: =VLOOKUP($B87,Legend!$B$2:$E$110,4,FALSE) -> BTU/HR
A88: 0 | B88: TM_L | C88: 19 | D88: 5.2637221 | E88: 22.941437 | F88: 0 | G88: 0 | H88: 0 | I88: 0 | J88: 100 | K88: =VLOOKUP(B88,Legend!$B$2:$E$110,2,FALSE) -> Latent Heat Load From Trains and Misc. | L88: =VLOOKUP($B88,Legend!$B$2:$E$110,4,FALSE) -> BTU/HR
A89: 0 | B89: SS_S | C89: 30 | D89: 5.5096419e-05 | E89: 0.00030177551 | F89: 0 | G89: 0 | H89: 0 | I89: 0 | J89: 0.0016528926 | K89: =VLOOKUP(B89,Legend!$B$2:$E$110,2,FALSE) -> Sensible Heat Load From Steady State Sources | L89: =VLOOKUP($B89,Legend!$B$2:$E$110,4,FALSE) -> BTU/HR
A90: 0 | B90: SS_L | C90: 18 | D90: 0 | E90: 0 | F90: 0 | G90: 0 | H90: 0 | I90: 0 | J90: 0 | K90: =VLOOKUP(B90,Legend!$B$2:$E$110,2,FALSE) -> Latent Heat Load From Steady State Sources | L90: =VLOOKUP($B90,Legend!$B$2:$E$110,4,FALSE) -> BTU/HR
A91: 0 | B91: HS_S | C91: 30 | D91: 0 | E91: 0 | F91: 0 | G91: 0 | H91: 0 | I91: 0 | J91: 0 | K91: =VLOOKUP(B91,Legend!$B$2:$E$110,2,FALSE) -> Sensible Heat Load From Heat Sink | L91: =VLOOKUP($B91,Legend!$B$2:$E$110,4,FALSE) -> BTU/HR
A92: 0 | B92: A_S | C92: 30 | D92: 0.0065489111 | E92: 0.011433685 | F92: 0 | G92: 0.00025477603 | H92: 0.0013680441 | I92: 0.0057599288 | J92: 0.045489007 | K92: =VLOOKUP(B92,Legend!$B$2:$E$110,2,FALSE) -> Sensible Heat Load From Airflow | L92: =VLOOKUP($B92,Legend!$B$2:$E$110,4,FALSE) -> BTU/HR
A93: 0 | B93: A_L | C93: 30 | D93: 0.060351291 | E93: 0.31429021 | F93: 0 | G93: 0.00046895924 | H93: 0.0010222936 | I93: 0.0025575268 | J93: 1.7241379 | K93: =VLOOKUP(B93,Legend!$B$2:$E$110,2,FALSE) -> Latent Heat Load From Airflow | L93: =VLOOKUP($B93,Legend!$B$2:$E$110,4,FALSE) -> BTU/HR
A94: 0 | B94: EC_S | C94: 20 | D94: 0.001882517 | E94: 0.003728484 | F94: 0 | G94: 3.7353072e-05 | H94: 0.00064907025 | I94: 0.0015616954 | J94: 0.015921032 | K94: =VLOOKUP(B94,Legend!$B$2:$E$110,2,FALSE) -> Sensible Heat Load From ECS | L94: =VLOOKUP($B94,Legend!$B$2:$E$110,4,FALSE) -> BTU/HR
A95: 0 | B95: EC_L | C95: 20 | D95: 0.0025308158 | E95: 0.00372746 | F95: 0 | G95: 0.00058525513 | H95: 0.0010515979 | I95: 0.0028670778 | J95: 0.013596193 | K95: =VLOOKUP(B95,Legend!$B$2:$E$110,2,FALSE) -> Latent Heat Load From ECS | L95: =VLOOKUP($B95,Legend!$B$2:$E$110,4,FALSE) -> BTU/HR
A96: 0 | B96: TR_S | C96: 30 | D96: 0.0022340321 | E96: 0.0046333855 | F96: 0 | G96: 0.00010724572 | H96: 0.0005799332 | I96: 0.0016239594 | J96: 0.02034588 | K96: =VLOOKUP(B96,Legend!$B$2:$E$110,2,FALSE) -> Estimated Sensible Heat Load From ECS | L96: =VLOOKUP($B96,Legend!$B$2:$E$110,4,FALSE) -> BTU/HR
A97: 0 | B97: TR_L | C97: 30 | D97: 0.0020818705 | E97: 0.0031399214 | F97: 0 | G97: 0.00051731801 | H97: 0.001012799 | I97: 0.0023633621 | J97: 0.013596193 | K97: =VLOOKUP(B97,Legend!$B$2:$E$110,2,FALSE) -> Estimated Latent Heat Load From ECS | L97: =VLOOKUP($B97,Legend!$B$2:$E$110,4,FALSE) -> BTU/HR
A98: 0 | B98: TR_T | C98: 30 | D98: 0.0042988381 | E98: 0.01234051 | F98: 0 | G98: 0.00022455074 | H98: 0.00069529761 | I98: 0.0021513383 | J98: 0.057430007 | K98: =VLOOKUP(B98,Legend!$B$2:$E$110,2,FALSE) -> Estimated Total Heat Load From ECS | L98: =VLOOKUP($B98,Legend!$B$2:$E$110,4,FALSE) -> BTU/HR

Sheet Legend
A1: Sheet Name | B1: Heading | C1: Full description | D1: SI Unit | E1: IP Unit | F1: Note
A2: SSA | B2: Second-by-second aerodynamic data
B3: Time | C3: Simulation Time | D3: Sec | E3: Sec
B4: Segment | C4: Segment numbers | D4: # | E4: #
B5: ID | C5: Title | F5: Time-Segement (TTT-SSS)
B6: Title
B7: Airflow | C7: Section Air Flow Rate | D7: m3/s | E7: kCFM | F7: CFM is divided by 1,000 to convert to kcfm
B8: AirVel | C8: Bulk Air Velocity | D8: m/s | E8: FPM
A9: SST | B9: Second-by-second thermodynamic data
B10: Time | C10: Simulation Time | D10: Sec | E10: Sec
B11: Segment | C11: Segment numbers | D11: # | E11: #
B12: Sub | C12: Sub-segment number | D12: # | E12: #
B13: ID
B14: Sensible | C14: Total Sensible Heat Load | D14: W | E14: BTU/sec
B15: Latent | C15: Total Latent Heat Load | D15: W | E15: BTU/sec
B16: AirTemp | C16: Air Dry-Bulb Temperature | D16: °C | E16: °F
B17: Humidity | C17: 1 - Humidity Ratio | D17: kg/kg | E17: °F
B18: WallTemp | C18: Wall Surface Temperature | D18: °C | E18: °F
B19: WallConvection | C19: Heat Transfer to Wall by Convection | D19: W | E19: BTU/Hr
B20: WallRadiation | C20: Heat Transfer to Wall by Radiation | D20: W | E20: BTU/Hr
B21: FluidTemp | C21: Working Fluid Temperature | D21: °C
B22: FuildHeat | C22: Heat Absorbed by Cooling Pipe | D22: W
A23: TRA | B23: Secod-by-second Train data
B24: Time | C24: Time | D24: Sec | E24: Sec
B25: Number | C25: Train ID Number | D25: # | E25: #
B26: RTE | C26: Train route | D26: # | E26: #
B27: TYP | C27: Train Type | D27: # | E27: #
B28: Location | C28: Train Location | D28: m | E28: ft
B29: Speed | C29: Train Speed | D29: kph | E29: mph
B30: Accel | C30: Train Acceleration | D30: m/s2 | E30: mph/sec
B31: Drag_KN | C31: Air Drag (KN) | D31: kN | E31: lbs
B32: Drag_COEFF | C32: Air Drag (COEFF) | D32: # | E32: #
B33: Tractive | C33: Tractive Effort | D33: N/motor | E33: lbs/motor
B34: M_Current | C34: Motor Current | D34: amps | E34: amps
B35: L_Current | C35: Line Current | D35: amps | E35: amps
B36: FLY | C36: Fly Wheel | D36: RPM | E36: RPM
B37: M_Eff | C37: Motor Efficiency | D37: %
B38: G_Accel | C38: Grid Temperature Acceleration | D38: °C | E38: °F
B39: G_Decel | C39: Grid Temperature Deceleration | D39: °C | E39: °F
B40: H_Gen | C40: Heat generated | D40: W/m | E40: BTU/SEC-FT
B41: H_Reject | C41: Heat rejected | D41: W/m | E41: BTU/SEC-FT
A42: SEG | B42: Summary of Aerodynamic Data
B43: Time | C43: End Time Of Summary Interval | D43: seconds | E43: seconds
B44: A_Max | C44: Airflow rate maximum | D44: m3/s | E44: kCFM | F44: For SES41, cfm divided by 1,000 to convert to kcfm
B45: A_Max_T | C45: Time of airflow rate maximum | D45: seconds | E45: seconds
B46: A_Min | C46: Airflow rate minimum | D46: m3/s | E46: kCFM | F46: For SES41, cfm divided by 1,000 to convert to kcfm
B47: A_Min_T | C47: Time of airflow rate minimum | D47: seconds | E47: seconds
B48: A_P | C48: Airflow rate average value - positive | D48: m3/s | E48: kCFM | F48: For SES41, cfm divided by 1,000 to convert to kcfm
B49: A_N | C49: Airflow rate average value - negative | D49: m3/s | E49: kCFM | F49: For SES41, cfm divided by 1,000 to convert to kcfm
B50: V_Max | C50: Air velocity maximum | D50: m/s | E50: FPM
B51: V_Max_T | C51: Time of air velocity maximum | D51: seconds | E51: seconds
B52: V_Min | C52: Air velocity minimum | D52: m/s | E52: FPM
B53: V_Min_T | C53: Time of air velocity minimum | D53: seconds | E53: seconds
B54: V_P | C54: Velocity average value - positive | D54: m/s | E54: FPM
B55: V_N | C55: Velocity average value - negative | D55: m/s | E55: FPM
B56: A_P_P | C56: Percent Of Time Airflow Is Positive | D56: % | E56: %
B57: A_P_N | C57: Percent Of Time Airflow Is Negative | D57: % | E57: %
B58: V_E | C58: Outflow velocity allowable before exceedance | D58: m/s | E58: FPM | F58: Vent shafts only
B59: V_EP | C59: Percentage Of Time Outflow Velocity Exceeds Design Max | D59: % | E59: % | F59: Vent shafts only
A60: SUB | B60: Summary of Thermodynamic Data
B61: T_Max | C61: Dry-bulb temperature maximum | D61: °C | E61: °F
B62: T_Max_T | C62: Time of dry-bulb temperature maximum | D62: seconds | E62: seconds
B63: T_Min | C63: dry-bulb temperature minimum | D63: °C | E63: °F
B64: T_Min_T | C64: Time of dry-bulb temperature minimum | D64: seconds | E64: seconds
B65: T_P | C65: Dry-bulb temperature Positive | D65: °C | E65: °F
B66: T_N | C66: Dry-bulb temperature Negative | D66: °C | E66: °F
B67: W_Max | C67: 1- Humidity ratio maximum (kg/kg) | D67: kg/kg | E67: lb/lb
B68: W_Max_T | C68: Time of Humidity ration maximum | D68: seconds | E68: seconds
B69: W_Min | C69: Humidity ratio minimum | D69: kg/kg | E69: lb/lb
B70: W_Min_T | C70: Time of Humidity ratio minimum | D70: seconds | E70: seconds
B71: W_A | C71: Average Humidity ratio | D71: kg/kg | E71: lb/lb
A72: PER | B72: Percentage of Time Temperature is Above
B73: TA_1 | C73: Above temperature - 1 | D73: °C | E73: °F
B74: TA_2 | C74: Above temperature - 2 | D74: °C | E74: °F
B75: TA_3 | C75: Above temperature - 3 | D75: °C | E75: °F
B76: TA_4 | C76: Above temperature - 4 | D76: °C | E76: °F
B77: TA_5 | C77: Above temperature - 5 | D77: °C | E77: °F
B78: TA_6 | C78: Above temperature - 6 | D78: °C | E78: °F
B79: TAP_1 | C79: Percentage of Time above temperature - 1 | D79: % | E79: %
B80: TAP_2 | C80: Percentage of Time above temperature - 2 | D80: % | E80: %
B81: TAP_3 | C81: Percentage of Time above temperature - 3 | D81: % | E81: %
B82: TAP_4 | C82: Percentage of Time above temperature - 4 | D82: % | E82: %
B83: TAP_5 | C83: Percentage of Time above temperature - 5 | D83: % | E83: %
B84: TAP_6 | C84: Percentage of Time above temperature - 6 | D84: % | E84: %
A85: TES | B85: TRAIN ENERGY SUMMARY
B86: ES | C86: Energy Sector | D86: # | E86: #
B87: ET | C87: Propulsion Energy From Third Rail | D87: KWh | E87: KWh
B88: EF | C88: Propulsion Energy From Flywheel | D88: KWh | E88: KWh
B89: EA | C89: Auxiliary Energy Consumed | D89: KWh | E89: KWh
B90: ER | C90: Energy Regenerated | D90: KWh | E90: KWh
A91: HSA | B91: Heat Sink Analysis (for uncontrolled zones)
B92: MWT | C92: Morning Wall Temperature | D92: °C | E92: °F
B93: EWT | C93: Evening Wall Temperature | D93: °C | E93: °F
B94: MAT | C94: Morning Air Temperature | D94: °C | E94: °F
B95: EAT | C95: Evening Air Temperature | D95: °C | E95: °F
B96: MH | C96: Morning Humidity Ratio | D96: kg/kg | E96: lb/lb
B97: EH | C97: Evening Humidity Ratio | D97: kg/kg | E97: lb/lb
A98: ECS | B98: Environmental Control System Load Estimates
B99: TM_S | C99: Sensible Heat Load From Trains and Misc. | D99: W | E99: BTU/HR
B100: TM_L | C100: Latent Heat Load From Trains and Misc. | D100: W | E100: BTU/HR
...

Sheet SSA
A1: Next-Vis Sheet: SSA
A2: Summary
A3: Percent Error = Absolute value of [(Difference) / (4p2\normal.PRN)] x 100% | F3: Difference = (4p2\normal4p2.out) - (4p2\normal.PRN)
C4: Airflow | D4: AirVel | H4: Airflow | I4: AirVel
B5: count | C5: 288 | D5: 288 | G5: count | H5: 306 | I5: 306
B6: mean | C6: 0.00036919344 | D6: 0.00011838846 | G6: mean | H6: 6.0784314e-05 | I6: 3.7152561e-16
B7: std | C7: 0.0011293255 | D7: 0.0014579093 | G7: std | H7: 0.00033559056 | I7: 0.0080977633
B8: min | C8: 0 | D8: 0 | G8: min | H8: -0.0008 | I8: -0.1
B9: 25% | C9: 0 | D9: 0 | G9: 25% | H9: -0.0001 | I9: 0
B10: 50% | C10: 6.1007583e-05 | D10: 0 | G10: 50% | H10: 0 | I10: 0
B11: 75% | C11: 0.00026707333 | D11: 0 | G11: 75% | H11: 0.0001 | I11: 0
B12: max | C12: 0.012537613 | D12: 0.021097046 | G12: max | H12: 0.0016 | I12: 0.1
A13: Data
A14: Percent Error = Absolute value of [(Difference) / (4p2\normal.PRN)] x 100% | F14: Difference = (4p2\normal4p2.out) - (4p2\normal.PRN) | K14: 4p2\normal4p2.out | P14: 4p2\normal.PRN
A15: Time | B15: Segment | C15: Airflow | D15: AirVel | F15: Time | G15: Segment | H15: Airflow | I15: AirVel | K15: Time | L15: Segment | M15: Airflow | N15: AirVel | P15: Time | Q15: Segment | R15: Airflow | S15: AirVel
A16: 0 | B16: 1 | F16: 0 | G16: 1 | H16: 0 | I16: 0 | K16: 0 | L16: 1 | M16: 0 | N16: 0 | P16: 0 | Q16: 1 | R16: 0 | S16: 0
A17: 0 | B17: 2 | F17: 0 | G17: 2 | H17: 0 | I17: 0 | K17: 0 | L17: 2 | M17: 0 | N17: 0 | P17: 0 | Q17: 2 | R17: 0 | S17: 0
A18: 0 | B18: 3 | F18: 0 | G18: 3 | H18: 0 | I18: 0 | K18: 0 | L18: 3 | M18: 0 | N18: 0 | P18: 0 | Q18: 3 | R18: 0 | S18: 0
A19: 0 | B19: 4 | F19: 0 | G19: 4 | H19: 0 | I19: 0 | K19: 0 | L19: 4 | M19: 0 | N19: 0 | P19: 0 | Q19: 4 | R19: 0 | S19: 0
A20: 0 | B20: 5 | F20: 0 | G20: 5 | H20: 0 | I20: 0 | K20: 0 | L20: 5 | M20: 0 | N20: 0 | P20: 0 | Q20: 5 | R20: 0 | S20: 0
A21: 0 | B21: 6 | F21: 0 | G21: 6 | H21: 0 | I21: 0 | K21: 0 | L21: 6 | M21: 0 | N21: 0 | P21: 0 | Q21: 6 | R21: 0 | S21: 0
A22: 0 | B22: 7 | F22: 0 | G22: 7 | H22: 0 | I22: 0 | K22: 0 | L22: 7 | M22: 0 | N22: 0 | P22: 0 | Q22: 7 | R22: 0 | S22: 0
A23: 0 | B23: 8 | F23: 0 | G23: 8 | H23: 0 | I23: 0 | K23: 0 | L23: 8 | M23: 0 | N23: 0 | P23: 0 | Q23: 8 | R23: 0 | S23: 0
A24: 0 | B24: 9 | F24: 0 | G24: 9 | H24: 0 | I24: 0 | K24: 0 | L24: 9 | M24: 0 | N24: 0 | P24: 0 | Q24: 9 | R24: 0 | S24: 0
A25: 0 | B25: 10 | F25: 0 | G25: 10 | H25: 0 | I25: 0 | K25: 0 | L25: 10 | M25: 0 | N25: 0 | P25: 0 | Q25: 10 | R25: 0 | S25: 0
A26: 0 | B26: 11 | F26: 0 | G26: 11 | H26: 0 | I26: 0 | K26: 0 | L26: 11 | M26: 0 | N26: 0 | P26: 0 | Q26: 11 | R26: 0 | S26: 0
A27: 0 | B27: 12 | F27: 0 | G27: 12 | H27: 0 | I27: 0 | K27: 0 | L27: 12 | M27: 0 | N27: 0 | P27: 0 | Q27: 12 | R27: 0 | S27: 0
... A33: 0 | B33: 114 | F33: 0 | G33: 114 | H33: 0 | I33: 0 | K33: 0 | L33: 114 | M33: 0 | N33: 0 | P33: 0 | Q33: 114 | R33: 0 | S33: 0
A34: 180 | B34: 1 | C34: 0.0015102318 | D34: 0 | F34: 180 | G34: 1 | H34: -0.0006 | I34: 0 | K34: 180 | L34: 1 | M34: 39.7284 | N34: 132.4 | P34: 180 | Q34: 1 | R34: 39.729 | S34: 132.4
A35: 180 | B35: 2 | C35: 0.0015102318 | D35: 0 | F35: 180 | G35: 2 | H35: -0.0006 | I35: 0 | K35: 180 | L35: 2 | M35: 39.7284 | N35: 158.9 | P35: 180 | Q35: 2 | R35: 39.729 | S35: 158.9
A36: 180 | B36: 3 | C36: 0.0015102318 | D36: 0 | F36: 180 | G36: 3 | H36: -0.0006 | I36: 0 | K36: 180 | L36: 3 | M36: 39.7284 | N36: 176.6 | P36: 180 | Q36: 3 | R36: 39.729 | S36: 176.6
A37: 180 | B37: 4 | C37: 0.00015697473 | D37: 0 | F37: 180 | G37: 4 | H37: 0.0005 | I37: 0 | K37: 180 | L37: 4 | M37: -318.5221 | N37: -1415.7 | P37: 180 | Q37: 4 | R37: -318.5226 | S37: -1415.7
A38: 180 | B38: 5 | C38: 0.0011706899 | D38: 0 | F38: 180 | G38: 5 | H38: -0.0007 | I38: 0 | K38: 180 | L38: 5 | M38: -59.7945 | N38: -265.8 | P38: 180 | Q38: 5 | R38: -59.7938 | S38: -265.8
A39: 180 | B39: 6 | C39: 0.00013203342 | D39: 0 | F39: 180 | G39: 6 | H39: 0.0004 | I39: 0 | K39: 180 | L39: 6 | M39: -302.9532 | N39: -1346.5 | P39: 180 | Q39: 6 | R39: -302.9536 | S39: -1346.5
A40: 180 | B40: 7 | C40: 8.2702178e-05 | D40: 0 | F40: 180 | G40: 7 | H40: -0.0003 | I40: 0 | K40: 180 | L40: 7 | M40: -362.7477 | N40: -518.2 | P40: 180 | Q40: 7 | R40: -362.7474 | S40: -518.2
A41: 180 | B41: 8 | C41: 0.00064283878 | D41: 0 | F41: 180 | G41: 8 | H41: -0.0001 | I41: 0 | K41: 180 | L41: 8 | M41: 15.5559 | N41: 34.6 | P41: 180 | Q41: 8 | R41: 15.556 | S41: 34.6
A42: 180 | B42: 9 | C42: 5.2867619e-05 | D42: 0 | F42: 180 | G42: 9 | H42: -0.0002 | I42: 0 | K42: 180 | L42: 9 | M42: -378.3036 | N42: -540.4 | P42: 180 | Q42: 9 | R42: -378.3034 | S42: -540.4
A43: 180 | B43: 10 | C43: 0 | D43: 0 | F43: 180 | G43: 10 | H43: 0 | I43: 0 | K43: 180 | L43: 10 | M43: 51.2503 | N43: 113.9 | P43: 180 | Q43: 10 | R43: 51.2503 | S43: 113.9
A44: 180 | B44: 11 | C44: 6.1152149e-05 | D44: 0 | F44: 180 | G44: 11 | H44: -0.0002 | I44: 0 | K44: 180 | L44: 11 | M44: -327.0533 | N44: -467.2 | P44: 180 | Q44: 11 | R44: -327.0531 | S44: -467.2
A45: 180 | B45: 12 | C45: 6.1152149e-05 | D45: 0 | F45: 180 | G45: 12 | H45: -0.0002 | I45: 0 | K45: 180 | L45: 12 | M45: -327.0533 | N45: -817.6 | P45: 180 | Q45: 12 | R45: -327.0531 | S45: -817.6
... A321: 990 | B321: 114 | C321: 7.2370578e-05 | D321: 0 | F321: 990 | G321: 114 | H321: 0.0001 | I321: 0 | K321: 990 | L321: 114 | M321: 138.1778 | N321: 921 | P321: 990 | Q321: 114 | R321: 138.1777 | S321: 921

Sheet SST
A1: Next-Vis Sheet: SST
A2: Summary
B3: Percent Error = Absolute value of [(Difference) / (4p2\normal.PRN)] x 100% | I3: Difference = (4p2\normal4p2.out) - (4p2\normal.PRN)
D4: AirTemp | E4: Humidity | F4: Sensible | G4: Latent | L4: AirTemp | M4: Humidity | N4: Sensible | O4: Latent
C5: count | D5: 418 | E5: 418 | F5: 210 | G5: 179 | K5: count | L5: 418 | M5: 418 | N5: 210 | O5: 210
C6: mean | D6: 0.01279533 | E6: 0.058289486 | F6: 0 | G6: 0.00040133565 | K6: mean | L6: -0.0012679426 | M6: 1.4114833e-06 | N6: 0 | O6: 0.00047619048
C7: std | D7: 0.018097983 | E7: 0.092496412 | F7: 0 | G7: 0.005369505 | K7: std | L7: 0.019219045 | M7: 1.8050504e-05 | N7: 0 | O7: 0.0069006556
C8: min | D8: 0 | E8: 0 | F8: 0 | G8: 0 | K8: min | L8: -0.05 | M8: -5e-05 | N8: 0 | O8: 0
C9: 25% | D9: 0 | E9: 0 | F9: 0 | G9: 0 | K9: 25% | L9: 0 | M9: 0 | N9: 0 | O9: 0
C10: 50% | D10: 0 | E10: 0 | F10: 0 | G10: 0 | K10: 50% | L10: 0 | M10: 0 | N10: 0 | O10: 0
C11: 75% | D11: 0.023337223 | E11: 0.099009901 | F11: 0 | G11: 0 | K11: 75% | L11: 0 | M11: 0 | N11: 0 | O11: 0
C12: max | D12: 0.06090134 | E12: 0.47169811 | F12: 0 | G12: 0.07183908 | K12: max | L12: 0.05 | M12: 5e-05 | N12: 0 | O12: 0.1
A13: Data
A14: Percent Error = Absolute value of [(Difference) / (4p2\normal.PRN)] x 100% | I14: Difference = (4p2\normal4p2.out) - (4p2\normal.PRN) | Q14: 4p2\normal4p2.out | Y14: 4p2\normal.PRN
A15: Time | B15: Segment | C15: Sub | D15: AirTemp | E15: Humidity | F15: Sensible | G15: Latent | I15: Time | J15: Segment | K15: Sub | L15: AirTemp | M15: Humidity | N15: Sensible | O15: Latent | Q15: Time | R15: Segment | S15: Sub | T15: AirTemp | U15: Humidity | V15: Sensible | W15: Latent | Y15: Time | Z15: Segment | AA15: Sub | AB15: AirTemp | AC15: Humidity | AD15: Sensible | AE15: Latent
A16: 0 | B16: 1 | C16: 1 | D16: 0 | E16: 0 | F16: 0 | I16: 0 | J16: 1 | K16: 1 | L16: 0 | M16: 0 | N16: 0 | O16: 0 | Q16: 0 | R16: 1 | S16: 1 | T16: 90 | U16: 0.02017 | V16: 0.2 | W16: 0 | Y16: 0 | Z16: 1 | AA16: 1 | AB16: 90 | AC16: 0.02017 | AD16: 0.2 | AE16: 0
A17: 0 | B17: 2 | C17: 1 | D17: 0 | E17: 0 | F17: 0 | I17: 0 | J17: 2 | K17: 1 | L17: 0 | M17: 0 | N17: 0 | O17: 0 | Q17: 0 | R17: 2 | S17: 1 | T17: 90 | U17: 0.02017 | V17: 0.2 | W17: 0 | Y17: 0 | Z17: 2 | AA17: 1 | AB17: 90 | AC17: 0.02017 | AD17: 0.2 | AE17: 0
A18: 0 | B18: 3 | C18: 1 | D18: 0 | E18: 0 | F18: 0 | I18: 0 | J18: 3 | K18: 1 | L18: 0 | M18: 0 | N18: 0 | O18: 0 | Q18: 0 | R18: 3 | S18: 1 | T18: 90 | U18: 0.02017 | V18: 0.4 | W18: 0 | Y18: 0 | Z18: 3 | AA18: 1 | AB18: 90 | AC18: 0.02017 | AD18: 0.4 | AE18: 0
A19: 0 | B19: 3 | C19: 2 | D19: 0 | E19: 0 | F19: 0 | I19: 0 | J19: 3 | K19: 2 | L19: 0 | M19: 0 | N19: 0 | O19: 0 | Q19: 0 | R19: 3 | S19: 2 | T19: 90 | U19: 0.02017 | V19: 0.4 | W19: 0 | Y19: 0 | Z19: 3 | AA19: 2 | AB19: 90 | AC19: 0.02017 | AD19: 0.4 | AE19: 0
A20: 0 | B20: 4 | C20: 1 | D20: 0 | E20: 0 | F20: 0 | I20: 0 | J20: 4 | K20: 1 | L20: 0 | M20: 0 | N20: 0 | O20: 0 | Q20: 0 | R20: 4 | S20: 1 | T20: 90 | U20: 0.02017 | V20: 2.5 | W20: 0 | Y20: 0 | Z20: 4 | AA20: 1 | AB20: 90 | AC20: 0.02017 | AD20: 2.5 | AE20: 0
A21: 0 | B21: 4 | C21: 2 | D21: 0 | E21: 0 | F21: 0 | I21: 0 | J21: 4 | K21: 2 | L21: 0 | M21: 0 | N21: 0 | O21: 0 | Q21: 0 | R21: 4 | S21: 2 | T21: 90 | U21: 0.02017 | V21: 2.5 | W21: 0 | Y21: 0 | Z21: 4 | AA21: 2 | AB21: 90 | AC21: 0.02017 | AD21: 2.5 | AE21: 0
A22: 0 | B22: 4 | C22: 3 | D22: 0 | E22: 0 | F22: 0 | I22: 0 | J22: 4 | K22: 3 | L22: 0 | M22: 0 | N22: 0 | O22: 0 | Q22: 0 | R22: 4 | S22: 3 | T22: 90 | U22: 0.02017 | V22: 2.5 | W22: 0 | Y22: 0 | Z22: 4 | AA22: 3 | AB22: 90 | AC22: 0.02017 | AD22: 2.5 | AE22: 0
A23: 0 | B23: 5 | C23: 1 | D23: 0 | E23: 0 | F23: 0 | I23: 0 | J23: 5 | K23: 1 | L23: 0 | M23: 0 | N23: 0 | O23: 0 | Q23: 0 | R23: 5 | S23: 1 | T23: 90 | U23: 0.02017 | V23: 0.4 | W23: 0 | Y23: 0 | Z23: 5 | AA23: 1 | AB23: 90 | AC23: 0.02017 | AD23: 0.4 | AE23: 0
A24: 0 | B24: 5 | C24: 2 | D24: 0 | E24: 0 | F24: 0 | I24: 0 | J24: 5 | K24: 2 | L24: 0 | M24: 0 | N24: 0 | O24: 0 | Q24: 0 | R24: 5 | S24: 2 | T24: 90 | U24: 0.02017 | V24: 0.4 | W24: 0 | Y24: 0 | Z24: 5 | AA24: 2 | AB24: 90 | AC24: 0.02017 | AD24: 0.4 | AE24: 0
A25: 0 | B25: 5 | C25: 3 | D25: 0 | E25: 0 | F25: 0 | I25: 0 | J25: 5 | K25: 3 | L25: 0 | M25: 0 | N25: 0 | O25: 0 | Q25: 0 | R25: 5 | S25: 3 | T25: 90 | U25: 0.02017 | V25: 0.4 | W25: 0 | Y25: 0 | Z25: 5 | AA25: 3 | AB25: 90 | AC25: 0.02017 | AD25: 0.4 | AE25: 0
A26: 0 | B26: 6 | C26: 1 | D26: 0 | E26: 0 | F26: 0 | I26: 0 | J26: 6 | K26: 1 | L26: 0 | M26: 0 | N26: 0 | O26: 0 | Q26: 0 | R26: 6 | S26: 1 | T26: 90 | U26: 0.02017 | V26: 2.5 | W26: 0 | Y26: 0 | Z26: 6 | AA26: 1 | AB26: 90 | AC26: 0.02017 | AD26: 2.5 | AE26: 0
A27: 0 | B27: 6 | C27: 2 | D27: 0 | E27: 0 | F27: 0 | I27: 0 | J27: 6 | K27: 2 | L27: 0 | M27: 0 | N27: 0 | O27: 0 | Q27: 0 | R27: 6 | S27: 2 | T27: 90 | U27: 0.02017 | V27: 2.5 | W27: 0 | Y27: 0 | Z27: 6 | AA27: 2 | AB27: 90 | AC27: 0.02017 | AD27: 2.5 | AE27: 0
A28: 0 | B28: 6 | C28: 3 | D28: 0 | E28: 0 | F28: 0 | I28: 0 | J28: 6 | K28: 3 | L28: 0 | M28: 0 | N28: 0 | O28: 0 | Q28: 0 | R28: 6 | S28: 3 | T28: 90 | U28: 0.02017 | V28: 2.5 | W28: 0 | Y28: 0 | Z28: 6 | AA28: 3 | AB28: 90 | AC28: 0.02017 | AD28: 2.5 | AE28: 0
A29: 0 | B29: 7 | C29: 1 | D29: 0 | E29: 0 | F29: 0 | G29: 0 | I29: 0 | J29: 7 | K29: 1 | L29: 0 | M29: 0 | N29: 0 | O29: 0 | Q29: 0 | R29: 7 | S29: 1 | T29: 80 | U29: 0.01364 | V29: 32.6 | W29: 11.7 | Y29: 0 | Z29: 7 | AA29: 1 | AB29: 80 | AC29: 0.01364 | AD29: 32.6 | AE29: 11.7
A30: 0 | B30: 8 | C30: 1 | D30: 0 | E30: 0 | F30: 0 | I30: 0 | J30: 8 | K30: 1 | L30: 0 | M30: 0 | N30: 0 | O30: 0 | Q30: 0 | R30: 8 | S30: 1 | T30: 85 | U30: 0.01492 | V30: 22.9 | W30: 0 | Y30: 0 | Z30: 8 | AA30: 1 | AB30: 85 | AC30: 0.01492 | AD30: 22.9 | AE30: 0
A31: 0 | B31: 8 | C31: 2 | D31: 0 | E31: 0 | F31: 0 | I31: 0 | J31: 8 | K31: 2 | L31: 0 | M31: 0 | N31: 0 | O31: 0 | Q31: 0 | R31: 8 | S31: 2 | T31: 85 | U31: 0.01492 | V31: 22.9 | W31: 0 | Y31: 0 | Z31: 8 | AA31: 2 | AB31: 85 | AC31: 0.01492 | AD31: 22.9 | AE31: 0
A32: 0 | B32: 9 | C32: 1 | D32: 0 | E32: 0 | F32: 0 | G32: 0 | I32: 0 | J32: 9 | K32: 1 | L32: 0 | M32: 0 | N32: 0 | O32: 0 | Q32: 0 | R32: 9 | S32: 1 | T32: 80 | U32: 0.01364 | V32: 86.1 | W32: 17.9 | Y32: 0 | Z32: 9 | AA32: 1 | AB32: 80 | AC32: 0.01364 | AD32: 86.1 | AE32: 17.9
A33: 0 | B33: 9 | C33: 2 | D33: 0 | E33: 0 | F33: 0 | G33: 0 | I33: 0 | J33: 9 | K33: 2 | L33: 0 | M33: 0 | N33: 0 | O33: 0 | Q33: 0 | R33: 9 | S33: 2 | T33: 80 | U33: 0.01364 | V33: 93.6 | W33: 18.8 | Y33: 0 | Z33: 9 | AA33: 2 | AB33: 80 | AC33: 0.01364 | AD33: 93.6 | AE33: 18.8
A34: 0 | B34: 9 | C34: 3 | D34: 0 | E34: 0 | F34: 0 | G34: 0 | I34: 0 | J34: 9 | K34: 3 | L34: 0 | M34: 0 | N34: 0 | O34: 0 | Q34: 0 | R34: 9 | S34: 3 | T34: 80 | U34: 0.01364 | V34: 93.6 | W34: 18.8 | Y34: 0 | Z34: 9 | AA34: 3 | AB34: 80 | AC34: 0.01364 | AD34: 93.6 | AE34: 18.8
A35: 0 | B35: 9 | C35: 4 | D35: 0 | E35: 0 | F35: 0 | G35: 0 | I35: 0 | J35: 9 | K35: 4 | L35: 0 | M35: 0 | N35: 0 | O35: 0 | Q35: 0 | R35: 9 | S35: 4 | T35: 80 | U35: 0.01364 | V35: 93.6 | W35: 18.8 | Y35: 0 | Z35: 9 | AA35: 4 | AB35: 80 | AC35: 0.01364 | AD35: 93.6 | AE35: 18.8
A36: 0 | B36: 10 | C36: 1 | D36: 0 | E36: 0 | F36: 0 | I36: 0 | J36: 10 | K36: 1 | L36: 0 | M36: 0 | N36: 0 | O36: 0 | Q36: 0 | R36: 10 | S36: 1 | T36: 85 | U36: 0.01492 | V36: 22.9 | W36: 0 | Y36: 0 | Z36: 10 | AA36: 1 | AB36: 85 | AC36: 0.01492 | AD36: 22.9 | AE36: 0
A37: 0 | B37: 10 | C37: 2 | D37: 0 | E37: 0 | F37: 0 | I37: 0 | J37: 10 | K37: 2 | L37: 0 | M37: 0 | N37: 0 | O37: 0 | Q37: 0 | R37: 10 | S37: 2 | T37: 85 | U37: 0.01492 | V37: 22.9 | W37: 0 | Y37: 0 | Z37: 10 | AA37: 2 | AB37: 85 | AC37: 0.01492 | AD37: 22.9 | AE37: 0
A38: 0 | B38: 11 | C38: 1 | D38: 0 | E38: 0 | F38: 0 | G38: 0 | I38: 0 | J38: 11 | K38: 1 | L38: 0 | M38: 0 | N38: 0 | O38: 0 | Q38: 0 | R38: 11 | S38: 1 | T38: 80 | U38: 0.01364 | V38: 95.9 | W38: 18.4 | Y38: 0 | Z38: 11 | AA38: 1 | AB38: 80 | AC38: 0.01364 | AD38: 95.9 | AE38: 18.4
A39: 0 | B39: 12 | C39: 1 | D39: 0 | E39: 0 | F39: 0 | G39: 0 | I39: 0 | J39: 12 | K39: 1 | L39: 0 | M39: 0 | N39: 0 | O39: 0 | Q39: 0 | R39: 12 | S39: 1 | T39: 90 | U39: 0.02017 | V39: 39.7 | W39: 6 | Y39: 0 | Z39: 12 | AA39: 1 | AB39: 90 | AC39: 0.02017 | AD39: 39.7 | AE39: 6
A40: 0 | B40: 12 | C40: 2 | D40: 0 | E40: 0 | F40: 0 | I40: 0 | J40: 12 | K40: 2 | L40: 0 | M40: 0 | N40: 0 | O40: 0 | Q40: 0 | R40: 12 | S40: 2 | T40: 90 | U40: 0.02017 | V40: 2.4 | W40: 0 | Y40: 0 | Z40: 12 | AA40: 2 | AB40: 90 | AC40: 0.02017 | AD40: 2.4 | AE40: 0
A41: 0 | B41: 12 | C41: 3 | D41: 0 | E41: 0 | F41: 0 | I41: 0 | J41: 12 | K41: 3 | L41: 0 | M41: 0 | N41: 0 | O41: 0 | Q41: 0 | R41: 12 | S41: 3 | T41: 90 | U41: 0.02017 | V41: 2.4 | W41: 0 | Y41: 0 | Z41: 12 | AA41: 3 | AB41: 90 | AC41: 0.02017 | AD41: 2.4 | AE41: 0
A42: 0 | B42: 13 | C42: 1 | D42: 0 | E42: 0 | F42: 0 | I42: 0 | J42: 13 | K42: 1 | L42: 0 | M42: 0 | N42: 0 | O42: 0 | Q42: 0 | R42: 13 | S42: 1 | T42: 90 | U42: 0.02017 | V42: 2.8 | W42: 0 | Y42: 0 | Z42: 13 | AA42: 1 | AB42: 90 | AC42: 0.02017 | AD42: 2.8 | AE42: 0
A43: 0 | B43: 13 | C43: 2 | D43: 0 | E43: 0 | F43: 0 | I43: 0 | J43: 13 | K43: 2 | L43: 0 | M43: 0 | N43: 0 | O43: 0 | Q43: 0 | R43: 13 | S43: 2 | T43: 90 | U43: 0.02017 | V43: 2.8 | W43: 0 | Y43: 0 | Z43: 13 | AA43: 2 | AB43: 90 | AC43: 0.02017 | AD43: 2.8 | AE43: 0
A44: 0 | B44: 14 | C44: 1 | D44: 0 | E44: 0 | F44: 0 | I44: 0 | J44: 14 | K44: 1 | L44: 0 | M44: 0 | N44: 0 | O44: 0 | Q44: 0 | R44: 14 | S44: 1 | T44: 90 | U44: 0.02017 | V44: 2.1 | W44: 0 | Y44: 0 | Z44: 14 | AA44: 1 | AB44: 90 | AC44: 0.02017 | AD44: 2.1 | AE44: 0
A45: 0 | B45: 14 | C45: 2 | D45: 0 | E45: 0 | F45: 0 | I45: 0 | J45: 14 | K45: 2 | L45: 0 | M45: 0 | N45: 0 | O45: 0 | Q45: 0 | R45: 14 | S45: 2 | T45: 90 | U45: 0.02017 | V45: 2.1 | W45: 0 | Y45: 0 | Z45: 14 | AA45: 2 | AB45: 90 | AC45: 0.02017 | AD45: 2.1 | AE45: 0
A46: 0 | B46: 103 | C46: 1 | D46: 0 | E46: 0 | I46: 0 | J46: 103 | K46: 1 | L46: 0 | M46: 0 | Q46: 0 | R46: 103 | S46: 1 | T46: 90 | U46: 0.03149 | Y46: 0 | Z46: 103 | AA46: 1 | AB46: 90 | AC46: 0.03149
A47: 0 | B47: 104 | C47: 1 | D47: 0 | E47: 0 | I47: 0 | J47: 104 | K47: 1 | L47: 0 | M47: 0 | Q47: 0 | R47: 104 | S47: 1 | T47: 90 | U47: 0.02017 | Y47: 0 | Z47: 104 | AA47: 1 | AB47: 90 | AC47: 0.02017
A48: 0 | B48: 110 | C48: 1 | D48: 0 | E48: 0 | I48: 0 | J48: 110 | K48: 1 | L48: 0 | M48: 0 | Q48: 0 | R48: 110 | S48: 1 | T48: 90 | U48: 0.02017 | Y48: 0 | Z48: 110 | AA48: 1 | AB48: 90 | AC48: 0.02017
A49: 0 | B49: 114 | C49: 1 | D49: 0 | E49: 0 | I49: 0 | J49: 114 | K49: 1 | L49: 0 | M49: 0 | Q49: 0 | R49: 114 | S49: 1 | T49: 90 | U49: 0.02017 | Y49: 0 | Z49: 114 | AA49: 1 | AB49: 90 | AC49: 0.02017
A50: 180 | B50: 1 | C50: 1 | D50: 0.022222222 | E50: 0.099009901 | I50: 180 | J50: 1 | K50: 1 | L50: -0.02 | M50: -2e-05 | Q50: 180 | R50: 1 | S50: 1 | T50: 89.98 | U50: 0.02018 | V50: -0.2 | W50: 0.4 | Y50: 180 | Z50: 1 | AA50: 1 | AB50: 90 | AC50: 0.0202
A51: 180 | B51: 2 | C51: 1 | D51: 0.033333333 | E51: 0.099009901 | I51: 180 | J51: 2 | K51: 1 | L51: -0.03 | M51: -2e-05 | Q51: 180 | R51: 2 | S51: 1 | T51: 89.97 | U51: 0.02018 | V51: -0.2 | W51: 0.4 | Y51: 180 | Z51: 2 | AA51: 1 | AB51: 90 | AC51: 0.0202
A52: 180 | B52: 3 | C52: 1 | D52: 0.011098779 | E52: 0 | I52: 180 | J52: 3 | K52: 1 | L52: -0.01 | M52: 0 | Q52: 180 | R52: 3 | S52: 1 | T52: 90.09 | U52: 0.0202 | V52: -0.5 | W52: 0.9 | Y52: 180 | Z52: 3 | AA52: 1 | AB52: 90.1 | AC52: 0.0202
A53: 180 | B53: 3 | C53: 2 | I53: 180 | J53: 3 | K53: 2 | Q53: 180 | R53: 3 | S53: 2 | T53: 90.5 | U53: 0.02023 | V53: -0.6 | W53: 0.9 | Y53: 180 | Z53: 4 | AA53: 1 | AB53: 94.1 | AC53: 0.0188
A54: 180 | B54: 4 | C54: 1 | D54: 0 | E54: 0 | I54: 180 | J54: 4 | K54: 1 | L54: 0 | M54: 0 | Q54: 180 | R54: 4 | S54: 1 | T54: 94.1 | U54: 0.0188 | V54: -4.9 | W54: 8.7 | Y54: 180 | Z54: 5 | AA54: 1 | AB54: 91.4 | AC54: 0.0203
A55: 180 | B55: 4 | C55: 2 | I55: 180 | J55: 4 | K55: 2 | Q55: 180 | R55: 4 | S55: 2 | T55: 94.06 | U55: 0.01884 | V55: -4.9 | W55: 8.7 | Y55: 180 | Z55: 6 | AA55: 1 | AB55: 94.2 | AC55: 0.0183
A56: 180 | B56: 4 | C56: 3 | I56: 180 | J56: 4 | K56: 3 | Q56: 180 | R56: 4 | S56: 3 | T56: 94.06 | U56: 0.01872 | V56: -5 | W56: 8.8 | Y56: 180 | Z56: 7 | AA56: 1 | AB56: 95.5 | AC56: 0.0167
A57: 180 | B57: 5 | C57: 1 | D57: 0.010940919 | E57: 0.14778325 | I57: 180 | J57: 5 | K57: 1 | L57: -0.01 | M57: -3e-05 | Q57: 180 | R57: 5 | S57: 1 | T57: 91.39 | U57: 0.02027 | V57: -1.1 | W57: 1.5 | Y57: 180 | Z57: 8 | AA57: 1 | AB57: 91.6 | AC57: 0.0177
A58: 180 | B58: 5 | C58: 2 | I58: 180 | J58: 5 | K58: 2 | Q58: 180 | R58: 5 | S58: 2 | T58: 92.22 | U58: 0.02027 | V58: -1.1 | W58: 1.5 | Y58: 180 | Z58: 9 | AA58: 1 | AB58: 95.7 | AC58: 0.0167
A59: 180 | B59: 5 | C59: 3 | I59: 180 | J59: 5 | K59: 3 | Q59: 180 | R59: 5 | S59: 3 | T59: 93.41 | U59: 0.01982 | V59: -1.3 | W59: 1.7 | Y59: 180 | Z59: 10 | AA59: 1 | AB59: 91.3 | AC59: 0.0179
A60: 180 | B60: 6 | C60: 1 | D60: 0 | E60: 0.21857923 | I60: 180 | J60: 6 | K60: 1 | L60: 0 | M60: 4e-05 | Q60: 180 | R60: 6 | S60: 1 | T60: 94.2 | U60: 0.01834 | V60: -5 | W60: 8.7 | Y60: 180 | Z60: 11 | AA60: 1 | AB60: 97.8 | AC60: 0.0189
A61: 180 | B61: 6 | C61: 2 | I61: 180 | J61: 6 | K61: 2 | Q61: 180 | R61: 6 | S61: 2 | T61: 94.33 | U61: 0.01778 | V61: -5.4 | W61: 9 | Y61: 180 | Z61: 12 | AA61: 1 | AB61: 99.6 | AC61: 0.0194
A62: 180 | B62: 6 | C62: 3 | I62: 180 | J62: 6 | K62: 3 | Q62: 180 | R62: 6 | S62: 3 | T62: 94.84 | U62: 0.01713 | V62: -6 | W62: 9.6 | Y62: 180 | Z62: 13 | AA62: 1 | AB62: 93.3 | AC62: 0.0202
A63: 180 | B63: 7 | C63: 1 | D63: 0.041884817 | E63: 0.17964072 | I63: 180 | J63: 7 | K63: 1 | L63: 0.04 | M63: 3e-05 | Q63: 180 | R63: 7 | S63: 1 | T63: 95.54 | U63: 0.01673 | V63: 99.6 | W63: 19.5 | Y63: 180 | Z63: 14 | AA63: 1 | AB63: 91.2 | AC63: 0.0202
A64: 180 | B64: 8 | C64: 1 | D64: 0.021834061 | E64: 0.16949153 | I64: 180 | J64: 8 | K64: 1 | L64: -0.02 | M64: -3e-05 | Q64: 180 | R64: 8 | S64: 1 | T64: 91.58 | U64: 0.01767 | V64: 22.9 | W64: 0 | Y64: 180 | Z64: 103 | AA64: 1 | AB64: 90.7 | AC64: 0.0202
A65: 180 | B65: 8 | C65: 2 | I65: 180 | J65: 8 | K65: 2 | Q65: 180 | R65: 8 | S65: 2 | T65: 91.1 | U65: 0.01878 | V65: 22.9 | W65: 0 | Y65: 180 | Z65: 104 | AA65: 1 | AB65: 90.1 | AC65: 0.02
A66: 180 | B66: 9 | C66: 1 | D66: 0.031347962 | E66: 0.23952096 | I66: 180 | J66: 9 | K66: 1 | L66: 0.03 | M66: 4e-05 | Q66: 180 | R66: 9 | S66: 1 | T66: 95.73 | U66: 0.01674 | V66: 197.2 | W66: 22.5 | Y66: 180 | Z66: 110 | AA66: 1 | AB66: 90.5 | AC66: 0.0192
A67: 180 | B67: 9 | C67: 2 | I67: 180 | J67: 9 | K67: 2 | Q67: 180 | R67: 9 | S67: 2 | T67: 96.27 | U67: 0.01708 | V67: 313 | W67: 22.8 | Y67: 180 | Z67: 114 | AA67: 1 | AB67: 93.7 | AC67: 0.0202
A68: 180 | B68: 9 | C68: 3 | I68: 180 | J68: 9 | K68: 3 | Q68: 180 | R68: 9 | S68: 3 | T68: 96.8 | U68: 0.01761 | V68: 313.1 | W68: 22.8 | Y68: 270 | Z68: 1 | AA68: 1 | AB68: 89.98 | AC68: 0.02018 | AD68: -0.2 | AE68: 0.4
A69: 180 | B69: 9 | C69: 4 | I69: 180 | J69: 9 | K69: 4 | Q69: 180 | R69: 9 | S69: 4 | T69: 96.97 | U69: 0.01815 | V69: 313.2 | W69: 22.6 | Y69: 270 | Z69: 2 | AA69: 1 | AB69: 89.97 | AC69: 0.02018 | AD69: -0.2 | AE69: 0.4
A70: 180 | B70: 10 | C70: 1 | D70: 0.021905805 | E70: 0.22346369 | I70: 180 | J70: 10 | K70: 1 | L70: -0.02 | M70: 4e-05 | Q70: 180 | R70: 10 | S70: 1 | T70: 91.28 | U70: 0.01794 | V70: 22.9 | W70: 0 | Y70: 270 | Z70: 3 | AA70: 1 | AB70: 90.09 | AC70: 0.0202 | AD70: -0.5 | AE70: 0.9
A71: 180 | B71: 10 | C71: 2 | I71: 180 | J71: 10 | K71: 2 | Q71: 180 | R71: 10 | S71: 2 | T71: 92.4 | U71: 0.01733 | V71: 22.9 | W71: 0 | Y71: 270 | Z71: 3 | AA71: 2 | AB71: 90.49 | AC71: 0.02023 | AD71: -0.6 | AE71: 1
A72: 180 | B72: 11 | C72: 1 | D72: 0.030674847 | E72: 0.052910053 | I72: 180 | J72: 11 | K72: 1 | L72: 0.03 | M72: -1e-05 | Q72: 180 | R72: 11 | S72: 1 | T72: 97.83 | U72: 0.01889 | V72: 301 | W72: 20.4 | Y72: 270 | Z72: 4 | AA72: 1 | AB72: 95.11 | AC72: 0.01901 | AD72: -5.3 | AE72: 9.1
A73: 180 | B73: 12 | C73: 1 | D73: 0.020080321 | E73: 0.15463918 | I73: 180 | J73: 12 | K73: 1 | L73: -0.02 | M73: 3e-05 | Q73: 180 | R73: 12 | S73: 1 | T73: 99.58 | U73: 0.01943 | V73: 265.4 | W73: 8.6 | Y73: 270 | Z73: 4 | AA73: 2 | AB73: 95.16 | AC73: 0.01914 | AD73: -5.2 | AE73: 9
A74: 180 | B74: 12 | C74: 2 | I74: 180 | J74: 12 | K74: 2 | Q74: 180 | R74: 12 | S74: 2 | T74: 97.97 | U74: 0.01992 | V74: -3.4 | W74: 6 | Y74: 270 | Z74: 4 | AA74: 3 | AB74: 95.37 | AC74: 0.01916 | AD74: -5.3 | AE74: 9.1
A75: 180 | B75: 12 | C75: 3 | I75: 180 | J75: 12 | K75: 3 | Q75: 180 | R75: 12 | S75: 3 | T75: 95.52 | U75: 0.02016 | V75: -2.6 | W75: 5.3 | Y75: 270 | Z75: 5 | AA75: 1 | AB75: 91.39 | AC75: 0.02026 | AD75: -1.1 | AE75: 1.5
A76: 180 | B76: 13 | C76: 1 | D76: 0.010718114 | E76: 0.14851485 | I76: 180 | J76: 13 | K76: 1 | L76: -0.01 | M76: 3e-05 | Q76: 180 | R76: 13 | S76: 1 | T76: 93.29 | U76: 0.02023 | V76: -3.8 | W76: 7.6 | Y76: 270 | Z76: 5 | AA76: 2 | AB76: 92.27 | AC76: 0.02026 | AD76: -1.1 | AE76: 1.5
A77: 180 | B77: 13 | C77: 2 | I77: 180 | J77: 13 | K77: 2 | Q77: 180 | R77: 13 | S77: 2 | T77: 92.02 | U77: 0.02021 | V77: -3.3 | W77: 7 | Y77: 270 | Z77: 5 | AA77: 3 | AB77: 94.01 | AC77: 0.02001 | AD77: -1.4 | AE77: 1.7
A78: 180 | B78: 14 | C78: 1 | D78: 0.043859649 | E78: 0.04950495 | I78: 180 | J78: 14 | K78: 1 | L78: -0.04 | M78: -1e-05 | Q78: 180 | R78: 14 | S78: 1 | T78: 91.16 | U78: 0.02019 | V78: -2 | W78: 4.3 | Y78: 270 | Z78: 6 | AA78: 1 | AB78: 95.97 | AC78: 0.019 | AD78: -5.4 | AE78: 9.1
A79: 180 | B79: 14 | C79: 2 | I79: 180 | J79: 14 | K79: 2 | Q79: 180 | R79: 14 | S79: 2 | T79: 90.4 | U79: 0.02018 | V79: -1.8 | W79: 4.1 | Y79: 270 | Z79: 6 | AA79: 2 | AB79: 96.75 | AC79: 0.01876 | AD79: -5.9 | AE79: 9.5
A80: 180 | B80: 103 | C80: 1 | D80: 0.011025358 | E80: 0.14851485 | I80: 180 | J80: 103 | K80: 1 | L80: -0.01 | M80: 3e-05 | Q80: 180 | R80: 103 | S80: 1 | T80: 90.69 | U80: 0.02023 | Y80: 270 | Z80: 6 | AA80: 3 | AB80: 98.06 | AC80: 0.01848 | AD80: -6.6 | AE80: 10.3
A81: 180 | B81: 104 | C81: 1 | D81: 0.022197558 | E81: 0.1 | I81: 180 | J81: 104 | K81: 1 | L81: -0.02 | M81: 2e-05 | Q81: 180 | R81: 104 | S81: 1 | T81: 90.08 | U81: 0.02002 | Y81: 270 | Z81: 7 | AA81: 1 | AB81: 99.41 | AC81: 0.0184 | AD81: 98.7 | AE81: 20
A82: 180 | B82: 110 | C82: 1 | D82: 0.022099448 | E82: 0.10416667 | I82: 180 | J82: 110 | K82: 1 | L82: -0.02 | M82: 2e-05 | Q82: 180 | R82: 110 | S82: 1 | T82: 90.48 | U82: 0.01922 | Y82: 270 | Z82: 8 | AA82: 1 | AB82: 93.6 | AC82: 0.01857 | AD82: 22.9 | AE82: 0
A83: 180 | B83: 114 | C83: 1 | D83: 0.021344717 | E83: 0.14851485 | I83: 180 | J83: 114 | K83: 1 | L83: 0.02 | M83: 3e-05 | Q83: 180 | R83: 114 | S83: 1 | T83: 93.72 | U83: 0.02023 | Y83: 270 | Z83: 8 | AA83: 2 | AB83: 92.04 | AC83: 0.01931 | AD83: 22.9 | AE83: 0
A84: 270 | B84: 1 | C84: 1 | D84: 0 | E84: 0 | F84: 0 | G84: 0 | I84: 270 | J84: 1 | K84: 1 | L84: 0 | M84: 0 | N84: 0 | O84: 0 | Q84: 270 | R84: 1 | S84: 1 | T84: 89.98 | U84: 0.02018 | V84: -0.2 | W84: 0.4 | Y84: 270 | Z84: 9 | AA84: 1 | AB84: 99.6 | AC84: 0.01859 | AD84: 189.1 | AE84: 22.8
A85: 270 | B85: 2 | C85: 1 | D85: 0 | E85: 0 | F85: 0 | G85: 0 | I85: 270 | J85: 2 | K85: 1 | L85: 0 | M85: 0 | N85: 0 | O85: 0 | Q85: 270 | R85: 2 | S85: 1 | T85: 89.97 | U85: 0.02018 | V85: -0.2 | W85: 0.4 | Y85: 270 | Z85: 9 | AA85: 2 | AB85: 99.81 | AC85: 0.01889 | AD85: 312.5 | AE85: 23
A86: 270 | B86: 3 | C86: 1 | D86: 0 | E86: 0 | F86: 0 | G86: 0 | I86: 270 | J86: 3 | K86: 1 | L86: 0 | M86: 0 | N86: 0 | O86: 0 | Q86: 270 | R86: 3 | S86: 1 | T86: 90.09 | U86: 0.0202 | V86: -0.5 | W86: 0.9 | Y86: 270 | Z86: 9 | AA86: 3 | AB86: 99.77 | AC86: 0.01921 | AD86: 312.6 | AE86: 22.9
A87: 270 | B87: 3 | C87: 2 | D87: 0 | E87: 0 | F87: 0 | G87: 0 | I87: 270 | J87: 3 | K87: 2 | L87: 0 | M87: 0 | N87: 0 | O87: 0 | Q87: 270 | R87: 3 | S87: 2 | T87: 90.49 | U87: 0.02023 | V87: -0.6 | W87: 1 | Y87: 270 | Z87: 9 | AA87: 4 | AB87: 99.3 | AC87: 0.01945 | AD87: 312.8 | AE87: 22.7
A88: 270 | B88: 4 | C88: 1 | D88: 0 | E88: 0 | F88: 0 | G88: 0 | I88: 270 | J88: 4 | K88: 1 | L88: 0 | M88: 0 | N88: 0 | O88: 0 | Q88: 270 | R88: 4 | S88: 1 | T88: 95.11 | U88: 0.01901 | V88: -5.3 | W88: 9.1 | Y88: 270 | Z88: 10 | AA88: 1 | AB88: 92.91 | AC88: 0.01879 | AD88: 22.9 | AE88: 0
A89: 270 | B89: 4 | C89: 2 | D89: 0 | E89: 0 | F89: 0 | G89: 0 | I89: 270 | J89: 4 | K89: 2 | L89: 0 | M89: 0 | N89: 0 | O89: 0 | Q89: 270 | R89: 4 | S89: 2 | T89: 95.16 | U89: 0.01914 | V89: -5.2 | W89: 9 | Y89: 270 | Z89: 10 | AA89: 2 | AB89: 94.86 | AC89: 0.01856 | AD89: 22.9 | AE89: 0
A90: 270 | B90: 4 | C90: 3 | D90: 0 | E90: 0 | F90: 0 | G90: 0 | I90: 270 | J90: 4 | K90: 3 | L90: 0 | M90: 0 | N90: 0 | O90: 0 | Q90: 270 | R90: 4 | S90: 3 | T90: 95.37 | U90: 0.01916 | V90: -5.3 | W90: 9.1 | Y90: 270 | Z90: 11 | AA90: 1 | AB90: 99.39 | AC90: 0.01983 | AD90: 300 | AE90: 20.3
A91: 270 | B91: 5 | C91: 1 | D91: 0 | E91: 0 | F91: 0 | G91: 0 | I91: 270 | J91: 5 | K91: 1 | L91: 0 | M91: 0 | N91: 0 | O91: 0 | Q91: 270 | R91: 5 | S91: 1 | T91: 91.39 | U91: 0.02026 | V91: -1.1 | W91: 1.5 | Y91: 270 | Z91: 12 | AA91: 1 | AB91: 100.47 | AC91: 0.02002 | AD91: 275.4 | AE91: 8.6
A92: 270 | B92: 5 | C92: 2 | D92: 0 | E92: 0 | F92: 0 | G92: 0 | I92: 270 | J92: 5 | K92: 2 | L92: 0 | M92: 0 | N92: 0 | O92: 0 | Q92: 270 | R92: 5 | S92: 2 | T92: 92.27 | U92: 0.02026 | V92: -1.1 | W92: 1.5 | Y92: 270 | Z92: 12 | AA92: 2 | AB92: 98.32 | AC92: 0.02018 | AD92: -3.4 | AE92: 6.1
A93: 270 | B93: 5 | C93: 3 | D93: 0.010637166 | E93: 0 | F93: 0 | G93: 0 | I93: 270 | J93: 5 | K93: 3 | L93: -0.01 | M93: 0 | N93: 0 | O93: 0 | Q93: 270 | R93: 5 | S93: 3 | T93: 94 | U93: 0.02001 | V93: -1.4 | W93: 1.7 | Y93: 270 | Z93: 12 | AA93: 3 | AB93: 95.58 | AC93: 0.02023 | AD93: -2.6 | AE93: 5.3
A94: 270 | B94: 6 | C94: 1 | D94: 0 | E94: 0 | F94: 0 | G94: 0 | I94: 270 | J94: 6 | K94: 1 | L94: 0 | M94: 0 | N94: 0 | O94: 0 | Q94: 270 | R94: 6 | S94: 1 | T94: 95.97 | U94: 0.019 | V94: -5.4 | W94: 9.1 | Y94: 270 | Z94: 13 | AA94: 1 | AB94: 93.27 | AC94: 0.02023 | AD94: -3.8 | AE94: 7.6
A95: 270 | B95: 6 | C95: 2 | D95: 0 | E95: 0 | F95: 0 | G95: 0 | I95: 270 | J95: 6 | K95: 2 | L95: 0 | M95: 0 | N95: 0 | O95: 0 | Q95: 270 | R95: 6 | S95: 2 | T95: 96.75 | U95: 0.01876 | V95: -5.9 | W95: 9.5 | Y95: 270 | Z95: 13 | AA95: 2 | AB95: 92 | AC95: 0.02021 | AD95: -3.3 | AE95: 7
... A97: 270 | B97: 7 | C97: 1 | D97: 0 | E97: 0 | F97: 0 | G97: 0 | I97: 270 | J97: 7 | K97: 1 | L97: 0 | M97: 0 | N97: 0 | O97: 0 | Q97: 270 | R97: 7 | S97: 1 | T97: 99.41 | U97: 0.0184 | V97: 98.7 | W97: 20 | Y97: 270 | Z97: 14 | AA97: 2 | AB97: 90.4 | AC97: 0.02018 | AD97: -1.8 | AE97: 4.1
A98: 270 | B98: 8 | C98: 1 | D98: 0 | E98: 0 | F98: 0 | I98: 270 | J98: 8 | K98: 1 | L98: 0 | M98: 0 | N98: 0 | O98: 0 | Q98: 270 | R98: 8 | S98: 1 | T98: 93.6 | U98: 0.01857 | V98: 22.9 | W98: 0 | Y98: 270 | Z98: 103 | AA98: 1 | AB98: 90.69 | AC98: 0.02022
A99: 270 | B99: 8 | C99: 2 | D99: 0 | E99: 0 | F99: 0 | I99: 270 | J99: 8 | K99: 2 | L99: 0 | M99: 0 | N99: 0 | O99: 0 | Q99: 270 | R99: 8 | S99: 2 | T99: 92.04 | U99: 0.01931 | V99: 22.9 | W99: 0 | Y99: 270 | Z99: 104 | AA99: 1 | AB99: 90.21 | AC99: 0.02003
A100: 270 | B100: 9 | C100: 1 | D100: 0 | E100: 0 | F100: 0 | G100: 0 | I100: 270 | J100: 9 | K100: 1 | L100: 0 | M100: 0 | N100: 0 | O100: 0 | Q100: 270 | R100: 9 | S100: 1 | T100: 99.6 | U100: 0.01859 | V100: 189.1 | W100: 22.8 | Y100: 270 | Z100: 110 | AA100: 1 | AB100: 91.18 | AC100: 0.01957
A101: 270 | B101: 9 | C101: 2 | D101: 0 | E101: 0 | F101: 0 | G101: 0 | I101: 270 | J101: 9 | K101: 2 | L101: 0 | M101: 0 | N101: 0 | O101: 0 | Q101: 270 | R101: 9 | S101: 2 | T101: 99.81 | U101: 0.01889 | V101: 312.5 | W101: 23 | Y101: 270 | Z101: 114 | AA101: 1 | AB101: 93.68 | AC101: 0.02024
...

Sheet TRA
A1: Next-Vis Sheet: TRA
A2: Summary
A3: Percent Error = Absolute value of [(Difference) / (4p2\normal.PRN)] x 100% | T3: Difference = (4p2\normal4p2.out) - (4p2\normal.PRN)
C4: RTE | D4: TYP | E4: Location | F4: Speed | G4: Accel | H4: Drag_KN | I4: Drag_COEFF | J4: Tractive | K4: M_Current | L4: L_Current | M4: FLY | N4: M_Eff | O4: G_Accel | P4: G_Decel | Q4: H_Gen | R4: H_Reject | V4: RTE | W4: TYP | X4: Location | Y4: Speed | Z4: Accel | AA4: Draf_KN | AB4: Draf_COEFF | AC4: Tractive | AD4: M_Current | AE4: L_Current | AF4: FLY | AG4: M_Eff | AH4: G_Accel | AI4: G_Decel | AJ4: H_Gen | AK4: H_Reject
B5: count | C5: 41 | D5: 41 | E5: 41 | F5: 35 | G5: 32 | H5: 33 | I5: 33 | J5: 20 | K5: 20 | L5: 18 | M5: 20 | N5: 0 | O5: 41 | P5: 41 | Q5: 41 | R5: 41 | U5: count | V5: 41 | W5: 41 | X5: 41 | Y5: 41 | Z5: 41 | AA5: 41 | AB5: 41 | AC5: 41 | AD5: 41 | AE5: 41 | AF5: 41 | AG5: 0 | AH5: 41 | AI5: 41 | AJ5: 41 | AK5: 41
B6: mean | C6: 0 | D6: 0 | E6: 0 | F6: 0 | G6: 0 | H6: 0 | I6: 0 | J6: 0 | K6: 0 | L6: 0 | M6: 0 | O6: 0 | P6: 0 | Q6: 0 | R6: 0.0015485869 | U6: mean | V6: 0 | W6: 0 | X6: 0 | Y6: 0 | Z6: 0 | AA6: 0 | AB6: 0 | AC6: 0 | AD6: 0 | AE6: 0 | AF6: 0 | AH6: 0 | AI6: 0 | AJ6: 0 | AK6: 2.4390244e-05
B7: std | C7: 0 | D7: 0 | E7: 0 | F7: 0 | G7: 0 | H7: 0 | I7: 0 | J7: 0 | K7: 0 | L7: 0 | M7: 0 | O7: 0 | P7: 0 | Q7: 0 | R7: 0.0099157944 | U7: std | V7: 0 | W7: 0 | X7: 0 | Y7: 0 | Z7: 0 | AA7: 0 | AB7: 0 | AC7: 0 | AD7: 0 | AE7: 0 | AF7: 0 | AH7: 0 | AI7: 0 | AJ7: 0 | AK7: 0.00015617376
B8: min | C8: 0 | D8: 0 | E8: 0 | F8: 0 | G8: 0 | H8: 0 | I8: 0 | J8: 0 | K8: 0 | L8: 0 | M8: 0 | O8: 0 | P8: 0 | Q8: 0 | R8: 0 | U8: min | V8: 0 | W8: 0 | X8: 0 | Y8: 0 | Z8: 0 | AA8: 0 | AB8: 0 | AC8: 0 | AD8: 0 | AE8: 0 | AF8: 0 | AH8: 0 | AI8: 0 | AJ8: 0 | AK8: 0
B9: 25% | C9: 0 | D9: 0 | E9: 0 | F9: 0 | G9: 0 | H9: 0 | I9: 0 | J9: 0 | K9: 0 | L9: 0 | M9: 0 | O9: 0 | P9: 0 | Q9: 0 | R9: 0 | U9: 25% | V9: 0 | W9: 0 | X9: 0 | Y9: 0 | Z9: 0 | AA9: 0 | AB9: 0 | AC9: 0 | AD9: 0 | AE9: 0 | AF9: 0 | AH9: 0 | AI9: 0 | AJ9: 0 | AK9: 0
B10: 50% | C10: 0 | D10: 0 | E10: 0 | F10: 0 | G10: 0 | H10: 0 | I10: 0 | J10: 0 | K10: 0 | L10: 0 | M10: 0 | O10: 0 | P10: 0 | Q10: 0 | R10: 0 | U10: 50% | V10: 0 | W10: 0 | X10: 0 | Y10: 0 | Z10: 0 | AA10: 0 | AB10: 0 | AC10: 0 | AD10: 0 | AE10: 0 | AF10: 0 | AH10: 0 | AI10: 0 | AJ10: 0 | AK10: 0
B11: 75% | C11: 0 | D11: 0 | E11: 0 | F11: 0 | G11: 0 | H11: 0 | I11: 0 | J11: 0 | K11: 0 | L11: 0 | M11: 0 | O11: 0 | P11: 0 | Q11: 0 | R11: 0 | U11: 75% | V11: 0 | W11: 0 | X11: 0 | Y11: 0 | Z11: 0 | AA11: 0 | AB11: 0 | AC11: 0 | AD11: 0 | AE11: 0 | AF11: 0 | AH11: 0 | AI11: 0 | AJ11: 0 | AK11: 0
B12: max | C12: 0 | D12: 0 | E12: 0 | F12: 0 | G12: 0 | H12: 0 | I12: 0 | J12: 0 | K12: 0 | L12: 0 | M12: 0 | O12: 0 | P12: 0 | Q12: 0 | R12: 0.063492063 | U12: max | V12: 0 | W12: 0 | X12: 0 | Y12: 0 | Z12: 0 | AA12: 0 | AB12: 0 | AC12: 0 | AD12: 0 | AE12: 0 | AF12: 0 | AH12: 0 | AI12: 0 | AJ12: 0 | AK12: 0.001
A13: Data
A14: Percent Error = Absolute value of [(Difference) / (4p2\normal.PRN)] x 100% | T14: Difference = (4p2\normal4p2.out) - (4p2\normal.PRN) | AM14: 4p2\normal4p2.out | BF14: 4p2\normal.PRN
A15: Time | B15: Number | C15: RTE | D15: TYP | E15: Location | F15: Speed | G15: Accel | H15: Draf_KN | I15: Draf_COEFF | J15: Tractive | K15: M_Current | L15: L_Current | M15: FLY | N15: M_Eff | O15: G_Accel | P15: G_Decel | Q15: H_Gen | R15: H_Reject | T15: Time | U15: Number | V15: RTE | W15: TYP | X15: Location | Y15: Speed | Z15: Accel | AA15: Draf_KN | AB15: Draf_COEFF | AC15: Tractive | AD15: M_Current | AE15: L_Current | AF15: FLY | AG15: M_Eff | AH15: G_Accel | AI15: G_Decel | AJ15: H_Gen | AK15: H_Reject | AM15: Time | AN15: Number | AO15: RTE | AP15: TYP | AQ15: Location | AR15: Speed | AS15: Accel | AT15: Draf_KN | AU15: Draf_COEFF | AV15: Tractive | AW15: M_Current | AX15: L_Current | AY15: FLY | AZ15: M_Eff | BA15: G_Accel | BB15: G_Decel | BC15: H_Gen | BD15: H_Reject | BF15: Time | BG15: Number | BH15: RTE | BI15: TYP | BJ15: Location | BK15: Speed | BL15: Accel | BM15: Draf_KN | BN15: Draf_COEFF | BO15: Tractive | BP15: M_Current | BQ15: L_Current | BR15: FLY | BS15: M_Eff | BT15: G_Accel | BU15: G_Decel | BV15: H_Gen | BW15: H_Reject
A16: 0 | B16: 1 | C16: 0 | D16: 0 | E16: 0 | F16: 0 | G16: 0 | J16: 0 | K16: 0 | L16: 0 | O16: 0 | P16: 0 | Q16: 0 | R16: 0 | T16: 0 | U16: 1 | V16: 0 | W16: 0 | X16: 0 | Y16: 0 | Z16: 0 | AA16: 0 | AB16: 0 | AC16: 0 | AD16: 0 | AE16: 0 | AF16: 0 | AH16: 0 | AI16: 0 | AJ16: 0 | AK16: 0 | AM16: 0 | AN16: 1 | AO16: 1 | AP16: 1 | AQ16: 2877.21 | AR16: 19.25 | AS16: 3 | AT16: 0 | AU16: 0 | AV16: 5412 | AW16: 900 | AX16: 959 | AY16: 0 | BA16: 276 | BB16: 740.1 | BC16: 0.434 | BD16: 0.434 | BF16: 0 | BG16: 1 | BH16: 1 | BI16: 1 | BJ16: 2877.21 | BK16: 19.25 | BL16: 3 | BM16: 0 | BN16: 0 | BO16: 5412 | BP16: 900 | BQ16: 959 | BR16: 0 | BT16: 276 | BU16: 740.1 | BV16: 0.434 | BW16: 0.434
A17: 0 | B17: 2 | C17: 0 | D17: 0 | E17: 0 | F17: 0 | G17: 0 | J17: 0 | K17: 0 | L17: 0 | M17: 0 | O17: 0 | P17: 0 | Q17: 0 | R17: 0 | T17: 0 | U17: 2 | V17: 0 | W17: 0 | X17: 0 | Y17: 0 | Z17: 0 | AA17: 0 | AB17: 0 | AC17: 0 | AD17: 0 | AE17: 0 | AF17: 0 | AH17: 0 | AI17: 0 | AJ17: 0 | AK17: 0 | AM17: 0 | AN17: 2 | AO17: 2 | AP17: 2 | AQ17: 2744.71 | AR17: 11 | AS17: 3 | AT17: 0 | AU17: 0 | AV17: 6693 | AW17: 900 | AX17: 756 | AY17: 10000 | BA17: 241.6 | BB17: 751.3 | BC17: 0.369 | BD17: 0.369 | BF17: 0 | BG17: 2 | BH17: 2 | BI17: 2 | BJ17: 2744.71 | BK17: 11 | BL17: 3 | BM17: 0 | BN17: 0 | BO17: 6693 | BP17: 900 | BQ17: 756 | BR17: 10000 | BT17: 241.6 | BU17: 751.3 | BV17: 0.369 | BW17: 0.369
A18: 180 | B18: 5 | C18: 0 | D18: 0 | E18: 0 | F18: 0 | G18: 0 | H18: 0 | I18: 0 | J18: 0 | K18: 0 | L18: 0 | O18: 0 | P18: 0 | Q18: 0 | R18: 0 | T18: 180 | U18: 5 | V18: 0 | W18: 0 | X18: 0 | Y18: 0 | Z18: 0 | AA18: 0 | AB18: 0 | AC18: 0 | AD18: 0 | AE18: 0 | AF18: 0 | AH18: 0 | AI18: 0 | AJ18: 0 | AK18: 0 | AM18: 180 | AN18: 5 | AO18: 1 | AP18: 1 | AQ18: 2787.13 | AR18: 5.4 | AS18: 3 | AT18: 110 | AU18: 15.79 | AV18: 5166 | AW18: 791 | AX18: 299 | AY18: 0 | BA18: 90 | BB18: 611.9 | BC18: 0.885 | BD18: 1.413 | BF18: 180 | BG18: 5 | BH18: 1 | BI18: 1 | BJ18: 2787.13 | BK18: 5.4 | BL18: 3 | BM18: 110 | BN18: 15.79 | BO18: 5166 | BP18: 791 | BQ18: 299 | BR18: 0 | BT18: 90 | BU18: 611.9 | BV18: 0.885 | BW18: 1.413
A19: 180 | B19: 6 | C19: 0 | D19: 0 | E19: 0 | F19: 0 | G19: 0 | H19: 0 | I19: 0 | M19: 0 | O19: 0 | P19: 0 | Q19: 0 | R19: 0 | T19: 180 | U19: 6 | V19: 0 | W19: 0 | X19: 0 | Y19: 0 | Z19: 0 | AA19: 0 | AB19: 0 | AC19: 0 | AD19: 0 | AE19: 0 | AF19: 0 | AH19: 0 | AI19: 0 | AJ19: 0 | AK19: 0 | AM19: 180 | AN19: 6 | AO19: 2 | AP19: 2 | AQ19: 2636.93 | AR19: 23.2 | AS19: -2.76 | AT19: 45 | AU19: 0.35 | AV19: 0 | AW19: 0 | AX19: 0 | AY19: 12997 | BA19: 90 | BB19: 571.9 | BC19: 1.555 | BD19: 2.182 | BF19: 180 | BG19: 6 | BH19: 2 | BI19: 2 | BJ19: 2636.93 | BK19: 23.2 | BL19: -2.76 | BM19: 45 | BN19: 0.35 | BO19: 0 | BP19: 0 | BQ19: 0 | BR19: 12997 | BT19: 90 | BU19: 571.9 | BV19: 1.555 | BW19: 2.182
A20: 270 | B20: 7 | C20: 0 | D20: 0 | E20: 0 | F20: 0 | G20: 0 | H20: 0 | I20: 0 | J20: 0 | K20: 0 | L20: 0 | O20: 0 | P20: 0 | Q20: 0 | R20: 0 | T20: 270 | U20: 7 | V20: 0 | W20: 0 | X20: 0 | Y20: 0 | Z20: 0 | AA20: 0 | AB20: 0 | AC20: 0 | AD20: 0 | AE20: 0 | AF20: 0 | AH20: 0 | AI20: 0 | AJ20: 0 | AK20: 0 | AM20: 270 | AN20: 7 | AO20: 1 | AP20: 1 | AQ20: 2787.13 | AR20: 5.4 | AS20: 3 | AT20: 109 | AU20: 15.78 | AV20: 5166 | AW20: 791 | AX20: 299 | AY20: 0 | BA20: 90 | BB20: 610.4 | BC20: 0.885 | BD20: 1.388 | BF20: 270 | BG20: 7 | BH20: 1 | BI20: 1 | BJ20: 2787.13 | BK20: 5.4 | BL20: 3 | BM20: 109 | BN20: 15.78 | BO20: 5166 | BP20: 791 | BQ20: 299 | BR20: 0 | BT20: 90 | BU20: 610.4 | BV20: 0.885 | BW20: 1.388
A21: 270 | B21: 8 | C21: 0 | D21: 0 | E21: 0 | F21: 0 | G21: 0 | H21: 0 | I21: 0 | M21: 0 | O21: 0 | P21: 0 | Q21: 0 | R21: 0 | T21: 270 | U21: 8 | V21: 0 | W21: 0 | X21: 0 | Y21: 0 | Z21: 0 | AA21: 0 | AB21: 0 | AC21: 0 | AD21: 0 | AE21: 0 | AF21: 0 | AH21: 0 | AI21: 0 | AJ21: 0 | AK21: 0 | AM21: 270 | AN21: 8 | AO21: 2 | AP21: 2 | AQ21: 2636.93 | AR21: 23.2 | AS21: -2.76 | AT21: 45 | AU21: 0.35 | AV21: 0 | AW21: 0 | AX21: 0 | AY21: 13043 | BA21: 90 | BB21: 572 | BC21: 1.555 | BD21: 2.203 | BF21: 270 | BG21: 8 | BH21: 2 | BI21: 2 | BJ21: 2636.93 | BK21: 23.2 | BL21: -2.76 | BM21: 45 | BN21: 0.35 | BO21: 0 | BP21: 0 | BQ21: 0 | BR21: 13043 | BT21: 90 | BU21: 572 | BV21: 1.555 | BW21: 2.203
A22: 360 | B22: 9 | C22: 0 | D22: 0 | E22: 0 | F22: 0 | G22: 0 | H22: 0 | I22: 0 | J22: 0 | K22: 0 | L22: 0 | O22: 0 | P22: 0 | Q22: 0 | R22: 0 | T22: 360 | U22: 9 | V22: 0 | W22: 0 | X22: 0 | Y22: 0 | Z22: 0 | AA22: 0 | AB22: 0 | AC22: 0 | AD22: 0 | AE22: 0 | AF22: 0 | AH22: 0 | AI22: 0 | AJ22: 0 | AK22: 0 | AM22: 360 | AN22: 9 | AO22: 1 | AP22: 1 | AQ22: 2787.13 | AR22: 5.4 | AS22: 3 | AT22: 105 | AU22: 15.09 | AV22: 5166 | AW22: 791 | AX22: 299 | AY22: 0 | BA22: 90 | BB22: 612.4 | BC22: 0.885 | BD22: 1.349 | BF22: 360 | BG22: 9 | BH22: 1 | BI22: 1 | BJ22: 2787.13 | BK22: 5.4 | BL22: 3 | BM22: 105 | BN22: 15.09 | BO22: 5166 | BP22: 791 | BQ22: 299 | BR22: 0 | BT22: 90 | BU22: 612.4 | BV22: 0.885 | BW22: 1.349
A23: 360 | B23: 10 | C23: 0 | D23: 0 | E23: 0 | F23: 0 | G23: 0 | H23: 0 | I23: 0 | M23: 0 | O23: 0 | P23: 0 | Q23: 0 | R23: 0 | T23: 360 | U23: 10 | V23: 0 | W23: 0 | X23: 0 | Y23: 0 | Z23: 0 | AA23: 0 | AB23: 0 | AC23: 0 | AD23: 0 | AE23: 0 | AF23: 0 | AH23: 0 | AI23: 0 | AJ23: 0 | AK23: 0 | AM23: 360 | AN23: 10 | AO23: 2 | AP23: 2 | AQ23: 2636.93 | AR23: 23.2 | AS23: -2.76 | AT23: 52 | AU23: 0.4 | AV23: 0 | AW23: 0 | AX23: 0 | AY23: 12997 | BA23: 90 | BB23: 572 | BC23: 1.555 | BD23: 2.246 | BF23: 360 | BG23: 10 | BH23: 2 | BI23: 2 | BJ23: 2636.93 | BK23: 23.2 | BL23: -2.76 | BM23: 52 | BN23: 0.4 | BO23: 0 | BP23: 0 | BQ23: 0 | BR23: 12997 | BT23: 90 | BU23: 572 | BV23: 1.555 | BW23: 2.246
A24: 450 | B24: 11 | C24: 0 | D24: 0 | E24: 0 | F24: 0 | G24: 0 | H24: 0 | I24: 0 | J24: 0 | K24: 0 | L24: 0 | O24: 0 | P24: 0 | Q24: 0 | R24: 0 | T24: 450 | U24: 11 | V24: 0 | W24: 0 | X24: 0 | Y24: 0 | Z24: 0 | AA24: 0 | AB24: 0 | AC24: 0 | AD24: 0 | AE24: 0 | AF24: 0 | AH24: 0 | AI24: 0 | AJ24: 0 | AK24: 0 | AM24: 450 | AN24: 11 | AO24: 1 | AP24: 1 | AQ24: 2787.13 | AR24: 5.4 | AS24: 3 | AT24: 105 | AU24: 15.1 | AV24: 5166 | AW24: 791 | AX24: 299 | AY24: 0 | BA24: 90 | BB24: 609.8 | BC24: 0.885 | BD24: 1.346 | BF24: 450 | BG24: 11 | BH24: 1 | BI24: 1 | BJ24: 2787.13 | BK24: 5.4 | BL24: 3 | BM24: 105 | BN24: 15.1 | BO24: 5166 | BP24: 791 | BQ24: 299 | BR24: 0 | BT24: 90 | BU24: 609.8 | BV24: 0.885 | BW24: 1.346
A25: 450 | B25: 12 | C25: 0 | D25: 0 | E25: 0 | F25: 0 | G25: 0 | H25: 0 | I25: 0 | M25: 0 | O25: 0 | P25: 0 | Q25: 0 | R25: 0 | T25: 450 | U25: 12 | V25: 0 | W25: 0 | X25: 0 | Y25: 0 | Z25: 0 | AA25: 0 | AB25: 0 | AC25: 0 | AD25: 0 | AE25: 0 | AF25: 0 | AH25: 0 | AI25: 0 | AJ25: 0 | AK25: 0 | AM25: 450 | AN25: 12 | AO25: 2 | AP25: 2 | AQ25: 2636.93 | AR25: 23.2 | AS25: -2.76 | AT25: 52 | AU25: 0.4 | AV25: 0 | AW25: 0 | AX25: 0 | AY25: 12997 | BA25: 90 | BB25: 572 | BC25: 1.555 | BD25: 2.245 | BF25: 450 | BG25: 12 | BH25: 2 | BI25: 2 | BJ25: 2636.93 | BK25: 23.2 | BL25: -2.76 | BM25: 52 | BN25: 0.4 | BO25: 0 | BP25: 0 | BQ25: 0 | BR25: 12997 | BT25: 90 | BU25: 572 | BV25: 1.555 | BW25: 2.245
A26: 630 | B26: 15 | C26: 0 | D26: 0 | E26: 0 | F26: 0 | G26: 0 | H26: 0 | I26: 0 | J26: 0 | K26: 0 | L26: 0 | O26: 0 | P26: 0 | Q26: 0 | R26: 0 | T26: 630 | U26: 15 | V26: 0 | W26: 0 | X26: 0 | Y26: 0 | Z26: 0 | AA26: 0 | AB26: 0 | AC26: 0 | AD26: 0 | AE26: 0 | AF26: 0 | AH26: 0 | AI26: 0 | AJ26: 0 | AK26: 0 | AM26: 630 | AN26: 15 | AO26: 1 | AP26: 1 | AQ26: 2787.13 | AR26: 5.4 | AS26: 3 | AT26: 104 | AU26: 14.98 | AV26: 5166 | AW26: 791 | AX26: 299 | AY26: 0 | BA26: 90 | BB26: 611.4 | BC26: 0.885 | BD26: 1.36 | BF26: 630 | BG26: 15 | BH26: 1 | BI26: 1 | BJ26: 2787.13 | BK26: 5.4 | BL26: 3 | BM26: 104 | BN26: 14.98 | BO26: 5166 | BP26: 791 | BQ26: 299 | BR26: 0 | BT26: 90 | BU26: 611.4 | BV26: 0.885 | BW26: 1.36
A27: 630 | B27: 16 | C27: 0 | D27: 0 | E27: 0 | F27: 0 | G27: 0 | H27: 0 | I27: 0 | M27: 0 | O27: 0 | P27: 0 | Q27: 0 | R27: 0 | T27: 630 | U27: 16 | V27: 0 | W27: 0 | X27: 0 | Y27: 0 | Z27: 0 | AA27: 0 | AB27: 0 | AC27: 0 | AD27: 0 | AE27: 0 | AF27: 0 | AH27: 0 | AI27: 0 | AJ27: 0 | AK27: 0 | AM27: 630 | AN27: 16 | AO27: 2 | AP27: 2 | AQ27: 2636.93 | AR27: 23.2 | AS27: -2.76 | AT27: 53 | AU27: 0.41 | AV27: 0 | AW27: 0 | AX27: 0 | AY27: 13043 | BA27: 90 | BB27: 571.8 | BC27: 1.555 | BD27: 2.265 | BF27: 630 | BG27: 16 | BH27: 2 | BI27: 2 | BJ27: 2636.93 | BK27: 23.2 | BL27: -2.76 | BM27: 53 | BN27: 0.41 | BO27: 0 | BP27: 0 | BQ27: 0 | BR27: 13043 | BT27: 90 | BU27: 571.8 | BV27: 1.555 | BW27: 2.265
A28: 720 | B28: 17 | C28: 0 | D28: 0 | E28: 0 | F28: 0 | G28: 0 | H28: 0 | I28: 0 | J28: 0 | K28: 0 | L28: 0 | O28: 0 | P28: 0 | Q28: 0 | R28: 0 | T28: 720 | U28: 17 | V28: 0 | W28: 0 | X28: 0 | Y28: 0 | Z28: 0 | AA28: 0 | AB28: 0 | AC28: 0 | AD28: 0 | AE28: 0 | AF28: 0 | AH28: 0 | AI28: 0 | AJ28: 0 | AK28: 0 | AM28: 720 | AN28: 17 | AO28: 1 | AP28: 1 | AQ28: 2787.13 | AR28: 5.4 | AS28: 3 | AT28: 104 | AU28: 14.98 | AV28: 5166 | AW28: 791 | AX28: 299 | AY28: 0 | BA28: 90 | BB28: 611.4 | BC28: 0.885 | BD28: 1.36 | BF28: 720 | BG28: 17 | BH28: 1 | BI28: 1 | BJ28: 2787.13 | BK28: 5.4 | BL28: 3 | BM28: 104 | BN28: 14.98 | BO28: 5166 | BP28: 791 | BQ28: 299 | BR28: 0 | BT28: 90 | BU28: 611.4 | BV28: 0.885 | BW28: 1.36
A29: 720 | B29: 18 | C29: 0 | D29: 0 | E29: 0 | F29: 0 | G29: 0 | H29: 0 | I29: 0 | M29: 0 | O29: 0 | P29: 0 | Q29: 0 | R29: 0 | T29: 720 | U29: 18 | V29: 0 | W29: 0 | X29: 0 | Y29: 0 | Z29: 0 | AA29: 0 | AB29: 0 | AC29: 0 | AD29: 0 | AE29: 0 | AF29: 0 | AH29: 0 | AI29: 0 | AJ29: 0 | AK29: 0 | AM29: 720 | AN29: 18 | AO29: 2 | AP29: 2 | AQ29: 2636.93 | AR29: 23.2 | AS29: -2.76 | AT29: 53 | AU29: 0.41 | AV29: 0 | AW29: 0 | AX29: 0 | AY29: 13043 | BA29: 90 | BB29: 571.8 | BC29: 1.555 | BD29: 2.265 | BF29: 720 | BG29: 18 | BH29: 2 | BI29: 2 | BJ29: 2636.93 | BK29: 23.2 | BL29: -2.76 | BM29: 53 | BN29: 0.41 | BO29: 0 | BP29: 0 | BQ29: 0 | BR29: 13043 | BT29: 90 | BU29: 571.8 | BV29: 1.555 | BW29: 2.265
A30: 900 | B30: 21 | C30: 0 | D30: 0 | E30: 0 | F30: 0 | G30: 0 | H30: 0 | I30: 0 | J30: 0 | K30: 0 | L30: 0 | O30: 0 | P30: 0 | Q30: 0 | R30: 0 | T30: 900 | U30: 21 | V30: 0 | W30: 0 | X30: 0 | Y30: 0 | Z30: 0 | AA30: 0 | AB30: 0 | AC30: 0 | AD30: 0 | AE30: 0 | AF30: 0 | AH30: 0 | AI30: 0 | AJ30: 0 | AK30: 0 | AM30: 900 | AN30: 21 | AO30: 1 | AP30: 1 | AQ30: 2787.13 | AR30: 5.4 | AS30: 3 | AT30: 104 | AU30: 15.02 | AV30: 5166 | AW30: 791 | AX30: 299 | AY30: 0 | BA30: 90 | BB30: 608.6 | BC30: 0.885 | BD30: 1.359 | BF30: 900 | BG30: 21 | BH30: 1 | BI30: 1 | BJ30: 2787.13 | BK30: 5.4 | BL30: 3 | BM30: 104 | BN30: 15.02 | BO30: 5166 | BP30: 791 | BQ30: 299 | BR30: 0 | BT30: 90 | BU30: 608.6 | BV30: 0.885 | BW30: 1.359
A31: 900 | B31: 22 | C31: 0 | D31: 0 | E31: 0 | F31: 0 | G31: 0 | H31: 0 | I31: 0 | M31: 0 | O31: 0 | P31: 0 | Q31: 0 | R31: 0 | T31: 900 | U31: 22 | V31: 0 | W31: 0 | X31: 0 | Y31: 0 | Z31: 0 | AA31: 0 | AB31: 0 | AC31: 0 | AD31: 0 | AE31: 0 | AF31: 0 | AH31: 0 | AI31: 0 | AJ31: 0 | AK31: 0 | AM31: 900 | AN31: 22 | AO31: 2 | AP31: 2 | AQ31: 2636.93 | AR31: 23.2 | AS31: -2.76 | AT31: 52 | AU31: 0.41 | AV31: 0 | AW31: 0 | AX31: 0 | AY31: 12997 | BA31: 90 | BB31: 571.8 | BC31: 1.555 | BD31: 2.266 | BF31: 900 | BG31: 22 | BH31: 2 | BI31: 2 | BJ31: 2636.93 | BK31: 23.2 | BL31: -2.76 | BM31: 52 | BN31: 0.41 | BO31: 0 | BP31: 0 | BQ31: 0 | BR31: 12997 | BT31: 90 | BU31: 571.8 | BV31: 1.555 | BW31: 2.266
A32: 910 | B32: 21 | C32: 0 | D32: 0 | E32: 0 | F32: 0 | G32: 0 | H32: 0 | I32: 0 | J32: 0 | K32: 0 | L32: 0 | O32: 0 | P32: 0 | Q32: 0 | R32: 0 | T32: 910 | U32: 21 | V32: 0 | W32: 0 | X32: 0 | Y32: 0 | Z32: 0 | AA32: 0 | AB32: 0 | AC32: 0 | AD32: 0 | AE32: 0 | AF32: 0 | AH32: 0 | AI32: 0 | AJ32: 0 | AK32: 0 | AM32: 910 | AN32: 21 | AO32: 1 | AP32: 1 | AQ32: 3078.14 | AR32: 32.38 | AS32: 2.02 | AT32: 1143 | AU32: 4.58 | AV32: 3260 | AW32: 900 | AX32: 959 | AY32: 0 | BA32: 90 | BB32: 599 | BC32: 1.402 | BD32: 2.382 | BF32: 910 | BG32: 21 | BH32: 1 | BI32: 1 | BJ32: 3078.14 | BK32: 32.38 | BL32: 2.02 | BM32: 1143 | BN32: 4.58 | BO32: 3260 | BP32: 900 | BQ32: 959 | BR32: 0 | BT32: 90 | BU32: 599 | BV32: 1.402 | BW32: 2.382
A33: 910 | B33: 22 | C33: 0 | D33: 0 | E33: 0 | M33: 0 | O33: 0 | P33: 0 | Q33: 0 | R33: 0 | T33: 910 | U33: 22 | V33: 0 | W33: 0 | X33: 0 | Y33: 0 | Z33: 0 | AA33: 0 | AB33: 0 | AC33: 0 | AD33: 0 | AE33: 0 | AF33: 0 | AH33: 0 | AI33: 0 | AJ33: 0 | AK33: 0 | AM33: 910 | AN33: 22 | AO33: 2 | AP33: 2 | AQ33: 2780 | AR33: 0 | AS33: 0 | AT33: 0 | AU33: 0 | AV33: 0 | AW33: 0 | AX33: 0 | AY33: 13829 | BA33: 90 | BB33: 566 | BC33: 0.408 | BD33: 0.833 | BF33: 910 | BG33: 22 | BH33: 2 | BI33: 2 | BJ33: 2780 | BK33: 0 | BL33: 0 | BM33: 0 | BN33: 0 | BO33: 0 | BP33: 0 | BQ33: 0 | BR33: 13829 | BT33: 90 | BU33: 566 | BV33: 0.408 | BW33: 0.833
A34: 910 | B34: 23 | C34: 0 | D34: 0 | E34: 0 | F34: 0 | G34: 0 | H34: 0 | I34: 0 | J34: 0 | K34: 0 | L34: 0 | O34: 0 | P34: 0 | Q34: 0 | R34: 0 | T34: 910 | U34: 23 | V34: 0 | W34: 0 | X34: 0 | Y34: 0 | Z34: 0 | AA34: 0 | AB34: 0 | AC34: 0 | AD34: 0 | AE34: 0 | AF34: 0 | AH34: 0 | AI34: 0 | AJ34: 0 | AK34: 0 | AM34: 910 | AN34: 23 | AO34: 1 | AP34: 1 | AQ34: 213.41 | AR34: 28.3 | AS34: 2.19 | AT34: 337 | AU34: 1.77 | AV34: 3744 | AW34: 900 | AX34: 959 | AY34: 0 | BA34: 90 | BB34: 617.6 | BC34: 1.346 | BD34: 2.161 | BF34: 910 | BG34: 23 | BH34: 1 | BI34: 1 | BJ34: 213.41 | BK34: 28.3 | BL34: 2.19 | BM34: 337 | BN34: 1.77 | BO34: 3744 | BP34: 900 | BQ34: 959 | BR34: 0 | BT34: 90 | BU34: 617.6 | BV34: 1.346 | BW34: 2.161
A35: 920 | B35: 21 | C35: 0 | D35: 0 | E35: 0 | F35: 0 | G35: 0 | H35: 0 | I35: 0 | O35: 0 | P35: 0 | Q35: 0 | R35: 0 | T35: 920 | U35: 21 | V35: 0 | W35: 0 | X35: 0 | Y35: 0 | Z35: 0 | AA35: 0 | AB35: 0 | AC35: 0 | AD35: 0 | AE35: 0 | AF35: 0 | AH35: 0 | AI35: 0 | AJ35: 0 | AK35: 0 | AM35: 920 | AN35: 21 | AO35: 1 | AP35: 1 | AQ35: 3674.19 | AR35: 44.89 | AS35: -0.1 | AT35: 1829 | AU35: 3.81 | AV35: 0 | AW35: 0 | AX35: 0 | AY35: 0 | BA35: 90 | BB35: 585.9 | BC35: 0.711 | BD35: 1.825 | BF35: 920 | BG35: 21 | BH35: 1 | BI35: 1 | BJ35: 3674.19 | BK35: 44.89 | BL35: -0.1 | BM35: 1829 | BN35: 3.81 | BO35: 0 | BP35: 0 | BQ35: 0 | BR35: 0 | BT35: 90 | BU35: 585.9 | BV35: 0.711 | BW35: 1.825
A36: 920 | B36: 22 | C36: 0 | D36: 0 | E36: 0 | M36: 0 | O36: 0 | P36: 0 | Q36: 0 | R36: 0 | T36: 920 | U36: 22 | V36: 0 | W36: 0 | X36: 0 | Y36: 0 | Z36: 0 | AA36: 0 | AB36: 0 | AC36: 0 | AD36: 0 | AE36: 0 | AF36: 0 | AH36: 0 | AI36: 0 | AJ36: 0 | AK36: 0 | AM36: 920 | AN36: 22 | AO36: 2 | AP36: 2 | AQ36: 2780 | AR36: 0 | AS36: 0 | AT36: 0 | AU36: 0 | AV36: 0 | AW36: 0 | AX36: 0 | AY36: 13829 | BA36: 90 | BB36: 560.8 | BC36: 0.408 | BD36: 0.826 | BF36: 920 | BG36: 22 | BH36: 2 | BI36: 2 | BJ36: 2780 | BK36: 0 | BL36: 0 | BM36: 0 | BN36: 0 | BO36: 0 | BP36: 0 | BQ36: 0 | BR36: 13829 | BT36: 90 | BU36: 560.8 | BV36: 0.408 | BW36: 0.826
A37: 920 | B37: 23 | C37: 0 | D37: 0 | E37: 0 | F37: 0 | G37: 0 | H37: 0 | I37: 0 | J37: 0 | K37: 0 | L37: 0 | O37: 0 | P37: 0 | Q37: 0 | R37: 0 | T37: 920 | U37: 23 | V37: 0 | W37: 0 | X37: 0 | Y37: 0 | Z37: 0 | AA37: 0 | AB37: 0 | AC37: 0 | AD37: 0 | AE37: 0 | AF37: 0 | AH37: 0 | AI37: 0 | AJ37: 0 | AK37: 0 | AM37: 920 | AN37: 23 | AO37: 1 | AP37: 1 | AQ37: 758.44 | AR37: 44.59 | AS37: 1.28 | AT37: 846 | AU37: 1.79 | AV37: 2309 | AW37: 900 | AX37: 959 | AY37: 0 | BA37: 90 | BB37: 606.2 | BC37: 1.464 | BD37: 2.463 | BF37: 920 | BG37: 23 | BH37: 1 | BI37: 1 | BJ37: 758.44 | BK37: 44.59 | BL37: 1.28 | BM37: 846 | BN37: 1.79 | BO37: 2309 | BP37: 900 | BQ37: 959 | BR37: 0 | BT37: 90 | BU37: 606.2 | BV37: 1.464 | BW37: 2.463
A38: 930 | B38: 21 | C38: 0 | D38: 0 | E38: 0 | F38: 0 | G38: 0 | H38: 0 | I38: 0 | O38: 0 | P38: 0 | Q38: 0 | R38: 0 | T38: 930 | U38: 21 | V38: 0 | W38: 0 | X38: 0 | Y38: 0 | Z38: 0 | AA38: 0 | AB38: 0 | AC38: 0 | AD38: 0 | AE38: 0 | AF38: 0 | AH38: 0 | AI38: 0 | AJ38: 0 | AK38: 0 | AM38: 930 | AN38: 21 | AO38: 1 | AP38: 1 | AQ38: 4321 | AR38: 43.32 | AS38: -0.14 | AT38: 992 | AU38: 2.22 | AV38: 0 | AW38: 0 | AX38: 0 | AY38: 0 | BA38: 90 | BB38: 573 | BC38: 0.699 | BD38: 1.668 | BF38: 930 | BG38: 21 | BH38: 1 | BI38: 1 | BJ38: 4321 | BK38: 43.32 | BL38: -0.14 | BM38: 992 | BN38: 2.22 | BO38: 0 | BP38: 0 | BQ38: 0 | BR38: 0 | BT38: 90 | BU38: 573 | BV38: 0.699 | BW38: 1.668
A39: 930 | B39: 22 | C39: 0 | D39: 0 | E39: 0 | M39: 0 | O39: 0 | P39: 0 | Q39: 0 | R39: 0 | T39: 930 | U39: 22 | V39: 0 | W39: 0 | X39: 0 | Y39: 0 | Z39: 0 | AA39: 0 | AB39: 0 | AC39: 0 | AD39: 0 | AE39: 0 | AF39: 0 | AH39: 0 | AI39: 0 | AJ39: 0 | AK39: 0 | AM39: 930 | AN39: 22 | AO39: 2 | AP39: 2 | AQ39: 2780 | AR39: 0 | AS39: 0 | AT39: 0 | AU39: 0 | AV39: 0 | AW39: 0 | AX39: 0 | AY39: 13829 | BA39: 90 | BB39: 555.8 | BC39: 0.408 | BD39: 0.82 | BF39: 930 | BG39: 22 | BH39: 2 | BI39: 2 | BJ39: 2780 | BK39: 0 | BL39: 0 | BM39: 0 | BN39: 0 | BO39: 0 | BP39: 0 | BQ39: 0 | BR39: 13829 | BT39: 90 | BU39: 555.8 | BV39: 0.408 | BW39: 0.82
A40: 930 | B40: 23 | C40: 0 | D40: 0 | E40: 0 | F40: 0 | G40: 0 | H40: 0 | I40: 0 | O40: 0 | P40: 0 | Q40: 0 | R40: 0 | T40: 930 | U40: 23 | V40: 0 | W40: 0 | X40: 0 | Y40: 0 | Z40: 0 | AA40: 0 | AB40: 0 | AC40: 0 | AD40: 0 | AE40: 0 | AF40: 0 | AH40: 0 | AI40: 0 | AJ40: 0 | AK40: 0 | AM40: 930 | AN40: 23 | AO40: 1 | AP40: 1 | AQ40: 1463.4 | AR40: 44.94 | AS40: -0.2 | AT40: 828 | AU40: 1.72 | AV40: 0 | AW40: 0 | AX40: 0 | AY40: 0 | BA40: 90 | BB40: 605.5 | BC40: 0.682 | BD40: 1.711 | BF40: 930 | BG40: 23 | BH40: 1 | BI40: 1 | BJ40: 1463.4 | BK40: 44.94 | BL40: -0.2 | BM40: 828 | BN40: 1.72 | BO40: 0 | BP40: 0 | BQ40: 0 | BR40: 0 | BT40: 90 | BU40: 605.5 | BV40: 0.682 | BW40: 1.711
A41: 940 | B41: 21 | C41: 0 | D41: 0 | E41: 0 | F41: 0 | G41: 0 | H41: 0 | I41: 0 | O41: 0 | P41: 0 | Q41: 0 | R41: 0.063492063 | T41: 940 | U41: 21 | V41: 0 | W41: 0 | X41: 0 | Y41: 0 | Z41: 0 | AA41: 0 | AB41: 0 | AC41: 0 | AD41: 0 | AE41: 0 | AF41: 0 | AH41: 0 | AI41: 0 | AJ41: 0 | AK41: 0.001 | AM41: 940 | AN41: 21 | AO41: 1 | AP41: 1 | AQ41: 4946.12 | AR41: 41.94 | AS41: -0.13 | AT41: 753 | AU41: 1.8 | AV41: 0 | AW41: 0 | AX41: 0 | AY41: 0 | BA41: 90 | BB41: 561.8 | BC41: 0.688 | BD41: 1.576 | BF41: 940 | BG41: 21 | BH41: 1 | BI41: 1 | BJ41: 4946.12 | BK41: 41.94 | BL41: -0.13 | BM41: 753 | BN41: 1.8 | BO41: 0 | BP41: 0 | BQ41: 0 | BR41: 0 | BT41: 90 | BU41: 561.8 | BV41: 0.688 | BW41: 1.575
A42: 940 | B42: 22 | C42: 0 | D42: 0 | E42: 0 | F42: 0 | G42: 0 | H42: 0 | I42: 0 | J42: 0 | K42: 0 | M42: 0 | O42: 0 | P42: 0 | Q42: 0 | R42: 0 | T42: 940 | U42: 22 | V42: 0 | W42: 0 | X42: 0 | Y42: 0 | Z42: 0 | AA42: 0 | AB42: 0 | AC42: 0 | AD42: 0 | AE42: 0 | AF42: 0 | AH42: 0 | AI42: 0 | AJ42: 0 | AK42: 0 | AM42: 940 | AN42: 22 | AO42: 2 | AP42: 2 | AQ42: 2784.95 | AR42: 4.5 | AS42: 3 | AT42: 115 | AU42: 23.78 | AV42: 5005 | AW42: 778 | AX42: 0 | AY42: 13770 | BA42: 90 | BB42: 550.8 | BC42: 0.864 | BD42: 1.157 | BF42: 940 | BG42: 22 | BH42: 2 | BI42: 2 | BJ42: 2784.95 | BK42: 4.5 | BL42: 3 | BM42: 115 | BN42: 23.78 | BO42: 5005 | BP42: 778 | BQ42: 0 | BR42: 13770 | BT42: 90 | BU42: 550.8 | BV42: 0.864 | BW42: 1.157
A43: 940 | B43: 23 | C43: 0 | D43: 0 | E43: 0 | F43: 0 | G43: 0 | H43: 0 | I43: 0 | O43: 0 | P43: 0 | Q43: 0 | R43: 0 | T43: 940 | U43: 23 | V43: 0 | W43: 0 | X43: 0 | Y43: 0 | Z43: 0 | AA43: 0 | AB43: 0 | AC43: 0 | AD43: 0 | AE43: 0 | AF43: 0 | AH43: 0 | AI43: 0 | AJ43: 0 | AK43: 0 | AM43: 940 | AN43: 23 | AO43: 1 | AP43: 1 | AQ43: 2109.78 | AR43: 43.38 | AS43: -0.1 | AT43: 859 | AU43: 1.92 | AV43: 0 | AW43: 0 | AX43: 0 | AY43: 0 | BA43: 90 | BB43: 593.5 | BC43: 0.67 | BD43: 1.638 | BF43: 940 | BG43: 23 | BH43: 1 | BI43: 1 | BJ43: 2109.78 | BK43: 43.38 | BL43: -0.1 | BM43: 859 | BN43: 1.92 | BO43: 0 | BP43: 0 | BQ43: 0 | BR43: 0 | BT43: 90 | BU43: 593.5 | BV43: 0.67 | BW43: 1.638
A44: 950 | B44: 22 | C44: 0 | D44: 0 | E44: 0 | F44: 0 | G44: 0 | H44: 0 | I44: 0 | J44: 0 | K44: 0 | M44: 0 | O44: 0 | P44: 0 | Q44: 0 | R44: 0 | T44: 950 | U44: 22 | V44: 0 | W44: 0 | X44: 0 | Y44: 0 | Z44: 0 | AA44: 0 | AB44: 0 | AC44: 0 | AD44: 0 | AE44: 0 | AF44: 0 | AH44: 0 | AI44: 0 | AJ44: 0 | AK44: 0 | AM44: 950 | AN44: 22 | AO44: 2 | AP44: 2 | AQ44: 3063.99 | AR44: 31.64 | AS44: 1.95 | AT44: 676 | AU44: 2.84 | AV44: 3339 | AW44: 900 | AX44: 0 | AY44: 10640 | BA44: 90 | BB44: 543.4 | BC44: 2.494 | BD44: 3.238 | BF44: 950 | BG44: 22 | BH44: 2 | BI44: 2 | BJ44: 3063.99 | BK44: 31.64 | BL44: 1.95 | BM44: 676 | BN44: 2.84 | BO44: 3339 | BP44: 900 | BQ44: 0 | BR44: 10640 | BT44: 90 | BU44: 543.4 | BV44: 2.494 | BW44: 3.238
A45: 950 | B45: 23 | C45: 0 | D45: 0 | E45: 0 | F45: 0 | G45: 0 | H45: 0 | I45: 0 | O45: 0 | P45: 0 | Q45: 0 | R45: 0 | T45: 950 | U45: 23 | V45: 0 | W45: 0 | X45: 0 | Y45: 0 | Z45: 0 | AA45: 0 | AB45: 0 | AC45: 0 | AD45: 0 | AE45: 0 | AF45: 0 | AH45: 0 | AI45: 0 | AJ45: 0 | AK45: 0 | AM45: 950 | AN45: 23 | AO45: 1 | AP45: 1 | AQ45: 2641.74 | AR45: 23.25 | AS45: -2.87 | AT45: 172 | AU45: 1.33 | AV45: 0 | AW45: 0 | AX45: 0 | AY45: 0 | BA45: 90 | BB45: 620.5 | BC45: 3.713 | BD45: 1.31 | BF45: 950 | BG45: 23 | BH45: 1 | BI45: 1 | BJ45: 2641.74 | BK45: 23.25 | BL45: -2.87 | BM45: 172 | BN45: 1.33 | BO45: 0 | BP45: 0 | BQ45: 0 | BR45: 0 | BT45: 90 | BU45: 620.5 | BV45: 3.713 | BW45: 1.31
A46: 950 | B46: 24 | C46: 0 | D46: 0 | E46: 0 | F46: 0 | G46: 0 | H46: 0 | I46: 0 | J46: 0 | K46: 0 | L46: 0 | M46: 0 | O46: 0 | P46: 0 | Q46: 0 | R46: 0 | T46: 950 | U46: 24 | V46: 0 | W46: 0 | X46: 0 | Y46: 0 | Z46: 0 | AA46: 0 | AB46: 0 | AC46: 0 | AD46: 0 | AE46: 0 | AF46: 0 | AH46: 0 | AI46: 0 | AJ46: 0 | AK46: 0 | AM46: 950 | AN46: 24 | AO46: 2 | AP46: 2 | AQ46: 214.07 | AR46: 28.59 | AS46: 2.28 | AT46: 344 | AU46: 1.77 | AV46: 3706 | AW46: 900 | AX46: 959 | AY46: 10000 | BA46: 90 | BB46: 617.5 | BC46: 1.327 | BD46: 2.145 | BF46: 950 | BG46: 24 | BH46: 2 | BI46: 2 | BJ46: 214.07 | BK46: 28.59 | BL46: 2.28 | BM46: 344 | BN46: 1.77 | BO46: 3706 | BP46: 900 | BQ46: 959 | BR46: 10000 | BT46: 90 | BU46: 617.5 | BV46: 1.327 | BW46: 2.145
A47: 960 | B47: 22 | C47: 0 | D47: 0 | E47: 0 | F47: 0 | G47: 0 | H47: 0 | I47: 0 | J47: 0 | K47: 0 | L47: 0 | M47: 0 | O47: 0 | P47: 0 | Q47: 0 | R47: 0 | T47: 960 | U47: 22 | V47: 0 | W47: 0 | X47: 0 | Y47: 0 | Z47: 0 | AA47: 0 | AB47: 0 | AC47: 0 | AD47: 0 | AE47: 0 | AF47: 0 | AH47: 0 | AI47: 0 | AJ47: 0 | AK47: 0 | AM47: 960 | AN47: 22 | AO47: 2 | AP47: 2 | AQ47: 3647.48 | AR47: 46.76 | AS47: 1.24 | AT47: 1400 | AU47: 2.69 | AV47: 2190 | AW47: 900 | AX47: 959 | AY47: 10000 | BA47: 90 | BB47: 533.6 | BC47: 1.494 | BD47: 2.343 | BF47: 960 | BG47: 22 | BH47: 2 | BI47: 2 | BJ47: 3647.48 | BK47: 46.76 | BL47: 1.24 | BM47: 1400 | BN47: 2.69 | BO47: 2190 | BP47: 900 | BQ47: 959 | BR47: 10000 | BT47: 90 | BU47: 533.6 | BV47: 1.494 | BW47: 2.343
A48: 960 | B48: 23 | C48: 0 | D48: 0 | E48: 0 | O48: 0 | P48: 0 | Q48: 0 | R48: 0 | T48: 960 | U48: 23 | V48: 0 | W48: 0 | X48: 0 | Y48: 0 | Z48: 0 | AA48: 0 | AB48: 0 | AC48: 0 | AD48: 0 | AE48: 0 | AF48: 0 | AH48: 0 | AI48: 0 | AJ48: 0 | AK48: 0 | AM48: 960 | AN48: 23 | AO48: 1 | AP48: 1 | AQ48: 2780 | AR48: 0 | AS48: 0 | AT48: 0 | AU48: 0 | AV48: 0 | AW48: 0 | AX48: 0 | AY48: 0 | BA48: 90 | BB48: 629.7 | BC48: 0.408 | BD48: 0.922 | BF48: 960 | BG48: 23 | BH48: 1 | BI48: 1 | BJ48: 2780 | BK48: 0 | BL48: 0 | BM48: 0 | BN48: 0 | BO48: 0 | BP48: 0 | BQ48: 0 | BR48: 0 | BT48: 90 | BU48: 629.7 | BV48: 0.408 | BW48: 0.922
A49: 960 | B49: 24 | C49: 0 | D49: 0 | E49: 0 | F49: 0 | H49: 0 | I49: 0 | J49: 0 | K49: 0 | L49: 0 | M49: 0 | O49: 0 | P49: 0 | Q49: 0 | R49: 0 | T49: 960 | U49: 24 | V49: 0 | W49: 0 | X49: 0 | Y49: 0 | Z49: 0 | AA49: 0 | AB49: 0 | AC49: 0 | AD49: 0 | AE49: 0 | AF49: 0 | AH49: 0 | AI49: 0 | AJ49: 0 | AK49: 0 | AM49: 960 | AN49: 24 | AO49: 2 | AP49: 2 | AQ49: 769.12 | AR49: 45 | AS49: 0 | AT49: 867 | AU49: 1.8 | AV49: 101 | AW49: 190 | AX49: 43 | AY49: 10000 | BA49: 90 | BB49: 606.1 | BC49: 0.693 | BD49: 1.706 | BF49: 960 | BG49: 24 | BH49: 2 | BI49: 2 | BJ49: 769.12 | BK49: 45 | BL49: 0 | BM49: 867 | BN49: 1.8 | BO49: 101 | BP49: 190 | BQ49: 43 | BR49: 10000 | BT49: 90 | BU49: 606.1 | BV49: 0.693 | BW49: 1.706
A50: 970 | B50: 22 | C50: 0 | D50: 0 | E50: 0 | F50: 0 | H50: 0 | I50: 0 | J50: 0 | K50: 0 | L50: 0 | M50: 0 | O50: 0 | P50: 0 | Q50: 0 | R50: 0 | T50: 970 | U50: 22 | V50: 0 | W50: 0 | X50: 0 | Y50: 0 | Z50: 0 | AA50: 0 | AB50: 0 | AC50: 0 | AD50: 0 | AE50: 0 | AF50: 0 | AH50: 0 | AI50: 0 | AJ50: 0 | AK50: 0 | AM50: 970 | AN50: 22 | AO50: 2 | AP50: 2 | AQ50: 4374.49 | AR50: 50 | AS50: 0 | AT50: 1327 | AU50: 2.23 | AV50: 121 | AW50: 220 | AX50: 57 | AY50: 10000 | BA50: 90 | BB50: 523.5 | BC50: 0.783 | BD50: 1.644 | BF50: 970 | BG50: 22 | BH50: 2 | BI50: 2 | BJ50: 4374.49 | BK50: 50 | BL50: 0 | BM50: 1327 | BN50: 2.23 | BO50: 121 | BP50: 220 | BQ50: 57 | BR50: 10000 | BT50: 90 | BU50: 523.5 | BV50: 0.783 | BW50: 1.644
A51: 970 | B51: 23 | C51: 0 | D51: 0 | E51: 0 | O51: 0 | P51: 0 | Q51: 0 | R51: 0 | T51: 970 | U51: 23 | V51: 0 | W51: 0 | X51: 0 | Y51: 0 | Z51: 0 | AA51: 0 | AB51: 0 | AC51: 0 | AD51: 0 | AE51: 0 | AF51: 0 | AH51: 0 | AI51: 0 | AJ51: 0 | AK51: 0 | AM51: 970 | AN51: 23 | AO51: 1 | AP51: 1 | AQ51: 2780 | AR51: 0 | AS51: 0 | AT51: 0 | AU51: 0 | AV51: 0 | AW51: 0 | AX51: 0 | AY51: 0 | BA51: 90 | BB51: 623.5 | BC51: 0.408 | BD51: 0.914 | BF51: 970 | BG51: 23 | BH51: 1 | BI51: 1 | BJ51: 2780 | BK51: 0 | BL51: 0 | BM51: 0 | BN51: 0 | BO51: 0 | BP51: 0 | BQ51: 0 | BR51: 0 | BT51: 90 | BU51: 623.5 | BV51: 0.408 | BW51: 0.914
A52: 970 | B52: 24 | C52: 0 | D52: 0 | E52: 0 | F52: 0 | H52: 0 | I52: 0 | J52: 0 | K52: 0 | L52: 0 | M52: 0 | O52: 0 | P52: 0 | Q52: 0 | R52: 0 | T52: 970 | U52: 24 | V52: 0 | W52: 0 | X52: 0 | Y52: 0 | Z52: 0 | AA52: 0 | AB52: 0 | AC52: 0 | AD52: 0 | AE52: 0 | AF52: 0 | AH52: 0 | AI52: 0 | AJ52: 0 | AK52: 0 | AM52: 970 | AN52: 24 | AO52: 2 | AP52: 2 | AQ52: 1429.12 | AR52: 45 | AS52: 0 | AT52: 901 | AU52: 1.87 | AV52: 104 | AW52: 192 | AX52: 44 | AY52: 10000 | BA52: 90 | BB52: 593.8 | BC52: 0.694 | BD52: 1.684 | BF52: 970 | BG52: 24 | BH52: 2 | BI52: 2 | BJ52: 1429.12 | BK52: 45 | BL52: 0 | BM52: 901 | BN52: 1.87 | BO52: 104 | BP52: 192 | BQ52: 44 | BR52: 10000 | BT52: 90 | BU52: 593.8 | BV52: 0.694 | BW52: 1.684
A53: 980 | B53: 23 | C53: 0 | D53: 0 | E53: 0 | O53: 0 | P53: 0 | Q53: 0 | R53: 0 | T53: 980 | U53: 23 | V53: 0 | W53: 0 | X53: 0 | Y53: 0 | Z53: 0 | AA53: 0 | AB53: 0 | AC53: 0 | AD53: 0 | AE53: 0 | AF53: 0 | AH53: 0 | AI53: 0 | AJ53: 0 | AK53: 0 | AM53: 980 | AN53: 23 | AO53: 1 | AP53: 1 | AQ53: 2780 | AR53: 0 | AS53: 0 | AT53: 0 | AU53: 0 | AV53: 0 | AW53: 0 | AX53: 0 | AY53: 0 | BA53: 90 | BB53: 617.3 | BC53: 0.408 | BD53: 0.905 | BF53: 980 | BG53: 23 | BH53: 1 | BI53: 1 | BJ53: 2780 | BK53: 0 | BL53: 0 | BM53: 0 | BN53: 0 | BO53: 0 | BP53: 0 | BQ53: 0 | BR53: 0 | BT53: 90 | BU53: 617.3 | BV53: 0.408 | BW53: 0.905
A54: 980 | B54: 24 | C54: 0 | D54: 0 | E54: 0 | F54: 0 | G54: 0 | H54: 0 | I54: 0 | M54: 0 | O54: 0 | P54: 0 | Q54: 0 | R54: 0 | T54: 980 | U54: 24 | V54: 0 | W54: 0 | X54: 0 | Y54: 0 | Z54: 0 | AA54: 0 | AB54: 0 | AC54: 0 | AD54: 0 | AE54: 0 | AF54: 0 | AH54: 0 | AI54: 0 | AJ54: 0 | AK54: 0 | AM54: 980 | AN54: 24 | AO54: 2 | AP54: 2 | AQ54: 2102.7 | AR54: 46.42 | AS54: -2.83 | AT54: 938 | AU54: 1.83 | AV54: 0 | AW54: 0 | AX54: 0 | AY54: 10492 | BA54: 90 | BB54: 582.1 | BC54: 2.671 | BD54: 3.722 | BF54: 980 | BG54: 24 | BH54: 2 | BI54: 2 | BJ54: 2102.7 | BK54: 46.42 | BL54: -2.83 | BM54: 938 | BN54: 1.83 | BO54: 0 | BP54: 0 | BQ54: 0 | BR54: 10492 | BT54: 90 | BU54: 582.1 | BV54: 2.671 | BW54: 3.722
A55: 990 | B55: 23 | C55: 0 | D55: 0 | E55: 0 | F55: 0 | G55: 0 | H55: 0 | I55: 0 | J55: 0 | K55: 0 | L55: 0 | O55: 0 | P55: 0 | Q55: 0 | R55: 0 | T55: 990 | U55: 23 | V55: 0 | W55: 0 | X55: 0 | Y55: 0 | Z55: 0 | AA55: 0 | AB55: 0 | AC55: 0 | AD55: 0 | AE55: 0 | AF55: 0 | AH55: 0 | AI55: 0 | AJ55: 0 | AK55: 0 | AM55: 990 | AN55: 23 | AO55: 1 | AP55: 1 | AQ55: 2787.13 | AR55: 5.4 | AS55: 3 | AT55: 104 | AU55: 15.02 | AV55: 5166 | AW55: 791 | AX55: 299 | AY55: 0 | BA55: 90 | BB55: 611.3 | BC55: 0.885 | BD55: 1.362 | BF55: 990 | BG55: 23 | BH55: 1 | BI55: 1 | BJ55: 2787.13 | BK55: 5.4 | BL55: 3 | BM55: 104 | BN55: 15.02 | BO55: 5166 | BP55: 791 | BQ55: 299 | BR55: 0 | BT55: 90 | BU55: 611.3 | BV55: 0.885 | BW55: 1.362
A56: 990 | B56: 24 | C56: 0 | D56: 0 | E56: 0 | F56: 0 | G56: 0 | H56: 0 | I56: 0 | M56: 0 | O56: 0 | P56: 0 | Q56: 0 | R56: 0 | T56: 990 | U56: 24 | V56: 0 | W56: 0 | X56: 0 | Y56: 0 | Z56: 0 | AA56: 0 | AB56: 0 | AC56: 0 | AD56: 0 | AE56: 0 | AF56: 0 | AH56: 0 | AI56: 0 | AJ56: 0 | AK56: 0 | AM56: 990 | AN56: 24 | AO56: 2 | AP56: 2 | AQ56: 2636.93 | AR56: 23.2 | AS56: -2.76 | AT56: 52 | AU56: 0.41 | AV56: 0 | AW56: 0 | AX56: 0 | AY56: 12997 | BA56: 90 | BB56: 571.8 | BC56: 1.555 | BD56: 2.266 | BF56: 990 | BG56: 24 | BH56: 2 | BI56: 2 | BJ56: 2636.93 | BK56: 23.2 | BL56: -2.76 | BM56: 52 | BN56: 0.41 | BO56: 0 | BP56: 0 | BQ56: 0 | BR56: 12997 | BT56: 90 | BU56: 571.8 | BV56: 1.555 | BW56: 2.266

Sheet SEG
A1: Next-Vis Sheet: SEG
A2: Summary
A3: Percent Error = Absolute value of [(Difference) / (4p2\normal.PRN)] x 100% | T3: Difference = (4p2\normal4p2.out) - (4p2\normal.PRN)
C4: A_Max | D4: A_Max_T | E4: A_Min | F4: A_Min_T | G4: A_P | H4: A_N | I4: V_Max | J4: V_Max_T | K4: V_Min | L4: V_Min_T | M4: V_P | N4: V_N | O4: A_P_P | P4: A_P_N | Q4: V_E | R4: V_EP | V4: A_Max | W4: A_Max_T | X4: A_Min | Y4: A_Min_T | Z4: A_P | AA4: A_N | AB4: V_Max | AC4: V_Max_T | AD4: V_Min | AE4: V_Min_T | AF4: V_P | AG4: V_N | AH4: A_P_P | AI4: A_P_N | AJ4: V_E | AK4: V_EP
B5: count | C5: 72 | D5: 72 | E5: 72 | F5: 72 | G5: 56 | H5: 56 | I5: 72 | J5: 72 | K5: 72 | L5: 72 | M5: 56 | N5: 56 | O5: 56 | P5: 56 | Q5: 16 | R5: 12 | U5: count | V5: 72 | W5: 72 | X5: 72 | Y5: 72 | Z5: 72 | AA5: 72 | AB5: 72 | AC5: 72 | AD5: 72 | AE5: 72 | AF5: 72 | AG5: 72 | AH5: 72 | AI5: 72 | AJ5: 72 | AK5: 72
B6: mean | C6: 6.6743937e-05 | D6: 0 | E6: 0.00049106908 | F6: 0 | G6: 0.00025307498 | H6: 3.9470916e-05 | I6: 0 | J6: 0 | K6: 0 | L6: 0 | M6: 0 | N6: 0 | O6: 0 | P6: 0 | Q6: 0 | R6: 0 | U6: mean | V6: 5.5555556e-05 | W6: 0 | X6: 0.00022222222 | Y6: 0 | Z6: 8.3333333e-05 | AA6: 5.5555556e-05 | AB6: 0 | AC6: 0 | AD6: 0 | AE6: 0 | AF6: 0 | AG6: 0 | AH6: 0 | AI6: 0 | AJ6: 0 | AK6: 0
B7: std | C7: 0.0002413432 | D7: 0 | E7: 0.0011933927 | F7: 0 | G7: 0.00090049161 | H7: 0.00014802174 | I7: 0 | J7: 0 | K7: 0 | L7: 0 | M7: 0 | N7: 0 | O7: 0 | P7: 0 | Q7: 0 | R7: 0 | U7: std | V7: 0.00028526681 | W7: 0 | X7: 0.00053660965 | Y7: 0 | Z7: 0.00032501354 | AA7: 0.00023066889 | AB7: 0 | AC7: 0 | AD7: 0 | AE7: 0 | AF7: 0 | AG7: 0 | AH7: 0 | AI7: 0 | AJ7: 0 | AK7: 0
B8: min | C8: 0 | D8: 0 | E8: 0 | F8: 0 | G8: 0 | H8: 0 | I8: 0 | J8: 0 | K8: 0 | L8: 0 | M8: 0 | N8: 0 | O8: 0 | P8: 0 | Q8: 0 | R8: 0 | U8: min | V8: -0.001 | W8: 0 | X8: -0.001 | Y8: 0 | Z8: -0.001 | AA8: 0 | AB8: 0 | AC8: 0 | AD8: 0 | AE8: 0 | AF8: 0 | AG8: 0 | AH8: 0 | AI8: 0 | AJ8: 0 | AK8: 0
B9: 25% | C9: 0 | D9: 0 | E9: 0 | F9: 0 | G9: 0 | H9: 0 | I9: 0 | J9: 0 | K9: 0 | L9: 0 | M9: 0 | N9: 0 | O9: 0 | P9: 0 | Q9: 0 | R9: 0 | U9: 25% | V9: 0 | W9: 0 | X9: 0 | Y9: 0 | Z9: 0 | AA9: 0 | AB9: 0 | AC9: 0 | AD9: 0 | AE9: 0 | AF9: 0 | AG9: 0 | AH9: 0 | AI9: 0 | AJ9: 0 | AK9: 0
B10: 50% | C10: 0 | D10: 0 | E10: 0 | F10: 0 | G10: 0 | H10: 0 | I10: 0 | J10: 0 | K10: 0 | L10: 0 | M10: 0 | N10: 0 | O10: 0 | P10: 0 | Q10: 0 | R10: 0 | U10: 50% | V10: 0 | W10: 0 | X10: 0 | Y10: 0 | Z10: 0 | AA10: 0 | AB10: 0 | AC10: 0 | AD10: 0 | AE10: 0 | AF10: 0 | AG10: 0 | AH10: 0 | AI10: 0 | AJ10: 0 | AK10: 0
B11: 75% | C11: 0 | D11: 0 | E11: 0.00023424854 | F11: 0 | G11: 0 | H11: 0 | I11: 0 | J11: 0 | K11: 0 | L11: 0 | M11: 0 | N11: 0 | O11: 0 | P11: 0 | Q11: 0 | R11: 0 | U11: 75% | V11: 0 | W11: 0 | X11: 0.00025 | Y11: 0 | Z11: 0 | AA11: 0 | AB11: 0 | AC11: 0 | AD11: 0 | AE11: 0 | AF11: 0 | AG11: 0 | AH11: 0 | AI11: 0 | AJ11: 0 | AK11: 0
B12: max | C12: 0.0011757237 | D12: 0 | E12: 0.0042817384 | F12: 0 | G12: 0.0056721497 | H12: 0.00072910211 | I12: 0 | J12: 0 | K12: 0 | L12: 0 | M12: 0 | N12: 0 | O12: 0 | P12: 0 | Q12: 0 | R12: 0 | U12: max | V12: 0.001 | W12: 0 | X12: 0.002 | Y12: 0 | Z12: 0.001 | AA12: 0.001 | AB12: 0 | AC12: 0 | AD12: 0 | AE12: 0 | AF12: 0 | AG12: 0 | AH12: 0 | AI12: 0 | AJ12: 0 | AK12: 0
A13: Data
A14: Percent Error = Absolute value of [(Difference) / (4p2\normal.PRN)] x 100% | T14: Difference = (4p2\normal4p2.out) - (4p2\normal.PRN) | AM14: 4p2\normal4p2.out | BF14: 4p2\normal.PRN
A15: Time | B15: Segment | C15: A_Max | D15: A_Max_T | E15: A_Min | F15: A_Min_T | G15: A_P | H15: A_N | I15: V_Max | J15: V_Max_T | K15: V_Min | L15: V_Min_T | M15: V_P | N15: V_N | O15: A_P_P | P15: A_P_N | Q15: V_E | R15: V_EP | T15: Time | U15: Segment | V15: A_Max | W15: A_Max_T | X15: A_Min | Y15: A_Min_T | Z15: A_P | AA15: A_N | AB15: V_Max | AC15: V_Max_T | AD15: V_Min | AE15: V_Min_T | AF15: V_P | AG15: V_N | AH15: A_P_P | AI15: A_P_N | AJ15: V_E | AK15: V_EP | AM15: Time | AN15: Segment | AO15: A_Max | AP15: A_Max_T | AQ15: A_Min | AR15: A_Min_T | AS15: A_P | AT15: A_N | AU15: V_Max | AV15: V_Max_T | AW15: V_Min | AX15: V_Min_T | AY15: V_P | AZ15: V_N | BA15: A_P_P | BB15: A_P_N | BC15: V_E | BD15: V_EP | BF15: Time | BG15: Segment | BH15: A_Max | BI15: A_Max_T | BJ15: A_Min | BK15: A_Min_T | BL15: A_P | BM15: A_N | BN15: V_Max | BO15: V_Max_T | BP15: V_Min | BQ15: V_Min_T | BR15: V_P | BS15: V_N | BT15: A_P_P | BU15: A_P_N | BV15: V_E | BW15: V_EP
A16: 360 | B16: 1 | C16: 0 | D16: 0 | E16: 0 | F16: 0 | G16: 0 | I16: 0 | J16: 0 | K16: 0 | L16: 0 | M16: 0 | O16: 0 | T16: 360 | U16: 1 | V16: 0 | W16: 0 | X16: 0 | Y16: 0 | Z16: 0 | AA16: 0 | AB16: 0 | AC16: 0 | AD16: 0 | AE16: 0 | AF16: 0 | AG16: 0 | AH16: 0 | AI16: 0 | AJ16: 0 | AK16: 0 | AM16: 360 | AN16: 1 | AO16: 447.888 | AP16: 302.1 | AQ16: 26.405 | AR16: 277.7 | AS16: 166.309 | AT16: 0 | AU16: 1493 | AV16: 302.1 | AW16: 88 | AX16: 277.7 | AY16: 554 | AZ16: 0 | BA16: 100 | BB16: 0 | BC16: 0 | BD16: 0 | BF16: 360 | BG16: 1 | BH16: 447.888 | BI16: 302.1 | BJ16: 26.405 | BK16: 277.7 | BL16: 166.309 | BM16: 0 | BN16: 1493 | BO16: 302.1 | BP16: 88 | BQ16: 277.7 | BR16: 554 | BS16: 0 | BT16: 100 | BU16: 0 | BV16: 0 | BW16: 0
A17: 360 | B17: 2 | C17: 0 | D17: 0 | E17: 0 | F17: 0 | G17: 0 | I17: 0 | J17: 0 | K17: 0 | L17: 0 | M17: 0 | O17: 0 | T17: 360 | U17: 2 | V17: 0 | W17: 0 | X17: 0 | Y17: 0 | Z17: 0 | AA17: 0 | AB17: 0 | AC17: 0 | AD17: 0 | AE17: 0 | AF17: 0 | AG17: 0 | AH17: 0 | AI17: 0 | AJ17: 0 | AK17: 0 | AM17: 360 | AN17: 2 | AO17: 447.888 | AP17: 302.1 | AQ17: 26.405 | AR17: 277.7 | AS17: 166.309 | AT17: 0 | AU17: 1792 | AV17: 302.1 | AW17: 106 | AX17: 277.7 | AY17: 665 | AZ17: 0 | BA17: 100 | BB17: 0 | BC17: 0 | BD17: 0 | BF17: 360 | BG17: 2 | BH17: 447.888 | BI17: 302.1 | BJ17: 26.405 | BK17: 277.7 | BL17: 166.309 | BM17: 0 | BN17: 1792 | BO17: 302.1 | BP17: 106 | BQ17: 277.7 | BR17: 665 | BS17: 0 | BT17: 100 | BU17: 0 | BV17: 0 | BW17: 0
A18: 360 | B18: 3 | C18: 0 | D18: 0 | E18: 0 | F18: 0 | G18: 0 | I18: 0 | J18: 0 | K18: 0 | L18: 0 | M18: 0 | O18: 0 | T18: 360 | U18: 3 | V18: 0 | W18: 0 | X18: 0 | Y18: 0 | Z18: 0 | AA18: 0 | AB18: 0 | AC18: 0 | AD18: 0 | AE18: 0 | AF18: 0 | AG18: 0 | AH18: 0 | AI18: 0 | AJ18: 0 | AK18: 0 | AM18: 360 | AN18: 3 | AO18: 447.888 | AP18: 302.1 | AQ18: 26.405 | AR18: 277.7 | AS18: 166.309 | AT18: 0 | AU18: 1991 | AV18: 302.1 | AW18: 117 | AX18: 277.7 | AY18: 739 | AZ18: 0 | BA18: 100 | BB18: 0 | BC18: 0 | BD18: 0 | BF18: 360 | BG18: 3 | BH18: 447.888 | BI18: 302.1 | BJ18: 26.405 | BK18: 277.7 | BL18: 166.309 | BM18: 0 | BN18: 1991 | BO18: 302.1 | BP18: 117 | BQ18: 277.7 | BR18: 739 | BS18: 0 | BT18: 100 | BU18: 0 | BV18: 0 | BW18: 0
A19: 360 | B19: 4 | C19: 0 | D19: 0 | E19: 0 | F19: 0 | H19: 0 | I19: 0 | J19: 0 | K19: 0 | L19: 0 | N19: 0 | P19: 0 | T19: 360 | U19: 4 | V19: 0 | W19: 0 | X19: 0 | Y19: 0 | Z19: 0 | AA19: 0 | AB19: 0 | AC19: 0 | AD19: 0 | AE19: 0 | AF19: 0 | AG19: 0 | AH19: 0 | AI19: 0 | AJ19: 0 | AK19: 0 | AM19: 360 | AN19: 4 | AO19: -147.713 | AP19: 300.1 | AQ19: -597.765 | AR19: 334.5 | AS19: 0 | AT19: -287.972 | AU19: -657 | AV19: 300.1 | AW19: -2657 | AX19: 334.5 | AY19: 0 | AZ19: -1280 | BA19: 0 | BB19: 100 | BC19: 0 | BD19: 0 | BF19: 360 | BG19: 4 | BH19: -147.713 | BI19: 300.1 | BJ19: -597.765 | BK19: 334.5 | BL19: 0 | BM19: -287.972 | BN19: -657 | BO19: 300.1 | BP19: -2657 | BQ19: 334.5 | BR19: 0 | BS19: -1280 | BT19: 0 | BU19: 100 | BV19: 0 | BW19: 0
A20: 360 | B20: 5 | C20: 0 | D20: 0 | E20: 0.0016583473 | F20: 0 | G20: 0 | H20: 0 | I20: 0 | J20: 0 | K20: 0 | L20: 0 | M20: 0 | N20: 0 | O20: 0 | P20: 0 | T20: 360 | U20: 5 | V20: 0 | W20: 0 | X20: 0.001 | Y20: 0 | Z20: 0 | AA20: 0 | AB20: 0 | AC20: 0 | AD20: 0 | AE20: 0 | AF20: 0 | AG20: 0 | AH20: 0 | AI20: 0 | AJ20: 0 | AK20: 0 | AM20: 360 | AN20: 5 | AO20: 410.072 | AP20: 311.3 | AQ20: -60.3 | AR20: 358.9 | AS20: 145.584 | AT20: -10.38 | AU20: 1823 | AV20: 311.3 | AW20: -268 | AX20: 358.9 | AY20: 647 | AZ20: -46 | BA20: 73.5 | BB20: 26.5 | BC20: 0 | BD20: 0 | BF20: 360 | BG20: 5 | BH20: 410.072 | BI20: 311.3 | BJ20: -60.301 | BK20: 358.9 | BL20: 145.584 | BM20: -10.38 | BN20: 1823 | BO20: 311.3 | BP20: -268 | BQ20: 358.9 | BR20: 647 | BS20: -46 | BT20: 73.5 | BU20: 26.5 | BV20: 0 | BW20: 0
A21: 360 | B21: 6 | C21: 0 | D21: 0 | E21: 0 | F21: 0 | H21: 0 | I21: 0 | J21: 0 | K21: 0 | L21: 0 | N21: 0 | P21: 0 | T21: 360 | U21: 6 | V21: 0 | W21: 0 | X21: 0 | Y21: 0 | Z21: 0 | AA21: 0 | AB21: 0 | AC21: 0 | AD21: 0 | AE21: 0 | AF21: 0 | AG21: 0 | AH21: 0 | AI21: 0 | AJ21: 0 | AK21: 0 | AM21: 360 | AN21: 6 | AO21: -71.509 | AP21: 294.9 | AQ21: -442.125 | AR21: 330.9 | AS21: 0 | AT21: -262.349 | AU21: -318 | AV21: 294.9 | AW21: -1965 | AX21: 330.9 | AY21: 0 | AZ21: -1166 | BA21: 0 | BB21: 100 | BC21: 0 | BD21: 0 | BF21: 360 | BG21: 6 | BH21: -71.509 | BI21: 294.9 | BJ21: -442.125 | BK21: 330.9 | BL21: 0 | BM21: -262.349 | BN21: -318 | BO21: 294.9 | BP21: -1965 | BQ21: 330.9 | BR21: 0 | BS21: -1166 | BT21: 0 | BU21: 100 | BV21: 0 | BW21: 0
A22: 360 | B22: 7 | C22: 0 | D22: 0 | E22: 0.00026454607 | F22: 0 | G22: 0 | H22: 0 | I22: 0 | J22: 0 | K22: 0 | L22: 0 | M22: 0 | N22: 0 | O22: 0 | P22: 0 | T22: 360 | U22: 7 | V22: 0 | W22: 0 | X22: 0.001 | Y22: 0 | Z22: 0 | AA22: 0 | AB22: 0 | AC22: 0 | AD22: 0 | AE22: 0 | AF22: 0 | AG22: 0 | AH22: 0 | AI22: 0 | AJ22: 0 | AK22: 0 | AM22: 360 | AN22: 7 | AO22: 184.468 | AP22: 310.9 | AQ22: -378.005 | AR22: 356.9 | AS22: 30.449 | AT22: -157.594 | AU22: 264 | AV22: 310.9 | AW22: -540 | AX22: 356.9 | AY22: 43 | AZ22: -225 | BA22: 31 | BB22: 69 | BC22: 0 | BD22: 0 | BF22: 360 | BG22: 7 | BH22: 184.468 | BI22: 310.9 | BJ22: -378.006 | BK22: 356.9 | BL22: 30.449 | BM22: -157.594 | BN22: 264 | BO22: 310.9 | BP22: -540 | BQ22: 356.9 | BR22: 43 | BS22: -225 | BT22: 31 | BU22: 69 | BV22: 0 | BW22: 0
A23: 360 | B23: 8 | C23: 0 | D23: 0 | E23: 0 | F23: 0 | G23: 0 | H23: 0 | I23: 0 | J23: 0 | K23: 0 | L23: 0 | M23: 0 | N23: 0 | O23: 0 | P23: 0 | T23: 360 | U23: 8 | V23: 0 | W23: 0 | X23: 0 | Y23: 0 | Z23: 0 | AA23: 0 | AB23: 0 | AC23: 0 | AD23: 0 | AE23: 0 | AF23: 0 | AG23: 0 | AH23: 0 | AI23: 0 | AJ23: 0 | AK23: 0 | AM23: 360 | AN23: 8 | AO23: 84.039 | AP23: 312.9 | AQ23: -113.185 | AR23: 323.7 | AS23: 10.787 | AT23: -29.663 | AU23: 187 | AV23: 312.9 | AW23: -252 | AX23: 323.7 | AY23: 24 | AZ23: -66 | BA23: 30.1 | BB23: 69.9 | BC23: 0 | BD23: 0 | BF23: 360 | BG23: 8 | BH23: 84.039 | BI23: 312.9 | BJ23: -113.185 | BK23: 323.7 | BL23: 10.787 | BM23: -29.663 | BN23: 187 | BO23: 312.9 | BP23: -252 | BQ23: 323.7 | BR23: 24 | BS23: -66 | BT23: 30.1 | BU23: 69.9 | BV23: 0 | BW23: 0
A24: 360 | B24: 9 | C24: 0 | D24: 0 | E24: 0.00023687757 | F24: 0 | G24: 0 | H24: 0.00072910211 | I24: 0 | J24: 0 | K24: 0 | L24: 0 | M24: 0 | N24: 0 | O24: 0 | P24: 0 | T24: 360 | U24: 9 | V24: 0 | W24: 0 | X24: 0.001 | Y24: 0 | Z24: 0 | AA24: 0.001 | AB24: 0 | AC24: 0 | AD24: 0 | AE24: 0 | AF24: 0 | AG24: 0 | AH24: 0 | AI24: 0 | AJ24: 0 | AK24: 0 | AM24: 360 | AN24: 9 | AO24: 116.408 | AP24: 308.5 | AQ24: -422.158 | AR24: 356.9 | AS24: 28.885 | AT24: -137.154 | AU24: 166 | AV24: 308.5 | AW24: -603 | AX24: 356.9 | AY24: 41 | AZ24: -196 | BA24: 37.6 | BB24: 62.4 | BC24: 0 | BD24: 0 | BF24: 360 | BG24: 9 | BH24: 116.408 | BI24: 308.5 | BJ24: -422.159 | BK24: 356.9 | BL24: 28.885 | BM24: -137.155 | BN24: 166 | BO24: 308.5 | BP24: -603 | BQ24: 356.9 | BR24: 41 | BS24: -196 | BT24: 37.6 | BU24: 62.4 | BV24: 0 | BW24: 0
A25: 360 | B25: 10 | C25: 0 | D25: 0 | E25: 0 | F25: 0 | G25: 0 | H25: 0 | I25: 0 | J25: 0 | K25: 0 | L25: 0 | M25: 0 | N25: 0 | O25: 0 | P25: 0 | T25: 360 | U25: 10 | V25: 0 | W25: 0 | X25: 0 | Y25: 0 | Z25: 0 | AA25: 0 | AB25: 0 | AC25: 0 | AD25: 0 | AE25: 0 | AF25: 0 | AG25: 0 | AH25: 0 | AI25: 0 | AJ25: 0 | AK25: 0 | AM25: 360 | AN25: 10 | AO25: 103.287 | AP25: 283.7 | AQ25: -84.64 | AR25: 348.5 | AS25: 23.988 | AT25: -14.487 | AU25: 230 | AV25: 283.7 | AW25: -188 | AX25: 348.5 | AY25: 53 | AZ25: -32 | BA25: 58.4 | BB25: 41.6 | BC25: 0 | BD25: 0 | BF25: 360 | BG25: 10 | BH25: 103.287 | BI25: 283.7 | BJ25: -84.64 | BK25: 348.5 | BL25: 23.988 | BM25: -14.487 | BN25: 230 | BO25: 283.7 | BP25: -188 | BQ25: 348.5 | BR25: 53 | BS25: -32 | BT25: 58.4 | BU25: 41.6 | BV25: 0 | BW25: 0
A26: 360 | B26: 11 | C26: 0.00076705352 | D26: 0 | E26: 0 | F26: 0 | G26: 0.0026380352 | H26: 0 | I26: 0 | J26: 0 | K26: 0 | L26: 0 | M26: 0 | N26: 0 | O26: 0 | P26: 0 | T26: 360 | U26: 11 | V26: 0.001 | W26: 0 | X26: 0 | Y26: 0 | Z26: 0.001 | AA26: 0 | AB26: 0 | AC26: 0 | AD26: 0 | AE26: 0 | AF26: 0 | AG26: 0 | AH26: 0 | AI26: 0 | AJ26: 0 | AK26: 0 | AM26: 360 | AN26: 11 | AO26: 130.37 | AP26: 294.9 | AQ26: -430.607 | AR26: 351.7 | AS26: 37.908 | AT26: -136.677 | AU26: 186 | AV26: 294.9 | AW26: -615 | AX26: 351.7 | AY26: 54 | AZ26: -195 | BA26: 42.5 | BB26: 57.5 | BC26: 0 | BD26: 0 | BF26: 360 | BG26: 11 | BH26: 130.369 | BI26: 294.9 | BJ26: -430.607 | BK26: 351.7 | BL26: 37.907 | BM26: -136.677 | BN26: 186 | BO26: 294.9 | BP26: -615 | BQ26: 351.7 | BR26: 54 | BS26: -195 | BT26: 42.5 | BU26: 57.5 | BV26: 0 | BW26: 0
A27: 360 | B27: 12 | C27: 0.00076705352 | D27: 0 | E27: 0 | F27: 0 | G27: 0.0026380352 | H27: 0 | I27: 0 | J27: 0 | K27: 0 | L27: 0 | M27: 0 | N27: 0 | O27: 0 | P27: 0 | T27: 360 | U27: 12 | V27: 0.001 | W27: 0 | X27: 0 | Y27: 0 | Z27: 0.001 | AA27: 0 | AB27: 0 | AC27: 0 | AD27: 0 | AE27: 0 | AF27: 0 | AG27: 0 | AH27: 0 | AI27: 0 | AJ27: 0 | AK27: 0 | AM27: 360 | AN27: 12 | AO27: 130.37 | AP27: 294.9 | AQ27: -430.607 | AR27: 351.7 | AS27: 37.908 | AT27: -136.677 | AU27: 326 | AV27: 294.9 | AW27: -1077 | AX27: 351.7 | AY27: 95 | AZ27: -342 | BA27: 42.5 | BB27: 57.5 | BC27: 0 | BD27: 0 | BF27: 360 | BG27: 12 | BH27: 130.369 | BI27: 294.9 | BJ27: -430.607 | BK27: 351.7 | BL27: 37.907 | BM27: -136.677 | BN27: 326 | BO27: 294.9 | BP27: -1077 | BQ27: 351.7 | BR27: 95 | BS27: -342 | BT27: 42.5 | BU27: 57.5 | BV27: 0 | BW27: 0
A28: 360 | B28: 13 | C28: 0 | D28: 0 | E28: 0 | F28: 0 | H28: 0 | I28: 0 | J28: 0 | K28: 0 | L28: 0 | N28: 0 | P28: 0 | T28: 360 | U28: 13 | V28: 0 | W28: 0 | X28: 0 | Y28: 0 | Z28: 0 | AA28: 0 | AB28: 0 | AC28: 0 | AD28: 0 | AE28: 0 | AF28: 0 | AG28: 0 | AH28: 0 | AI28: 0 | AJ28: 0 | AK28: 0 | AM28: 360 | AN28: 13 | AO28: -2.397 | AP28: 294.9 | AQ28: -561.832 | AR28: 352.1 | AS28: 0 | AT28: -235.591 | AU28: -6 | AV28: 294.9 | AW28: -1405 | AX28: 352.1 | AY28: 0 | AZ28: -589 | BA28: 0 | BB28: 100 | BC28: 0 | BD28: 0 | BF28: 360 | BG28: 13 | BH28: -2.397 | BI28: 294.9 | BJ28: -561.832 | BK28: 352.1 | BL28: 0 | BM28: -235.591 | BN28: -6 | BO28: 294.9 | BP28: -1405 | BQ28: 352.1 | BR28: 0 | BS28: -589 | BT28: 0 | BU28: 100 | BV28: 0 | BW28: 0
A29: 360 | B29: 14 | C29: 0 | D29: 0 | E29: 0 | F29: 0 | H29: 0 | I29: 0 | J29: 0 | K29: 0 | L29: 0 | N29: 0 | P29: 0 | T29: 360 | U29: 14 | V29: 0 | W29: 0 | X29: 0 | Y29: 0 | Z29: 0 | AA29: 0 | AB29: 0 | AC29: 0 | AD29: 0 | AE29: 0 | AF29: 0 | AG29: 0 | AH29: 0 | AI29: 0 | AJ29: 0 | AK29: 0 | AM29: 360 | AN29: 14 | AO29: -2.397 | AP29: 294.9 | AQ29: -561.832 | AR29: 352.1 | AS29: 0 | AT29: -235.591 | AU29: -3 | AV29: 294.9 | AW29: -803 | AX29: 352.1 | AY29: 0 | AZ29: -337 | BA29: 0 | BB29: 100 | BC29: 0 | BD29: 0 | BF29: 360 | BG29: 14 | BH29: -2.397 | BI29: 294.9 | BJ29: -561.832 | BK29: 352.1 | BL29: 0 | BM29: -235.591 | BN29: -3 | BO29: 294.9 | BP29: -803 | BQ29: 352.1 | BR29: 0 | BS29: -337 | BT29: 0 | BU29: 100 | BV29: 0 | BW29: 0
A30: 360 | B30: 103 | C30: 0 | D30: 0 | E30: 0 | F30: 0 | G30: 0 | H30: 0 | I30: 0 | J30: 0 | K30: 0 | L30: 0 | M30: 0 | N30: 0 | O30: 0 | P30: 0 | Q30: 0 | R30: 0 | T30: 360 | U30: 103 | V30: 0 | W30: 0 | X30: 0 | Y30: 0 | Z30: 0 | AA30: 0 | AB30: 0 | AC30: 0 | AD30: 0 | AE30: 0 | AF30: 0 | AG30: 0 | AH30: 0 | AI30: 0 | AJ30: 0 | AK30: 0 | AM30: 360 | AN30: 103 | AO30: 259.944 | AP30: 301.7 | AQ30: -94.029 | AR30: 312.9 | AS30: 50.991 | AT30: -19.886 | AU30: 1300 | AV30: 301.7 | AW30: -470 | AX30: 312.9 | AY30: 255 | AZ30: -99 | BA30: 55.8 | BB30: 44.2 | BC30: 1000 | BD30: 8 | BF30: 360 | BG30: 103 | BH30: 259.944 | BI30: 301.7 | BJ30: -94.029 | BK30: 312.9 | BL30: 50.991 | BM30: -19.886 | BN30: 1300 | BO30: 301.7 | BP30: -470 | BQ30: 312.9 | BR30: 255 | BS30: -99 | BT30: 55.8 | BU30: 44.2 | BV30: 1000 | BW30: 8
A31: 360 | B31: 104 | C31: 0 | D31: 0 | E31: 0 | F31: 0 | G31: 0 | H31: 0 | I31: 0 | J31: 0 | K31: 0 | L31: 0 | M31: 0 | N31: 0 | O31: 0 | P31: 0 | Q31: 0 | R31: 0 | T31: 360 | U31: 104 | V31: 0 | W31: 0 | X31: 0 | Y31: 0 | Z31: 0 | AA31: 0 | AB31: 0 | AC31: 0 | AD31: 0 | AE31: 0 | AF31: 0 | AG31: 0 | AH31: 0 | AI31: 0 | AJ31: 0 | AK31: 0 | AM31: 360 | AN31: 104 | AO31: 126.051 | AP31: 325.7 | AQ31: -186.032 | AR31: 334.9 | AS31: 17.553 | AT31: -43.177 | AU31: 950 | AV31: 325.7 | AW31: -1402 | AX31: 334.9 | AY31: 132 | AZ31: -325 | BA31: 28.8 | BB31: 71.2 | BC31: 1000 | BD31: 15.9 | BF31: 360 | BG31: 104 | BH31: 126.051 | BI31: 325.7 | BJ31: -186.032 | BK31: 334.9 | BL31: 17.553 | BM31: -43.177 | BN31: 950 | BO31: 325.7 | BP31: -1402 | BQ31: 334.9 | BR31: 132 | BS31: -325 | BT31: 28.8 | BU31: 71.2 | BV31: 1000 | BW31: 15.9
A32: 360 | B32: 110 | C32: 0 | D32: 0 | E32: 0 | F32: 0 | G32: 0 | H32: 0 | I32: 0 | J32: 0 | K32: 0 | L32: 0 | M32: 0 | N32: 0 | O32: 0 | P32: 0 | Q32: 0 | T32: 360 | U32: 110 | V32: 0 | W32: 0 | X32: 0 | Y32: 0 | Z32: 0 | AA32: 0 | AB32: 0 | AC32: 0 | AD32: 0 | AE32: 0 | AF32: 0 | AG32: 0 | AH32: 0 | AI32: 0 | AJ32: 0 | AK32: 0 | AM32: 360 | AN32: 110 | AO32: 85.367 | AP32: 348.9 | AQ32: -117.332 | AR32: 287.3 | AS32: 19.501 | AT32: -47.877 | AU32: 885 | AV32: 348.9 | AW32: -1216 | AX32: 287.3 | AY32: 202 | AZ32: -496 | BA32: 33.6 | BB32: 66.4 | BC32: 1000 | BD32: 0 | BF32: 360 | BG32: 110 | BH32: 85.367 | BI32: 348.9 | BJ32: -117.332 | BK32: 287.3 | BL32: 19.501 | BM32: -47.877 | BN32: 885 | BO32: 348.9 | BP32: -1216 | BQ32: 287.3 | BR32: 202 | BS32: -496 | BT32: 33.6 | BU32: 66.4 | BV32: 1000 | BW32: 0
A33: 360 | B33: 114 | C33: 0 | D33: 0 | E33: 0 | F33: 0 | G33: 0.00073088196 | I33: 0 | J33: 0 | K33: 0 | L33: 0 | M33: 0 | O33: 0 | Q33: 0 | R33: 0 | T33: 360 | U33: 114 | V33: 0 | W33: 0 | X33: 0 | Y33: 0 | Z33: 0.001 | AA33: 0 | AB33: 0 | AC33: 0 | AD33: 0 | AE33: 0 | AF33: 0 | AG33: 0 | AH33: 0 | AI33: 0 | AJ33: 0 | AK33: 0 | AM33: 360 | AN33: 114 | AO33: 144.902 | AP33: 341.7 | AQ33: 118.322 | AR33: 290.1 | AS33: 136.822 | AT33: 0 | AU33: 966 | AV33: 341.7 | AW33: 789 | AX33: 290.1 | AY33: 912 | AZ33: 0 | BA33: 100 | BB33: 0 | BC33: 1000 | BD33: 92.9 | BF33: 360 | BG33: 114 | BH33: 144.902 | BI33: 341.7 | BJ33: 118.322 | BK33: 290.1 | BL33: 136.821 | BM33: 0 | BN33: 966 | BO33: 341.7 | BP33: 789 | BQ33: 290.1 | BR33: 912 | BS33: 0 | BT33: 100 | BU33: 0 | BV33: 1000 | BW33: 92.9
A34: 450 | B34: 1 | C34: 0 | D34: 0 | E34: 0.0038454143 | F34: 0 | G34: 0.00060186941 | I34: 0 | J34: 0 | K34: 0 | L34: 0 | M34: 0 | O34: 0 | T34: 450 | U34: 1 | V34: 0 | W34: 0 | X34: 0.001 | Y34: 0 | Z34: 0.001 | AA34: 0 | AB34: 0 | AC34: 0 | AD34: 0 | AE34: 0 | AF34: 0 | AG34: 0 | AH34: 0 | AI34: 0 | AJ34: 0 | AK34: 0 | AM34: 450 | AN34: 1 | AO34: 447.519 | AP34: 392.1 | AQ34: 26.006 | AR34: 367.7 | AS34: 166.15 | AT34: 0 | AU34: 1492 | AV34: 392.1 | AW34: 87 | AX34: 367.7 | AY34: 554 | AZ34: 0 | BA34: 100 | BB34: 0 | BC34: 0 | BD34: 0 | BF34: 450 | BG34: 1 | BH34: 447.519 | BI34: 392.1 | BJ34: 26.005 | BK34: 367.7 | BL34: 166.149 | BM34: 0 | BN34: 1492 | BO34: 392.1 | BP34: 87 | BQ34: 367.7 | BR34: 554 | BS34: 0 | BT34: 100 | BU34: 0 | BV34: 0 | BW34: 0
A35: 450 | B35: 2 | C35: 0 | D35: 0 | E35: 0.0038454143 | F35: 0 | G35: 0.00060186941 | I35: 0 | J35: 0 | K35: 0 | L35: 0 | M35: 0 | O35: 0 | T35: 450 | U35: 2 | V35: 0 | W35: 0 | X35: 0.001 | Y35: 0 | Z35: 0.001 | AA35: 0 | AB35: 0 | AC35: 0 | AD35: 0 | AE35: 0 | AF35: 0 | AG35: 0 | AH35: 0 | AI35: 0 | AJ35: 0 | AK35: 0 | AM35: 450 | AN35: 2 | AO35: 447.519 | AP35: 392.1 | AQ35: 26.006 | AR35: 367.7 | AS35: 166.15 | AT35: 0 | AU35: 1790 | AV35: 392.1 | AW35: 104 | AX35: 367.7 | AY35: 665 | AZ35: 0 | BA35: 100 | BB35: 0 | BC35: 0 | BD35: 0 | BF35: 450 | BG35: 2 | BH35: 447.519 | BI35: 392.1 | BJ35: 26.005 | BK35: 367.7 | BL35: 166.149 | BM35: 0 | BN35: 1790 | BO35: 392.1 | BP35: 104 | BQ35: 367.7 | BR35: 665 | BS35: 0 | BT35: 100 | BU35: 0 | BV35: 0 | BW35: 0
A36: 450 | B36: 3 | C36: 0 | D36: 0 | E36: 0.0038454143 | F36: 0 | G36: 0.00060186941 | I36: 0 | J36: 0 | K36: 0 | L36: 0 | M36: 0 | O36: 0 | T36: 450 | U36: 3 | V36: 0 | W36: 0 | X36: 0.001 | Y36: 0 | Z36: 0.001 | AA36: 0 | AB36: 0 | AC36: 0 | AD36: 0 | AE36: 0 | AF36: 0 | AG36: 0 | AH36: 0 | AI36: 0 | AJ36: 0 | AK36: 0 | AM36: 450 | AN36: 3 | AO36: 447.519 | AP36: 392.1 | AQ36: 26.006 | AR36: 367.7 | AS36: 166.15 | AT36: 0 | AU36: 1989 | AV36: 392.1 | AW36: 116 | AX36: 367.7 | AY36: 738 | AZ36: 0 | BA36: 100 | BB36: 0 | BC36: 0 | BD36: 0 | BF36: 450 | BG36: 3 | BH36: 447.519 | BI36: 392.1 | BJ36: 26.005 | BK36: 367.7 | BL36: 166.149 | BM36: 0 | BN36: 1989 | BO36: 392.1 | BP36: 116 | BQ36: 367.7 | BR36: 738 | BS36: 0 | BT36: 100 | BU36: 0 | BV36: 0 | BW36: 0
A37: 450 | B37: 4 | C37: 0.00067763992 | D37: 0 | E37: 0 | F37: 0 | H37: 0 | I37: 0 | J37: 0 | K37: 0 | L37: 0 | N37: 0 | P37: 0 | T37: 450 | U37: 4 | V37: -0.001 | W37: 0 | X37: 0 | Y37: 0 | Z37: 0 | AA37: 0 | AB37: 0 | AC37: 0 | AD37: 0 | AE37: 0 | AF37: 0 | AG37: 0 | AH37: 0 | AI37: 0 | AJ37: 0 | AK37: 0 | AM37: 450 | AN37: 4 | AO37: -147.572 | AP37: 390.1 | AQ37: -597.672 | AR37: 424.5 | AS37: 0 | AT37: -287.751 | AU37: -656 | AV37: 390.1 | AW37: -2656 | AX37: 424.5 | AY37: 0 | AZ37: -1279 | BA37: 0 | BB37: 100 | BC37: 0 | BD37: 0 | BF37: 450 | BG37: 4 | BH37: -147.571 | BI37: 390.1 | BJ37: -597.672 | BK37: 424.5 | BL37: 0 | BM37: -287.751 | BN37: -656 | BO37: 390.1 | BP37: -2656 | BQ37: 424.5 | BR37: 0 | BS37: -1279 | BT37: 0 | BU37: 100 | BV37: 0 | BW37: 0
A38: 450 | B38: 5 | C38: 0.00024402564 | D38: 0 | E38: 0.0033189512 | F38: 0 | G38: 0.0006874884 | H38: 0 | I38: 0 | J38: 0 | K38: 0 | L38: 0 | M38: 0 | N38: 0 | O38: 0 | P38: 0 | T38: 450 | U38: 5 | V38: 0.001 | W38: 0 | X38: 0.002 | Y38: 0 | Z38: 0.001 | AA38: 0 | AB38: 0 | AC38: 0 | AD38: 0 | AE38: 0 | AF38: 0 | AG38: 0 | AH38: 0 | AI38: 0 | AJ38: 0 | AK38: 0 | AM38: 450 | AN38: 5 | AO38: 409.794 | AP38: 401.3 | AQ38: -60.258 | AR38: 448.9 | AS38: 145.458 | AT38: -10.456 | AU38: 1821 | AV38: 401.3 | AW38: -268 | AX38: 448.9 | AY38: 646 | AZ38: -46 | BA38: 73.5 | BB38: 26.5 | BC38: 0 | BD38: 0 | BF38: 450 | BG38: 5 | BH38: 409.793 | BI38: 401.3 | BJ38: -60.26 | BK38: 448.9 | BL38: 145.457 | BM38: -10.456 | BN38: 1821 | BO38: 401.3 | BP38: -268 | BQ38: 448.9 | BR38: 646 | BS38: -46 | BT38: 73.5 | BU38: 26.5 | BV38: 0 | BW38: 0
A39: 450 | B39: 6 | C39: 0 | D39: 0 | E39: 0 | F39: 0 | H39: 0 | I39: 0 | J39: 0 | K39: 0 | L39: 0 | N39: 0 | P39: 0 | T39: 450 | U39: 6 | V39: 0 | W39: 0 | X39: 0 | Y39: 0 | Z39: 0 | AA39: 0 | AB39: 0 | AC39: 0 | AD39: 0 | AE39: 0 | AF39: 0 | AG39: 0 | AH39: 0 | AI39: 0 | AJ39: 0 | AK39: 0 | AM39: 450 | AN39: 6 | AO39: -71.59 | AP39: 384.9 | AQ39: -442.217 | AR39: 420.9 | AS39: 0 | AT39: -262.474 | AU39: -318 | AV39: 384.9 | AW39: -1965 | AX39: 420.9 | AY39: 0 | AZ39: -1167 | BA39: 0 | BB39: 100 | BC39: 0 | BD39: 0 | BF39: 450 | BG39: 6 | BH39: -71.59 | BI39: 384.9 | BJ39: -442.217 | BK39: 420.9 | BL39: 0 | BM39: -262.474 | BN39: -318 | BO39: 384.9 | BP39: -1965 | BQ39: 420.9 | BR39: 0 | BS39: -1167 | BT39: 0 | BU39: 100 | BV39: 0 | BW39: 0
A40: 450 | B40: 7 | C40: 0 | D40: 0 | E40: 0.00026454816 | F40: 0 | G40: 0 | H40: 0.00063362121 | I40: 0 | J40: 0 | K40: 0 | L40: 0 | M40: 0 | N40: 0 | O40: 0 | P40: 0 | T40: 450 | U40: 7 | V40: 0 | W40: 0 | X40: 0.001 | Y40: 0 | Z40: 0 | AA40: 0.001 | AB40: 0 | AC40: 0 | AD40: 0 | AE40: 0 | AF40: 0 | AG40: 0 | AH40: 0 | AI40: 0 | AJ40: 0 | AK40: 0 | AM40: 450 | AN40: 7 | AO40: 184.13 | AP40: 400.9 | AQ40: -378.002 | AR40: 446.9 | AS40: 30.35 | AT40: -157.822 | AU40: 263 | AV40: 400.9 | AW40: -540 | AX40: 446.9 | AY40: 43 | AZ40: -225 | BA40: 31 | BB40: 69 | BC40: 0 | BD40: 0 | BF40: 450 | BG40: 7 | BH40: 184.13 | BI40: 400.9 | BJ40: -378.003 | BK40: 446.9 | BL40: 30.35 | BM40: -157.823 | BN40: 263 | BO40: 400.9 | BP40: -540 | BQ40: 446.9 | BR40: 43 | BS40: -225 | BT40: 31 | BU40: 69 | BV40: 0 | BW40: 0
A41: 450 | B41: 8 | C41: 0 | D41: 0 | E41: 0 | F41: 0 | G41: 0 | H41: 0 | I41: 0 | J41: 0 | K41: 0 | L41: 0 | M41: 0 | N41: 0 | O41: 0 | P41: 0 | T41: 450 | U41: 8 | V41: 0 | W41: 0 | X41: 0 | Y41: 0 | Z41: 0 | AA41: 0 | AB41: 0 | AC41: 0 | AD41: 0 | AE41: 0 | AF41: 0 | AG41: 0 | AH41: 0 | AI41: 0 | AJ41: 0 | AK41: 0 | AM41: 450 | AN41: 8 | AO41: 84.06 | AP41: 402.9 | AQ41: -113.276 | AR41: 413.7 | AS41: 10.808 | AT41: -29.636 | AU41: 187 | AV41: 402.9 | AW41: -252 | AX41: 413.7 | AY41: 24 | AZ41: -66 | BA41: 30.1 | BB41: 69.9 | BC41: 0 | BD41: 0 | BF41: 450 | BG41: 8 | BH41: 84.06 | BI41: 402.9 | BJ41: -113.276 | BK41: 413.7 | BL41: 10.808 | BM41: -29.636 | BN41: 187 | BO41: 402.9 | BP41: -252 | BQ41: 413.7 | BR41: 24 | BS41: -66 | BT41: 30.1 | BU41: 69.9 | BV41: 0 | BW41: 0
A42: 450 | B42: 9 | C42: 0 | D42: 0 | E42: 0 | F42: 0 | G42: 0 | H42: 0 | I42: 0 | J42: 0 | K42: 0 | L42: 0 | M42: 0 | N42: 0 | O42: 0 | P42: 0 | T42: 450 | U42: 9 | V42: 0 | W42: 0 | X42: 0 | Y42: 0 | Z42: 0 | AA42: 0 | AB42: 0 | AC42: 0 | AD42: 0 | AE42: 0 | AF42: 0 | AG42: 0 | AH42: 0 | AI42: 0 | AJ42: 0 | AK42: 0 | AM42: 450 | AN42: 9 | AO42: 116.068 | AP42: 398.5 | AQ42: -422.186 | AR42: 446.9 | AS42: 28.764 | AT42: -137.408 | AU42: 166 | AV42: 398.5 | AW42: -603 | AX42: 446.9 | AY42: 41 | AZ42: -196 | BA42: 37.6 | BB42: 62.4 | BC42: 0 | BD42: 0 | BF42: 450 | BG42: 9 | BH42: 116.068 | BI42: 398.5 | BJ42: -422.186 | BK42: 446.9 | BL42: 28.764 | BM42: -137.408 | BN42: 166 | BO42: 398.5 | BP42: -603 | BQ42: 446.9 | BR42: 41 | BS42: -196 | BT42: 37.6 | BU42: 62.4 | BV42: 0 | BW42: 0
A43: 450 | B43: 10 | C43: 0 | D43: 0 | E43: 0.0011813907 | F43: 0 | G43: 0 | H43: 0 | I43: 0 | J43: 0 | K43: 0 | L43: 0 | M43: 0 | N43: 0 | O43: 0 | P43: 0 | T43: 450 | U43: 10 | V43: 0 | W43: 0 | X43: -0.001 | Y43: 0 | Z43: 0 | AA43: 0 | AB43: 0 | AC43: 0 | AD43: 0 | AE43: 0 | AF43: 0 | AG43: 0 | AH43: 0 | AI43: 0 | AJ43: 0 | AK43: 0 | AM43: 450 | AN43: 10 | AO43: 103.37 | AP43: 373.7 | AQ43: -84.647 | AR43: 438.5 | AS43: 24.004 | AT43: -14.488 | AU43: 230 | AV43: 373.7 | AW43: -188 | AX43: 438.5 | AY43: 53 | AZ43: -32 | BA43: 58.4 | BB43: 41.6 | BC43: 0 | BD43: 0 | BF43: 450 | BG43: 10 | BH43: 103.37 | BI43: 373.7 | BJ43: -84.646 | BK43: 438.5 | BL43: 24.004 | BM43: -14.488 | BN43: 230 | BO43: 373.7 | BP43: -188 | BQ43: 438.5 | BR43: 53 | BS43: -32 | BT43: 58.4 | BU43: 41.6 | BV43: 0 | BW43: 0
A44: 450 | B44: 11 | C44: 0 | D44: 0 | E44: 0 | F44: 0 | G44: 0 | H44: 0 | I44: 0 | J44: 0 | K44: 0 | L44: 0 | M44: 0 | N44: 0 | O44: 0 | P44: 0 | T44: 450 | U44: 11 | V44: 0 | W44: 0 | X44: 0 | Y44: 0 | Z44: 0 | AA44: 0 | AB44: 0 | AC44: 0 | AD44: 0 | AE44: 0 | AF44: 0 | AG44: 0 | AH44: 0 | AI44: 0 | AJ44: 0 | AK44: 0 | AM44: 450 | AN44: 11 | AO44: 130.07 | AP44: 384.9 | AQ44: -430.674 | AR44: 441.7 | AS44: 37.758 | AT44: -136.886 | AU44: 186 | AV44: 384.9 | AW44: -615 | AX44: 441.7 | AY44: 54 | AZ44: -196 | BA44: 42.5 | BB44: 57.5 | BC44: 0 | BD44: 0 | BF44: 450 | BG44: 11 | BH44: 130.07 | BI44: 384.9 | BJ44: -430.674 | BK44: 441.7 | BL44: 37.758 | BM44: -136.886 | BN44: 186 | BO44: 384.9 | BP44: -615 | BQ44: 441.7 | BR44: 54 | BS44: -196 | BT44: 42.5 | BU44: 57.5 | BV44: 0 | BW44: 0
A45: 450 | B45: 12 | C45: 0 | D45: 0 | E45: 0 | F45: 0 | G45: 0 | H45: 0 | I45: 0 | J45: 0 | K45: 0 | L45: 0 | M45: 0 | N45: 0 | O45: 0 | P45: 0 | T45: 450 | U45: 12 | V45: 0 | W45: 0 | X45: 0 | Y45: 0 | Z45: 0 | AA45: 0 | AB45: 0 | AC45: 0 | AD45: 0 | AE45: 0 | AF45: 0 | AG45: 0 | AH45: 0 | AI45: 0 | AJ45: 0 | AK45: 0 | AM45: 450 | AN45: 12 | AO45: 130.07 | AP45: 384.9 | AQ45: -430.674 | AR45: 441.7 | AS45: 37.758 | AT45: -136.886 | AU45: 325 | AV45: 384.9 | AW45: -1077 | AX45: 441.7 | AY45: 94 | AZ45: -342 | BA45: 42.5 | BB45: 57.5 | BC45: 0 | BD45: 0 | BF45: 450 | BG45: 12 | BH45: 130.07 | BI45: 384.9 | BJ45: -430.674 | BK45: 441.7 | BL45: 37.758 | BM45: -136.886 | BN45: 325 | BO45: 384.9 | BP45: -1077 | BQ45: 441.7 | BR45: 94 | BS45: -342 | BT45: 42.5 | BU45: 57.5 | BV45: 0 | BW45: 0
A46: 450 | B46: 13 | C46: 0 | D46: 0 | E46: 0.00017796856 | F46: 0 | H46: 0.00042382399 | I46: 0 | J46: 0 | K46: 0 | L46: 0 | N46: 0 | P46: 0 | T46: 450 | U46: 13 | V46: 0 | W46: 0 | X46: 0.001 | Y46: 0 | Z46: 0 | AA46: 0.001 | AB46: 0 | AC46: 0 | AD46: 0 | AE46: 0 | AF46: 0 | AG46: 0 | AH46: 0 | AI46: 0 | AJ46: 0 | AK46: 0 | AM46: 450 | AN46: 13 | AO46: -2.662 | AP46: 384.9 | AQ46: -561.896 | AR46: 442.1 | AS46: 0 | AT46: -235.946 | AU46: -7 | AV46: 384.9 | AW46: -1405 | AX46: 442.1 | AY46: 0 | AZ46: -590 | BA46: 0 | BB46: 100 | BC46: 0 | BD46: 0 | BF46: 450 | BG46: 13 | BH46: -2.662 | BI46: 384.9 | BJ46: -561.897 | BK46: 442.1 | BL46: 0 | BM46: -235.947 | BN46: -7 | BO46: 384.9 | BP46: -1405 | BQ46: 442.1 | BR46: 0 | BS46: -590 | BT46: 0 | BU46: 100 | BV46: 0 | BW46: 0
A47: 450 | B47: 14 | C47: 0 | D47: 0 | E47: 0.00017796856 | F47: 0 | H47: 0.00042382399 | I47: 0 | J47: 0 | K47: 0 | L47: 0 | N47: 0 | P47: 0 | T47: 450 | U47: 14 | V47: 0 | W47: 0 | X47: 0.001 | Y47: 0 | Z47: 0 | AA47: 0.001 | AB47: 0 | AC47: 0 | AD47: 0 | AE47: 0 | AF47: 0 | AG47: 0 | AH47: 0 | AI47: 0 | AJ47: 0 | AK47: 0 | AM47: 450 | AN47: 14 | AO47: -2.662 | AP47: 384.9 | AQ47: -561.896 | AR47: 442.1 | AS47: 0 | AT47: -235.946 | AU47: -4 | AV47: 384.9 | AW47: -803 | AX47: 442.1 | AY47: 0 | AZ47: -337 | BA47: 0 | BB47: 100 | BC47: 0 | BD47: 0 | BF47: 450 | BG47: 14 | BH47: -2.662 | BI47: 384.9 | BJ47: -561.897 | BK47: 442.1 | BL47: 0 | BM47: -235.947 | BN47: -4 | BO47: 384.9 | BP47: -803 | BQ47: 442.1 | BR47: 0 | BS47: -337 | BT47: 0 | BU47: 100 | BV47: 0 | BW47: 0
A48: 450 | B48: 103 | C48: 0 | D48: 0 | E48: 0 | F48: 0 | G48: 0 | H48: 0 | I48: 0 | J48: 0 | K48: 0 | L48: 0 | M48: 0 | N48: 0 | O48: 0 | P48: 0 | Q48: 0 | R48: 0 | T48: 450 | U48: 103 | V48: 0 | W48: 0 | X48: 0 | Y48: 0 | Z48: 0 | AA48: 0 | AB48: 0 | AC48: 0 | AD48: 0 | AE48: 0 | AF48: 0 | AG48: 0 | AH48: 0 | AI48: 0 | AJ48: 0 | AK48: 0 | AM48: 450 | AN48: 103 | AO48: 259.845 | AP48: 391.7 | AQ48: -93.881 | AR48: 402.9 | AS48: 51.011 | AT48: -19.863 | AU48: 1299 | AV48: 391.7 | AW48: -469 | AX48: 402.9 | AY48: 255 | AZ48: -99 | BA48: 55.8 | BB48: 44.2 | BC48: 1000 | BD48: 8 | BF48: 450 | BG48: 103 | BH48: 259.845 | BI48: 391.7 | BJ48: -93.881 | BK48: 402.9 | BL48: 51.011 | BM48: -19.863 | BN48: 1299 | BO48: 391.7 | BP48: -469 | BQ48: 402.9 | BR48: 255 | BS48: -99 | BT48: 55.8 | BU48: 44.2 | BV48: 1000 | BW48: 8
A49: 450 | B49: 104 | C49: 0 | D49: 0 | E49: 0 | F49: 0 | G49: 0.0056721497 | H49: 0 | I49: 0 | J49: 0 | K49: 0 | L49: 0 | M49: 0 | N49: 0 | O49: 0 | P49: 0 | Q49: 0 | R49: 0 | T49: 450 | U49: 104 | V49: 0 | W49: 0 | X49: 0 | Y49: 0 | Z49: -0.001 | AA49: 0 | AB49: 0 | AC49: 0 | AD49: 0 | AE49: 0 | AF49: 0 | AG49: 0 | AH49: 0 | AI49: 0 | AJ49: 0 | AK49: 0 | AM49: 450 | AN49: 104 | AO49: 126.32 | AP49: 415.7 | AQ49: -185.84 | AR49: 424.9 | AS49: 17.629 | AT49: -42.907 | AU49: 952 | AV49: 415.7 | AW49: -1400 | AX49: 424.9 | AY49: 133 | AZ49: -323 | BA49: 28.8 | BB49: 71.2 | BC49: 1000 | BD49: 15.9 | BF49: 450 | BG49: 104 | BH49: 126.32 | BI49: 415.7 | BJ49: -185.84 | BK49: 424.9 | BL49: 17.63 | BM49: -42.907 | BN49: 952 | BO49: 415.7 | BP49: -1400 | BQ49: 424.9 | BR49: 133 | BS49: -323 | BT49: 28.8 | BU49: 71.2 | BV49: 1000 | BW49: 15.9
A50: 450 | B50: 110 | C50: 0 | D50: 0 | E50: 0 | F50: 0 | G50: 0 | H50: 0 | I50: 0 | J50: 0 | K50: 0 | L50: 0 | M50: 0 | N50: 0 | O50: 0 | P50: 0 | Q50: 0 | T50: 450 | U50: 110 | V50: 0 | W50: 0 | X50: 0 | Y50: 0 | Z50: 0 | AA50: 0 | AB50: 0 | AC50: 0 | AD50: 0 | AE50: 0 | AF50: 0 | AG50: 0 | AH50: 0 | AI50: 0 | AJ50: 0 | AK50: 0 | AM50: 450 | AN50: 110 | AO50: 85.408 | AP50: 438.9 | AQ50: -117.355 | AR50: 377.3 | AS50: 19.509 | AT50: -47.853 | AU50: 885 | AV50: 438.9 | AW50: -1216 | AX50: 377.3 | AY50: 202 | AZ50: -496 | BA50: 33.6 | BB50: 66.4 | BC50: 1000 | BD50: 0 | BF50: 450 | BG50: 110 | BH50: 85.408 | BI50: 438.9 | BJ50: -117.355 | BK50: 377.3 | BL50: 19.509 | BM50: -47.853 | BN50: 885 | BO50: 438.9 | BP50: -1216 | BQ50: 377.3 | BR50: 202 | BS50: -496 | BT50: 33.6 | BU50: 66.4 | BV50: 1000 | BW50: 0
A51: 450 | B51: 114 | C51: 0 | D51: 0 | E51: 0.00084525138 | F51: 0 | G51: 0 | I51: 0 | J51: 0 | K51: 0 | L51: 0 | M51: 0 | O51: 0 | Q51: 0 | R51: 0 | T51: 450 | U51: 114 | V51: 0 | W51: 0 | X51: 0.001 | Y51: 0 | Z51: 0 | AA51: 0 | AB51: 0 | AC51: 0 | AD51: 0 | AE51: 0 | AF51: 0 | AG51: 0 | AH51: 0 | AI51: 0 | AJ51: 0 | AK51: 0 | AM51: 450 | AN51: 114 | AO51: 144.902 | AP51: 431.7 | AQ51: 118.309 | AR51: 380.1 | AS51: 136.819 | AT51: 0 | AU51: 966 | AV51: 431.7 | AW51: 789 | AX51: 380.1 | AY51: 912 | AZ51: 0 | BA51: 100 | BB51: 0 | BC51: 1000 | BD51: 92.9 | BF51: 450 | BG51: 114 | BH51: 144.902 | BI51: 431.7 | BJ51: 118.308 | BK51: 380.1 | BL51: 136.819 | BM51: 0 | BN51: 966 | BO51: 431.7 | BP51: 789 | BQ51: 380.1 | BR51: 912 | BS51: 0 | BT51: 100 | BU51: 0 | BV51: 1000 | BW51: 92.9
A52: 720 | B52: 1 | C52: 0 | D52: 0 | E52: 0.0042817384 | F52: 0 | G52: 0 | I52: 0 | J52: 0 | K52: 0 | L52: 0 | M52: 0 | O52: 0 | T52: 720 | U52: 1 | V52: 0 | W52: 0 | X52: 0.001 | Y52: 0 | Z52: 0 | AA52: 0 | AB52: 0 | AC52: 0 | AD52: 0 | AE52: 0 | AF52: 0 | AG52: 0 | AH52: 0 | AI52: 0 | AJ52: 0 | AK52: 0 | AM52: 720 | AN52: 1 | AO52: 446.792 | AP52: 662.1 | AQ52: 23.356 | AR52: 638.9 | AS52: 163.932 | AT52: 0 | AU52: 1489 | AV52: 662.1 | AW52: 78 | AX52: 638.9 | AY52: 546 | AZ52: 0 | BA52: 100 | BB52: 0 | BC52: 0 | BD52: 0 | BF52: 720 | BG52: 1 | BH52: 446.792 | BI52: 662.1 | BJ52: 23.355 | BK52: 638.9 | BL52: 163.932 | BM52: 0 | BN52: 1489 | BO52: 662.1 | BP52: 78 | BQ52: 638.9 | BR52: 546 | BS52: 0 | BT52: 100 | BU52: 0 | BV52: 0 | BW52: 0
A53: 720 | B53: 2 | C53: 0 | D53: 0 | E53: 0.0042817384 | F53: 0 | G53: 0 | I53: 0 | J53: 0 | K53: 0 | L53: 0 | M53: 0 | O53: 0 | T53: 720 | U53: 2 | V53: 0 | W53: 0 | X53: 0.001 | Y53: 0 | Z53: 0 | AA53: 0 | AB53: 0 | AC53: 0 | AD53: 0 | AE53: 0 | AF53: 0 | AG53: 0 | AH53: 0 | AI53: 0 | AJ53: 0 | AK53: 0 | AM53: 720 | AN53: 2 | AO53: 446.792 | AP53: 662.1 | AQ53: 23.356 | AR53: 638.9 | AS53: 163.932 | AT53: 0 | AU53: 1787 | AV53: 662.1 | AW53: 93 | AX53: 638.9 | AY53: 656 | AZ53: 0 | BA53: 100 | BB53: 0 | BC53: 0 | BD53: 0 | BF53: 720 | BG53: 2 | BH53: 446.792 | BI53: 662.1 | BJ53: 23.355 | BK53: 638.9 | BL53: 163.932 | BM53: 0 | BN53: 1787 | BO53: 662.1 | BP53: 93 | BQ53: 638.9 | BR53: 656 | BS53: 0 | BT53: 100 | BU53: 0 | BV53: 0 | BW53: 0
A54: 720 | B54: 3 | C54: 0 | D54: 0 | E54: 0.0042817384 | F54: 0 | G54: 0 | I54: 0 | J54: 0 | K54: 0 | L54: 0 | M54: 0 | O54: 0 | T54: 720 | U54: 3 | V54: 0 | W54: 0 | X54: 0.001 | Y54: 0 | Z54: 0 | AA54: 0 | AB54: 0 | AC54: 0 | AD54: 0 | AE54: 0 | AF54: 0 | AG54: 0 | AH54: 0 | AI54: 0 | AJ54: 0 | AK54: 0 | AM54: 720 | AN54: 3 | AO54: 446.792 | AP54: 662.1 | AQ54: 23.356 | AR54: 638.9 | AS54: 163.932 | AT54: 0 | AU54: 1986 | AV54: 662.1 | AW54: 104 | AX54: 638.9 | AY54: 729 | AZ54: 0 | BA54: 100 | BB54: 0 | BC54: 0 | BD54: 0 | BF54: 720 | BG54: 3 | BH54: 446.792 | BI54: 662.1 | BJ54: 23.355 | BK54: 638.9 | BL54: 163.932 | BM54: 0 | BN54: 1986 | BO54: 662.1 | BP54: 104 | BQ54: 638.9 | BR54: 729 | BS54: 0 | BT54: 100 | BU54: 0 | BV54: 0 | BW54: 0
A55: 720 | B55: 4 | C55: 0 | D55: 0 | E55: 0 | F55: 0 | H55: 0 | I55: 0 | J55: 0 | K55: 0 | L55: 0 | N55: 0 | P55: 0 | T55: 720 | U55: 4 | V55: 0 | W55: 0 | X55: 0 | Y55: 0 | Z55: 0 | AA55: 0 | AB55: 0 | AC55: 0 | AD55: 0 | AE55: 0 | AF55: 0 | AG55: 0 | AH55: 0 | AI55: 0 | AJ55: 0 | AK55: 0 | AM55: 720 | AN55: 4 | AO55: -149.059 | AP55: 659.7 | AQ55: -599.363 | AR55: 694.5 | AS55: 0 | AT55: -289.659 | AU55: -662 | AV55: 659.7 | AW55: -2664 | AX55: 694.5 | AY55: 0 | AZ55: -1287 | BA55: 0 | BB55: 100 | BC55: 0 | BD55: 0 | BF55: 720 | BG55: 4 | BH55: -149.059 | BI55: 659.7 | BJ55: -599.363 | BK55: 694.5 | BL55: 0 | BM55: -289.659 | BN55: -662 | BO55: 659.7 | BP55: -2664 | BQ55: 694.5 | BR55: 0 | BS55: -1287 | BT55: 0 | BU55: 100 | BV55: 0 | BW55: 0
A56: 720 | B56: 5 | C56: 0 | D56: 0 | E56: 0 | F56: 0 | G56: 0 | H56: 0 | I56: 0 | J56: 0 | K56: 0 | L56: 0 | M56: 0 | N56: 0 | O56: 0 | P56: 0 | T56: 720 | U56: 5 | V56: 0 | W56: 0 | X56: 0 | Y56: 0 | Z56: 0 | AA56: 0 | AB56: 0 | AC56: 0 | AD56: 0 | AE56: 0 | AF56: 0 | AG56: 0 | AH56: 0 | AI56: 0 | AJ56: 0 | AK56: 0 | AM56: 720 | AN56: 5 | AO56: 410.252 | AP56: 671.3 | AQ56: -60.198 | AR56: 718.9 | AS56: 145.616 | AT56: -10.398 | AU56: 1823 | AV56: 671.3 | AW56: -268 | AX56: 718.9 | AY56: 647 | AZ56: -46 | BA56: 73.5 | BB56: 26.5 | BC56: 0 | BD56: 0 | BF56: 720 | BG56: 5 | BH56: 410.252 | BI56: 671.3 | BJ56: -60.198 | BK56: 718.9 | BL56: 145.616 | BM56: -10.398 | BN56: 1823 | BO56: 671.3 | BP56: -268 | BQ56: 718.9 | BR56: 647 | BS56: -46 | BT56: 73.5 | BU56: 26.5 | BV56: 0 | BW56: 0
A57: 720 | B57: 6 | C57: 0 | D57: 0 | E57: 0 | F57: 0 | H57: 0 | I57: 0 | J57: 0 | K57: 0 | L57: 0 | N57: 0 | P57: 0 | T57: 720 | U57: 6 | V57: 0 | W57: 0 | X57: 0 | Y57: 0 | Z57: 0 | AA57: 0 | AB57: 0 | AC57: 0 | AD57: 0 | AE57: 0 | AF57: 0 | AG57: 0 | AH57: 0 | AI57: 0 | AJ57: 0 | AK57: 0 | AM57: 720 | AN57: 6 | AO57: -70.733 | AP57: 654.9 | AQ57: -440.554 | AR57: 690.9 | AS57: 0 | AT57: -261.161 | AU57: -314 | AV57: 654.9 | AW57: -1958 | AX57: 690.9 | AY57: 0 | AZ57: -1161 | BA57: 0 | BB57: 100 | BC57: 0 | BD57: 0 | BF57: 720 | BG57: 6 | BH57: -70.733 | BI57: 654.9 | BJ57: -440.554 | BK57: 690.9 | BL57: 0 | BM57: -261.161 | BN57: -314 | BO57: 654.9 | BP57: -1958 | BQ57: 690.9 | BR57: 0 | BS57: -1161 | BT57: 0 | BU57: 100 | BV57: 0 | BW57: 0
A58: 720 | B58: 7 | C58: 0 | D58: 0 | E58: 0.00026570658 | F58: 0 | G58: 0 | H58: 0 | I58: 0 | J58: 0 | K58: 0 | L58: 0 | M58: 0 | N58: 0 | O58: 0 | P58: 0 | T58: 720 | U58: 7 | V58: 0 | W58: 0 | X58: 0.001 | Y58: 0 | Z58: 0 | AA58: 0 | AB58: 0 | AC58: 0 | AD58: 0 | AE58: 0 | AF58: 0 | AG58: 0 | AH58: 0 | AI58: 0 | AJ58: 0 | AK58: 0 | AM58: 720 | AN58: 7 | AO58: 185.677 | AP58: 670.9 | AQ58: -376.354 | AR58: 716.9 | AS58: 30.785 | AT58: -156.728 | AU58: 265 | AV58: 670.9 | AW58: -538 | AX58: 716.9 | AY58: 44 | AZ58: -224 | BA58: 31 | BB58: 69 | BC58: 0 | BD58: 0 | BF58: 720 | BG58: 7 | BH58: 185.677 | BI58: 670.9 | BJ58: -376.355 | BK58: 716.9 | BL58: 30.785 | BM58: -156.728 | BN58: 265 | BO58: 670.9 | BP58: -538 | BQ58: 716.9 | BR58: 44 | BS58: -224 | BT58: 31 | BU58: 69 | BV58: 0 | BW58: 0
A59: 720 | B59: 8 | C59: 0 | D59: 0 | E59: 0 | F59: 0 | G59: 0 | H59: 0 | I59: 0 | J59: 0 | K59: 0 | L59: 0 | M59: 0 | N59: 0 | O59: 0 | P59: 0 | T59: 720 | U59: 8 | V59: 0 | W59: 0 | X59: 0 | Y59: 0 | Z59: 0 | AA59: 0 | AB59: 0 | AC59: 0 | AD59: 0 | AE59: 0 | AF59: 0 | AG59: 0 | AH59: 0 | AI59: 0 | AJ59: 0 | AK59: 0 | AM59: 720 | AN59: 8 | AO59: 83.976 | AP59: 672.9 | AQ59: -113.135 | AR59: 683.7 | AS59: 10.78 | AT59: -29.596 | AU59: 187 | AV59: 672.9 | AW59: -251 | AX59: 683.7 | AY59: 24 | AZ59: -66 | BA59: 30.1 | BB59: 69.9 | BC59: 0 | BD59: 0 | BF59: 720 | BG59: 8 | BH59: 83.976 | BI59: 672.9 | BJ59: -113.135 | BK59: 683.7 | BL59: 10.78 | BM59: -29.596 | BN59: 187 | BO59: 672.9 | BP59: -251 | BQ59: 683.7 | BR59: 24 | BS59: -66 | BT59: 30.1 | BU59: 69.9 | BV59: 0 | BW59: 0
A60: 720 | B60: 9 | C60: 0 | D60: 0 | E60: 0.00023801647 | F60: 0 | G60: 0 | H60: 0 | I60: 0 | J60: 0 | K60: 0 | L60: 0 | M60: 0 | N60: 0 | O60: 0 | P60: 0 | T60: 720 | U60: 9 | V60: 0 | W60: 0 | X60: 0.001 | Y60: 0 | Z60: 0 | AA60: 0 | AB60: 0 | AC60: 0 | AD60: 0 | AE60: 0 | AF60: 0 | AG60: 0 | AH60: 0 | AI60: 0 | AJ60: 0 | AK60: 0 | AM60: 720 | AN60: 9 | AO60: 117.488 | AP60: 668.5 | AQ60: -420.138 | AR60: 716.9 | AS60: 29.275 | AT60: -136.402 | AU60: 168 | AV60: 668.5 | AW60: -600 | AX60: 716.9 | AY60: 42 | AZ60: -195 | BA60: 38.1 | BB60: 61.9 | BC60: 0 | BD60: 0 | BF60: 720 | BG60: 9 | BH60: 117.488 | BI60: 668.5 | BJ60: -420.139 | BK60: 716.9 | BL60: 29.275 | BM60: -136.402 | BN60: 168 | BO60: 668.5 | BP60: -600 | BQ60: 716.9 | BR60: 42 | BS60: -195 | BT60: 38.1 | BU60: 61.9 | BV60: 0 | BW60: 0
A61: 720 | B61: 10 | C61: 0 | D61: 0 | E61: 0 | F61: 0 | G61: 0 | H61: 0 | I61: 0 | J61: 0 | K61: 0 | L61: 0 | M61: 0 | N61: 0 | O61: 0 | P61: 0 | T61: 720 | U61: 10 | V61: 0 | W61: 0 | X61: 0 | Y61: 0 | Z61: 0 | AA61: 0 | AB61: 0 | AC61: 0 | AD61: 0 | AE61: 0 | AF61: 0 | AG61: 0 | AH61: 0 | AI61: 0 | AJ61: 0 | AK61: 0 | AM61: 720 | AN61: 10 | AO61: 103.293 | AP61: 643.7 | AQ61: -84.59 | AR61: 708.5 | AS61: 24.117 | AT61: -14.383 | AU61: 230 | AV61: 643.7 | AW61: -188 | AX61: 708.5 | AY61: 54 | AZ61: -32 | BA61: 58.8 | BB61: 41.2 | BC61: 0 | BD61: 0 | BF61: 720 | BG61: 10 | BH61: 103.293 | BI61: 643.7 | BJ61: -84.59 | BK61: 708.5 | BL61: 24.117 | BM61: -14.383 | BN61: 230 | BO61: 643.7 | BP61: -188 | BQ61: 708.5 | BR61: 54 | BS61: -32 | BT61: 58.8 | BU61: 41.2 | BV61: 0 | BW61: 0
A62: 720 | B62: 11 | C62: 0 | D62: 0 | E62: 0.00023424854 | F62: 0 | G62: 0 | H62: 0 | I62: 0 | J62: 0 | K62: 0 | L62: 0 | M62: 0 | N62: 0 | O62: 0 | P62: 0 | T62: 720 | U62: 11 | V62: 0 | W62: 0 | X62: 0.001 | Y62: 0 | Z62: 0 | AA62: 0 | AB62: 0 | AC62: 0 | AD62: 0 | AE62: 0 | AF62: 0 | AG62: 0 | AH62: 0 | AI62: 0 | AJ62: 0 | AK62: 0 | AM62: 720 | AN62: 11 | AO62: 131.032 | AP62: 654.9 | AQ62: -426.896 | AR62: 711.7 | AS62: 38.381 | AT62: -135.774 | AU62: 187 | AV62: 654.9 | AW62: -610 | AX62: 711.7 | AY62: 55 | AZ62: -194 | BA62: 42.5 | BB62: 57.5 | BC62: 0 | BD62: 0 | BF62: 720 | BG62: 11 | BH62: 131.032 | BI62: 654.9 | BJ62: -426.897 | BK62: 711.7 | BL62: 38.381 | BM62: -135.774 | BN62: 187 | BO62: 654.9 | BP62: -610 | BQ62: 711.7 | BR62: 55 | BS62: -194 | BT62: 42.5 | BU62: 57.5 | BV62: 0 | BW62: 0
A63: 720 | B63: 12 | C63: 0 | D63: 0 | E63: 0.00023424854 | F63: 0 | G63: 0 | H63: 0 | I63: 0 | J63: 0 | K63: 0 | L63: 0 | M63: 0 | N63: 0 | O63: 0 | P63: 0 | T63: 720 | U63: 12 | V63: 0 | W63: 0 | X63: 0.001 | Y63: 0 | Z63: 0 | AA63: 0 | AB63: 0 | AC63: 0 | AD63: 0 | AE63: 0 | AF63: 0 | AG63: 0 | AH63: 0 | AI63: 0 | AJ63: 0 | AK63: 0 | AM63: 720 | AN63: 12 | AO63: 131.032 | AP63: 654.9 | AQ63: -426.896 | AR63: 711.7 | AS63: 38.381 | AT63: -135.774 | AU63: 328 | AV63: 654.9 | AW63: -1067 | AX63: 711.7 | AY63: 96 | AZ63: -339 | BA63: 42.5 | BB63: 57.5 | BC63: 0 | BD63: 0 | BF63: 720 | BG63: 12 | BH63: 131.032 | BI63: 654.9 | BJ63: -426.897 | BK63: 711.7 | BL63: 38.381 | BM63: -135.774 | BN63: 328 | BO63: 654.9 | BP63: -1067 | BQ63: 711.7 | BR63: 96 | BS63: -339 | BT63: 42.5 | BU63: 57.5 | BV63: 0 | BW63: 0
A64: 720 | B64: 13 | C64: 0 | D64: 0 | E64: 0 | F64: 0 | H64: 0 | I64: 0 | J64: 0 | K64: 0 | L64: 0 | N64: 0 | P64: 0 | T64: 720 | U64: 13 | V64: 0 | W64: 0 | X64: 0 | Y64: 0 | Z64: 0 | AA64: 0 | AB64: 0 | AC64: 0 | AD64: 0 | AE64: 0 | AF64: 0 | AG64: 0 | AH64: 0 | AI64: 0 | AJ64: 0 | AK64: 0 | AM64: 720 | AN64: 13 | AO64: -1.761 | AP64: 654.9 | AQ64: -558.268 | AR64: 712.1 | AS64: 0 | AT64: -234.194 | AU64: -4 | AV64: 654.9 | AW64: -1396 | AX64: 712.1 | AY64: 0 | AZ64: -585 | BA64: 0 | BB64: 100 | BC64: 0 | BD64: 0 | BF64: 720 | BG64: 13 | BH64: -1.761 | BI64: 654.9 | BJ64: -558.268 | BK64: 712.1 | BL64: 0 | BM64: -234.194 | BN64: -4 | BO64: 654.9 | BP64: -1396 | BQ64: 712.1 | BR64: 0 | BS64: -585 | BT64: 0 | BU64: 100 | BV64: 0 | BW64: 0
A65: 720 | B65: 14 | C65: 0 | D65: 0 | E65: 0 | F65: 0 | H65: 0 | I65: 0 | J65: 0 | K65: 0 | L65: 0 | N65: 0 | P65: 0 | T65: 720 | U65: 14 | V65: 0 | W65: 0 | X65: 0 | Y65: 0 | Z65: 0 | AA65: 0 | AB65: 0 | AC65: 0 | AD65: 0 | AE65: 0 | AF65: 0 | AG65: 0 | AH65: 0 | AI65: 0 | AJ65: 0 | AK65: 0 | AM65: 720 | AN65: 14 | AO65: -1.761 | AP65: 654.9 | AQ65: -558.268 | AR65: 712.1 | AS65: 0 | AT65: -234.194 | AU65: -3 | AV65: 654.9 | AW65: -798 | AX65: 712.1 | AY65: 0 | AZ65: -335 | BA65: 0 | BB65: 100 | BC65: 0 | BD65: 0 | BF65: 720 | BG65: 14 | BH65: -1.761 | BI65: 654.9 | BJ65: -558.268 | BK65: 712.1 | BL65: 0 | BM65: -234.194 | BN65: -3 | BO65: 654.9 | BP65: -798 | BQ65: 712.1 | BR65: 0 | BS65: -335 | BT65: 0 | BU65: 100 | BV65: 0 | BW65: 0
A66: 720 | B66: 103 | C66: 0 | D66: 0 | E66: 0 | F66: 0 | G66: 0 | H66: 0 | I66: 0 | J66: 0 | K66: 0 | L66: 0 | M66: 0 | N66: 0 | O66: 0 | P66: 0 | Q66: 0 | R66: 0 | T66: 720 | U66: 103 | V66: 0 | W66: 0 | X66: 0 | Y66: 0 | Z66: 0 | AA66: 0 | AB66: 0 | AC66: 0 | AD66: 0 | AE66: 0 | AF66: 0 | AG66: 0 | AH66: 0 | AI66: 0 | AJ66: 0 | AK66: 0 | AM66: 720 | AN66: 103 | AO66: 258.735 | AP66: 661.7 | AQ66: -95.797 | AR66: 672.9 | AS66: 49.707 | AT66: -20.993 | AU66: 1294 | AV66: 661.7 | AW66: -479 | AX66: 672.9 | AY66: 249 | AZ66: -105 | BA66: 54.9 | BB66: 45.1 | BC66: 1000 | BD66: 8 | BF66: 720 | BG66: 103 | BH66: 258.735 | BI66: 661.7 | BJ66: -95.797 | BK66: 672.9 | BL66: 49.707 | BM66: -20.993 | BN66: 1294 | BO66: 661.7 | BP66: -479 | BQ66: 672.9 | BR66: 249 | BS66: -105 | BT66: 54.9 | BU66: 45.1 | BV66: 1000 | BW66: 8
A67: 720 | B67: 104 | C67: 0 | D67: 0 | E67: 0 | F67: 0 | G67: 0 | H67: 0 | I67: 0 | J67: 0 | K67: 0 | L67: 0 | M67: 0 | N67: 0 | O67: 0 | P67: 0 | Q67: 0 | R67: 0 | T67: 720 | U67: 104 | V67: 0 | W67: 0 | X67: 0 | Y67: 0 | Z67: 0 | AA67: 0 | AB67: 0 | AC67: 0 | AD67: 0 | AE67: 0 | AF67: 0 | AG67: 0 | AH67: 0 | AI67: 0 | AJ67: 0 | AK67: 0 | AM67: 720 | AN67: 104 | AO67: 121.708 | AP67: 685.7 | AQ67: -189.347 | AR67: 694.9 | AS67: 16.465 | AT67: -44.963 | AU67: 917 | AV67: 685.7 | AW67: -1427 | AX67: 694.9 | AY67: 124 | AZ67: -339 | BA67: 27.9 | BB67: 72.1 | BC67: 1000 | BD67: 13.7 | BF67: 720 | BG67: 104 | BH67: 121.708 | BI67: 685.7 | BJ67: -189.347 | BK67: 694.9 | BL67: 16.465 | BM67: -44.963 | BN67: 917 | BO67: 685.7 | BP67: -1427 | BQ67: 694.9 | BR67: 124 | BS67: -339 | BT67: 27.9 | BU67: 72.1 | BV67: 1000 | BW67: 13.7
A68: 720 | B68: 110 | C68: 0.0011740672 | D68: 0 | E68: 0 | F68: 0 | G68: 0 | H68: 0 | I68: 0 | J68: 0 | K68: 0 | L68: 0 | M68: 0 | N68: 0 | O68: 0 | P68: 0 | Q68: 0 | T68: 720 | U68: 110 | V68: 0.001 | W68: 0 | X68: 0 | Y68: 0 | Z68: 0 | AA68: 0 | AB68: 0 | AC68: 0 | AD68: 0 | AE68: 0 | AF68: 0 | AG68: 0 | AH68: 0 | AI68: 0 | AJ68: 0 | AK68: 0 | AM68: 720 | AN68: 110 | AO68: 85.175 | AP68: 708.9 | AQ68: -117.156 | AR68: 647.3 | AS68: 19.385 | AT68: -47.935 | AU68: 883 | AV68: 708.9 | AW68: -1214 | AX68: 647.3 | AY68: 201 | AZ68: -497 | BA68: 33.6 | BB68: 66.4 | BC68: 1000 | BD68: 0 | BF68: 720 | BG68: 110 | BH68: 85.174 | BI68: 708.9 | BJ68: -117.156 | BK68: 647.3 | BL68: 19.385 | BM68: -47.935 | BN68: 883 | BO68: 708.9 | BP68: -1214 | BQ68: 647.3 | BR68: 201 | BS68: -497 | BT68: 33.6 | BU68: 66.4 | BV68: 1000 | BW68: 0
A69: 720 | B69: 114 | C69: 0 | D69: 0 | E69: 0 | F69: 0 | G69: 0 | I69: 0 | J69: 0 | K69: 0 | L69: 0 | M69: 0 | O69: 0 | Q69: 0 | R69: 0 | T69: 720 | U69: 114 | V69: 0 | W69: 0 | X69: 0 | Y69: 0 | Z69: 0 | AA69: 0 | AB69: 0 | AC69: 0 | AD69: 0 | AE69: 0 | AF69: 0 | AG69: 0 | AH69: 0 | AI69: 0 | AJ69: 0 | AK69: 0 | AM69: 720 | AN69: 114 | AO69: 144.895 | AP69: 701.7 | AQ69: 118.324 | AR69: 650.1 | AS69: 136.801 | AT69: 0 | AU69: 966 | AV69: 701.7 | AW69: 789 | AX69: 650.1 | AY69: 912 | AZ69: 0 | BA69: 100 | BB69: 0 | BC69: 1000 | BD69: 92.9 | BF69: 720 | BG69: 114 | BH69: 144.895 | BI69: 701.7 | BJ69: 118.324 | BK69: 650.1 | BL69: 136.801 | BM69: 0 | BN69: 966 | BO69: 701.7 | BP69: 789 | BQ69: 650.1 | BR69: 912 | BS69: 0 | BT69: 100 | BU69: 0 | BV69: 1000 | BW69: 92.9
A70: 990 | B70: 1 | C70: 0 | D70: 0 | E70: 0 | F70: 0 | G70: 0 | I70: 0 | J70: 0 | K70: 0 | L70: 0 | M70: 0 | O70: 0 | T70: 990 | U70: 1 | V70: 0 | W70: 0 | X70: 0 | Y70: 0 | Z70: 0 | AA70: 0 | AB70: 0 | AC70: 0 | AD70: 0 | AE70: 0 | AF70: 0 | AG70: 0 | AH70: 0 | AI70: 0 | AJ70: 0 | AK70: 0 | AM70: 990 | AN70: 1 | AO70: 446.659 | AP70: 932.1 | AQ70: 22.848 | AR70: 908.9 | AS70: 163.729 | AT70: 0 | AU70: 1489 | AV70: 932.1 | AW70: 76 | AX70: 908.9 | AY70: 546 | AZ70: 0 | BA70: 100 | BB70: 0 | BC70: 0 | BD70: 0 | BF70: 990 | BG70: 1 | BH70: 446.659 | BI70: 932.1 | BJ70: 22.848 | BK70: 908.9 | BL70: 163.729 | BM70: 0 | BN70: 1489 | BO70: 932.1 | BP70: 76 | BQ70: 908.9 | BR70: 546 | BS70: 0 | BT70: 100 | BU70: 0 | BV70: 0 | BW70: 0
A71: 990 | B71: 2 | C71: 0 | D71: 0 | E71: 0 | F71: 0 | G71: 0 | I71: 0 | J71: 0 | K71: 0 | L71: 0 | M71: 0 | O71: 0 | T71: 990 | U71: 2 | V71: 0 | W71: 0 | X71: 0 | Y71: 0 | Z71: 0 | AA71: 0 | AB71: 0 | AC71: 0 | AD71: 0 | AE71: 0 | AF71: 0 | AG71: 0 | AH71: 0 | AI71: 0 | AJ71: 0 | AK71: 0 | AM71: 990 | AN71: 2 | AO71: 446.659 | AP71: 932.1 | AQ71: 22.848 | AR71: 908.9 | AS71: 163.729 | AT71: 0 | AU71: 1787 | AV71: 932.1 | AW71: 91 | AX71: 908.9 | AY71: 655 | AZ71: 0 | BA71: 100 | BB71: 0 | BC71: 0 | BD71: 0 | BF71: 990 | BG71: 2 | BH71: 446.659 | BI71: 932.1 | BJ71: 22.848 | BK71: 908.9 | BL71: 163.729 | BM71: 0 | BN71: 1787 | BO71: 932.1 | BP71: 91 | BQ71: 908.9 | BR71: 655 | BS71: 0 | BT71: 100 | BU71: 0 | BV71: 0 | BW71: 0
A72: 990 | B72: 3 | C72: 0 | D72: 0 | E72: 0 | F72: 0 | G72: 0 | I72: 0 | J72: 0 | K72: 0 | L72: 0 | M72: 0 | O72: 0 | T72: 990 | U72: 3 | V72: 0 | W72: 0 | X72: 0 | Y72: 0 | Z72: 0 | AA72: 0 | AB72: 0 | AC72: 0 | AD72: 0 | AE72: 0 | AF72: 0 | AG72: 0 | AH72: 0 | AI72: 0 | AJ72: 0 | AK72: 0 | AM72: 990 | AN72: 3 | AO72: 446.659 | AP72: 932.1 | AQ72: 22.848 | AR72: 908.9 | AS72: 163.729 | AT72: 0 | AU72: 1985 | AV72: 932.1 | AW72: 102 | AX72: 908.9 | AY72: 728 | AZ72: 0 | BA72: 100 | BB72: 0 | BC72: 0 | BD72: 0 | BF72: 990 | BG72: 3 | BH72: 446.659 | BI72: 932.1 | BJ72: 22.848 | BK72: 908.9 | BL72: 163.729 | BM72: 0 | BN72: 1985 | BO72: 932.1 | BP72: 102 | BQ72: 908.9 | BR72: 728 | BS72: 0 | BT72: 100 | BU72: 0 | BV72: 0 | BW72: 0
A73: 990 | B73: 4 | C73: 0 | D73: 0 | E73: 0 | F73: 0 | H73: 0 | I73: 0 | J73: 0 | K73: 0 | L73: 0 | N73: 0 | P73: 0 | T73: 990 | U73: 4 | V73: 0 | W73: 0 | X73: 0 | Y73: 0 | Z73: 0 | AA73: 0 | AB73: 0 | AC73: 0 | AD73: 0 | AE73: 0 | AF73: 0 | AG73: 0 | AH73: 0 | AI73: 0 | AJ73: 0 | AK73: 0 | AM73: 990 | AN73: 4 | AO73: -149.304 | AP73: 929.7 | AQ73: -599.543 | AR73: 964.5 | AS73: 0 | AT73: -289.968 | AU73: -664 | AV73: 929.7 | AW73: -2665 | AX73: 964.5 | AY73: 0 | AZ73: -1289 | BA73: 0 | BB73: 100 | BC73: 0 | BD73: 0 | BF73: 990 | BG73: 4 | BH73: -149.304 | BI73: 929.7 | BJ73: -599.543 | BK73: 964.5 | BL73: 0 | BM73: -289.968 | BN73: -664 | BO73: 929.7 | BP73: -2665 | BQ73: 964.5 | BR73: 0 | BS73: -1289 | BT73: 0 | BU73: 100 | BV73: 0 | BW73: 0
A74: 990 | B74: 5 | C74: 0 | D74: 0 | E74: 0.001640124 | F74: 0 | G74: 0 | H74: 0 | I74: 0 | J74: 0 | K74: 0 | L74: 0 | M74: 0 | N74: 0 | O74: 0 | P74: 0 | T74: 990 | U74: 5 | V74: 0 | W74: 0 | X74: -0.001 | Y74: 0 | Z74: 0 | AA74: 0 | AB74: 0 | AC74: 0 | AD74: 0 | AE74: 0 | AF74: 0 | AG74: 0 | AH74: 0 | AI74: 0 | AJ74: 0 | AK74: 0 | AM74: 990 | AN74: 5 | AO74: 410.163 | AP74: 941.3 | AQ74: -60.972 | AR74: 988.9 | AS74: 145.472 | AT74: -10.578 | AU74: 1823 | AV74: 941.3 | AW74: -271 | AX74: 988.9 | AY74: 647 | AZ74: -47 | BA74: 73.5 | BB74: 26.5 | BC74: 0 | BD74: 0 | BF74: 990 | BG74: 5 | BH74: 410.163 | BI74: 941.3 | BJ74: -60.971 | BK74: 988.9 | BL74: 145.472 | BM74: -10.578 | BN74: 1823 | BO74: 941.3 | BP74: -271 | BQ74: 988.9 | BR74: 647 | BS74: -47 | BT74: 73.5 | BU74: 26.5 | BV74: 0 | BW74: 0
A75: 990 | B75: 6 | C75: 0 | D75: 0 | E75: 0 | F75: 0 | H75: 0 | I75: 0 | J75: 0 | K75: 0 | L75: 0 | N75: 0 | P75: 0 | T75: 990 | U75: 6 | V75: 0 | W75: 0 | X75: 0 | Y75: 0 | Z75: 0 | AA75: 0 | AB75: 0 | AC75: 0 | AD75: 0 | AE75: 0 | AF75: 0 | AG75: 0 | AH75: 0 | AI75: 0 | AJ75: 0 | AK75: 0 | AM75: 990 | AN75: 6 | AO75: -70.727 | AP75: 924.9 | AQ75: -440.444 | AR75: 960.9 | AS75: 0 | AT75: -261.227 | AU75: -314 | AV75: 924.9 | AW75: -1958 | AX75: 960.9 | AY75: 0 | AZ75: -1161 | BA75: 0 | BB75: 100 | BC75: 0 | BD75: 0 | BF75: 990 | BG75: 6 | BH75: -70.727 | BI75: 924.9 | BJ75: -440.444 | BK75: 960.9 | BL75: 0 | BM75: -261.227 | BN75: -314 | BO75: 924.9 | BP75: -1958 | BQ75: 960.9 | BR75: 0 | BS75: -1161 | BT75: 0 | BU75: 100 | BV75: 0 | BW75: 0
A76: 990 | B76: 7 | C76: 0 | D76: 0 | E76: 0 | F76: 0 | G76: 0 | H76: 0 | I76: 0 | J76: 0 | K76: 0 | L76: 0 | M76: 0 | N76: 0 | O76: 0 | P76: 0 | T76: 990 | U76: 7 | V76: 0 | W76: 0 | X76: 0 | Y76: 0 | Z76: 0 | AA76: 0 | AB76: 0 | AC76: 0 | AD76: 0 | AE76: 0 | AF76: 0 | AG76: 0 | AH76: 0 | AI76: 0 | AJ76: 0 | AK76: 0 | AM76: 990 | AN76: 7 | AO76: 185.557 | AP76: 940.9 | AQ76: -377.547 | AR76: 986.9 | AS76: 30.716 | AT76: -157.05 | AU76: 265 | AV76: 940.9 | AW76: -539 | AX76: 986.9 | AY76: 44 | AZ76: -224 | BA76: 31 | BB76: 69 | BC76: 0 | BD76: 0 | BF76: 990 | BG76: 7 | BH76: 185.557 | BI76: 940.9 | BJ76: -377.547 | BK76: 986.9 | BL76: 30.716 | BM76: -157.05 | BN76: 265 | BO76: 940.9 | BP76: -539 | BQ76: 986.9 | BR76: 44 | BS76: -224 | BT76: 31 | BU76: 69 | BV76: 0 | BW76: 0
A77: 990 | B77: 8 | C77: 0 | D77: 0 | E77: 0 | F77: 0 | G77: 0 | H77: 0 | I77: 0 | J77: 0 | K77: 0 | L77: 0 | M77: 0 | N77: 0 | O77: 0 | P77: 0 | T77: 990 | U77: 8 | V77: 0 | W77: 0 | X77: 0 | Y77: 0 | Z77: 0 | AA77: 0 | AB77: 0 | AC77: 0 | AD77: 0 | AE77: 0 | AF77: 0 | AG77: 0 | AH77: 0 | AI77: 0 | AJ77: 0 | AK77: 0 | AM77: 990 | AN77: 8 | AO77: 83.939 | AP77: 942.9 | AQ77: -113.125 | AR77: 953.7 | AS77: 10.785 | AT77: -29.606 | AU77: 187 | AV77: 942.9 | AW77: -251 | AX77: 953.7 | AY77: 24 | AZ77: -66 | BA77: 30.1 | BB77: 69.9 | BC77: 0 | BD77: 0 | BF77: 990 | BG77: 8 | BH77: 83.939 | BI77: 942.9 | BJ77: -113.125 | BK77: 953.7 | BL77: 10.785 | BM77: -29.606 | BN77: 187 | BO77: 942.9 | BP77: -251 | BQ77: 953.7 | BR77: 24 | BS77: -66 | BT77: 30.1 | BU77: 69.9 | BV77: 0 | BW77: 0
A78: 990 | B78: 9 | C78: 0 | D78: 0 | E78: 0.00023732168 | F78: 0 | G78: 0 | H78: 0 | I78: 0 | J78: 0 | K78: 0 | L78: 0 | M78: 0 | N78: 0 | O78: 0 | P78: 0 | T78: 990 | U78: 9 | V78: 0 | W78: 0 | X78: -0.001 | Y78: 0 | Z78: 0 | AA78: 0 | AB78: 0 | AC78: 0 | AD78: 0 | AE78: 0 | AF78: 0 | AG78: 0 | AH78: 0 | AI78: 0 | AJ78: 0 | AK78: 0 | AM78: 990 | AN78: 9 | AO78: 117.338 | AP78: 938.5 | AQ78: -421.37 | AR78: 986.9 | AS78: 29.201 | AT78: -136.714 | AU78: 168 | AV78: 938.5 | AW78: -602 | AX78: 986.9 | AY78: 42 | AZ78: -195 | BA78: 38.1 | BB78: 61.9 | BC78: 0 | BD78: 0 | BF78: 990 | BG78: 9 | BH78: 117.338 | BI78: 938.5 | BJ78: -421.369 | BK78: 986.9 | BL78: 29.201 | BM78: -136.714 | BN78: 168 | BO78: 938.5 | BP78: -602 | BQ78: 986.9 | BR78: 42 | BS78: -195 | BT78: 38.1 | BU78: 61.9 | BV78: 0 | BW78: 0
A79: 990 | B79: 10 | C79: 0 | D79: 0 | E79: 0 | F79: 0 | G79: 0 | H79: 0 | I79: 0 | J79: 0 | K79: 0 | L79: 0 | M79: 0 | N79: 0 | O79: 0 | P79: 0 | T79: 990 | U79: 10 | V79: 0 | W79: 0 | X79: 0 | Y79: 0 | Z79: 0 | AA79: 0 | AB79: 0 | AC79: 0 | AD79: 0 | AE79: 0 | AF79: 0 | AG79: 0 | AH79: 0 | AI79: 0 | AJ79: 0 | AK79: 0 | AM79: 990 | AN79: 10 | AO79: 103.347 | AP79: 913.7 | AQ79: -84.57 | AR79: 978.5 | AS79: 24.11 | AT79: -14.419 | AU79: 230 | AV79: 913.7 | AW79: -188 | AX79: 978.5 | AY79: 54 | AZ79: -32 | BA79: 58.8 | BB79: 41.2 | BC79: 0 | BD79: 0 | BF79: 990 | BG79: 10 | BH79: 103.347 | BI79: 913.7 | BJ79: -84.57 | BK79: 978.5 | BL79: 24.11 | BM79: -14.419 | BN79: 230 | BO79: 913.7 | BP79: -188 | BQ79: 978.5 | BR79: 54 | BS79: -32 | BT79: 58.8 | BU79: 41.2 | BV79: 0 | BW79: 0
A80: 990 | B80: 11 | C80: 0 | D80: 0 | E80: 0 | F80: 0 | G80: 0 | H80: 0 | I80: 0 | J80: 0 | K80: 0 | L80: 0 | M80: 0 | N80: 0 | O80: 0 | P80: 0 | T80: 990 | U80: 11 | V80: 0 | W80: 0 | X80: 0 | Y80: 0 | Z80: 0 | AA80: 0 | AB80: 0 | AC80: 0 | AD80: 0 | AE80: 0 | AF80: 0 | AG80: 0 | AH80: 0 | AI80: 0 | AJ80: 0 | AK80: 0 | AM80: 990 | AN80: 11 | AO80: 130.784 | AP80: 924.9 | AQ80: -429.506 | AR80: 981.7 | AS80: 38.313 | AT80: -136.135 | AU80: 187 | AV80: 924.9 | AW80: -614 | AX80: 981.7 | AY80: 55 | AZ80: -194 | BA80: 42.5 | BB80: 57.5 | BC80: 0 | BD80: 0 | BF80: 990 | BG80: 11 | BH80: 130.784 | BI80: 924.9 | BJ80: -429.506 | BK80: 981.7 | BL80: 38.313 | BM80: -136.135 | BN80: 187 | BO80: 924.9 | BP80: -614 | BQ80: 981.7 | BR80: 55 | BS80: -194 | BT80: 42.5 | BU80: 57.5 | BV80: 0 | BW80: 0
A81: 990 | B81: 12 | C81: 0 | D81: 0 | E81: 0 | F81: 0 | G81: 0 | H81: 0 | I81: 0 | J81: 0 | K81: 0 | L81: 0 | M81: 0 | N81: 0 | O81: 0 | P81: 0 | T81: 990 | U81: 12 | V81: 0 | W81: 0 | X81: 0 | Y81: 0 | Z81: 0 | AA81: 0 | AB81: 0 | AC81: 0 | AD81: 0 | AE81: 0 | AF81: 0 | AG81: 0 | AH81: 0 | AI81: 0 | AJ81: 0 | AK81: 0 | AM81: 990 | AN81: 12 | AO81: 130.784 | AP81: 924.9 | AQ81: -429.506 | AR81: 981.7 | AS81: 38.313 | AT81: -136.135 | AU81: 327 | AV81: 924.9 | AW81: -1074 | AX81: 981.7 | AY81: 96 | AZ81: -340 | BA81: 42.5 | BB81: 57.5 | BC81: 0 | BD81: 0 | BF81: 990 | BG81: 12 | BH81: 130.784 | BI81: 924.9 | BJ81: -429.506 | BK81: 981.7 | BL81: 38.313 | BM81: -136.135 | BN81: 327 | BO81: 924.9 | BP81: -1074 | BQ81: 981.7 | BR81: 96 | BS81: -340 | BT81: 42.5 | BU81: 57.5 | BV81: 0 | BW81: 0
A82: 990 | B82: 13 | C82: 0 | D82: 0 | E82: 0 | F82: 0 | H82: 0 | I82: 0 | J82: 0 | K82: 0 | L82: 0 | N82: 0 | P82: 0 | T82: 990 | U82: 13 | V82: 0 | W82: 0 | X82: 0 | Y82: 0 | Z82: 0 | AA82: 0 | AB82: 0 | AC82: 0 | AD82: 0 | AE82: 0 | AF82: 0 | AG82: 0 | AH82: 0 | AI82: 0 | AJ82: 0 | AK82: 0 | AM82: 990 | AN82: 13 | AO82: -1.99 | AP82: 924.9 | AQ82: -560.689 | AR82: 982.1 | AS82: 0 | AT82: -234.614 | AU82: -5 | AV82: 924.9 | AW82: -1402 | AX82: 982.1 | AY82: 0 | AZ82: -587 | BA82: 0 | BB82: 100 | BC82: 0 | BD82: 0 | BF82: 990 | BG82: 13 | BH82: -1.99 | BI82: 924.9 | BJ82: -560.689 | BK82: 982.1 | BL82: 0 | BM82: -234.614 | BN82: -5 | BO82: 924.9 | BP82: -1402 | BQ82: 982.1 | BR82: 0 | BS82: -587 | BT82: 0 | BU82: 100 | BV82: 0 | BW82: 0
A83: 990 | B83: 14 | C83: 0 | D83: 0 | E83: 0 | F83: 0 | H83: 0 | I83: 0 | J83: 0 | K83: 0 | L83: 0 | N83: 0 | P83: 0 | T83: 990 | U83: 14 | V83: 0 | W83: 0 | X83: 0 | Y83: 0 | Z83: 0 | AA83: 0 | AB83: 0 | AC83: 0 | AD83: 0 | AE83: 0 | AF83: 0 | AG83: 0 | AH83: 0 | AI83: 0 | AJ83: 0 | AK83: 0 | AM83: 990 | AN83: 14 | AO83: -1.99 | AP83: 924.9 | AQ83: -560.689 | AR83: 982.1 | AS83: 0 | AT83: -234.614 | AU83: -3 | AV83: 924.9 | AW83: -801 | AX83: 982.1 | AY83: 0 | AZ83: -335 | BA83: 0 | BB83: 100 | BC83: 0 | BD83: 0 | BF83: 990 | BG83: 14 | BH83: -1.99 | BI83: 924.9 | BJ83: -560.689 | BK83: 982.1 | BL83: 0 | BM83: -234.614 | BN83: -3 | BO83: 924.9 | BP83: -801 | BQ83: 982.1 | BR83: 0 | BS83: -335 | BT83: 0 | BU83: 100 | BV83: 0 | BW83: 0
A84: 990 | B84: 103 | C84: 0 | D84: 0 | E84: 0 | F84: 0 | G84: 0 | H84: 0 | I84: 0 | J84: 0 | K84: 0 | L84: 0 | M84: 0 | N84: 0 | O84: 0 | P84: 0 | Q84: 0 | R84: 0 | T84: 990 | U84: 103 | V84: 0 | W84: 0 | X84: 0 | Y84: 0 | Z84: 0 | AA84: 0 | AB84: 0 | AC84: 0 | AD84: 0 | AE84: 0 | AF84: 0 | AG84: 0 | AH84: 0 | AI84: 0 | AJ84: 0 | AK84: 0 | AM84: 990 | AN84: 103 | AO84: 258.875 | AP84: 931.7 | AQ84: -95.773 | AR84: 942.9 | AS84: 49.808 | AT84: -20.973 | AU84: 1294 | AV84: 931.7 | AW84: -479 | AX84: 942.9 | AY84: 249 | AZ84: -105 | BA84: 54.9 | BB84: 45.1 | BC84: 1000 | BD84: 8 | BF84: 990 | BG84: 103 | BH84: 258.875 | BI84: 931.7 | BJ84: -95.773 | BK84: 942.9 | BL84: 49.808 | BM84: -20.973 | BN84: 1294 | BO84: 931.7 | BP84: -479 | BQ84: 942.9 | BR84: 249 | BS84: -105 | BT84: 54.9 | BU84: 45.1 | BV84: 1000 | BW84: 8
A85: 990 | B85: 104 | C85: 0 | D85: 0 | E85: 0 | F85: 0 | G85: 0 | H85: 0 | I85: 0 | J85: 0 | K85: 0 | L85: 0 | M85: 0 | N85: 0 | O85: 0 | P85: 0 | Q85: 0 | R85: 0 | T85: 990 | U85: 104 | V85: 0 | W85: 0 | X85: 0 | Y85: 0 | Z85: 0 | AA85: 0 | AB85: 0 | AC85: 0 | AD85: 0 | AE85: 0 | AF85: 0 | AG85: 0 | AH85: 0 | AI85: 0 | AJ85: 0 | AK85: 0 | AM85: 990 | AN85: 104 | AO85: 121.246 | AP85: 955.7 | AQ85: -189.65 | AR85: 964.9 | AS85: 16.349 | AT85: -45.09 | AU85: 914 | AV85: 955.7 | AW85: -1429 | AX85: 964.9 | AY85: 123 | AZ85: -340 | BA85: 27.9 | BB85: 72.1 | BC85: 1000 | BD85: 13.3 | BF85: 990 | BG85: 104 | BH85: 121.246 | BI85: 955.7 | BJ85: -189.65 | BK85: 964.9 | BL85: 16.349 | BM85: -45.09 | BN85: 914 | BO85: 955.7 | BP85: -1429 | BQ85: 964.9 | BR85: 123 | BS85: -340 | BT85: 27.9 | BU85: 72.1 | BV85: 1000 | BW85: 13.3
A86: 990 | B86: 110 | C86: 0.0011757237 | D86: 0 | E86: 0 | F86: 0 | G86: 0 | H86: 0 | I86: 0 | J86: 0 | K86: 0 | L86: 0 | M86: 0 | N86: 0 | O86: 0 | P86: 0 | Q86: 0 | T86: 990 | U86: 110 | V86: 0.001 | W86: 0 | X86: 0 | Y86: 0 | Z86: 0 | AA86: 0 | AB86: 0 | AC86: 0 | AD86: 0 | AE86: 0 | AF86: 0 | AG86: 0 | AH86: 0 | AI86: 0 | AJ86: 0 | AK86: 0 | AM86: 990 | AN86: 110 | AO86: 85.055 | AP86: 978.9 | AQ86: -117.213 | AR86: 917.3 | AS86: 19.426 | AT86: -47.937 | AU86: 881 | AV86: 978.9 | AW86: -1215 | AX86: 917.3 | AY86: 201 | AZ86: -497 | BA86: 33.6 | BB86: 66.4 | BC86: 1000 | BD86: 0 | BF86: 990 | BG86: 110 | BH86: 85.054 | BI86: 978.9 | BJ86: -117.213 | BK86: 917.3 | BL86: 19.426 | BM86: -47.937 | BN86: 881 | BO86: 978.9 | BP86: -1215 | BQ86: 917.3 | BR86: 201 | BS86: -497 | BT86: 33.6 | BU86: 66.4 | BV86: 1000 | BW86: 0
A87: 990 | B87: 114 | C87: 0 | D87: 0 | E87: 0 | F87: 0 | G87: 0 | I87: 0 | J87: 0 | K87: 0 | L87: 0 | M87: 0 | O87: 0 | Q87: 0 | R87: 0 | T87: 990 | U87: 114 | V87: 0 | W87: 0 | X87: 0 | Y87: 0 | Z87: 0 | AA87: 0 | AB87: 0 | AC87: 0 | AD87: 0 | AE87: 0 | AF87: 0 | AG87: 0 | AH87: 0 | AI87: 0 | AJ87: 0 | AK87: 0 | AM87: 990 | AN87: 114 | AO87: 144.895 | AP87: 971.7 | AQ87: 118.312 | AR87: 920.1 | AS87: 136.792 | AT87: 0 | AU87: 966 | AV87: 971.7 | AW87: 789 | AX87: 920.1 | AY87: 912 | AZ87: 0 | BA87: 100 | BB87: 0 | BC87: 1000 | BD87: 92.9 | BF87: 990 | BG87: 114 | BH87: 144.895 | BI87: 971.7 | BJ87: 118.312 | BK87: 920.1 | BL87: 136.792 | BM87: 0 | BN87: 966 | BO87: 971.7 | BP87: 789 | BQ87: 920.1 | BR87: 912 | BS87: 0 | BT87: 100 | BU87: 0 | BV87: 1000 | BW87: 92.9

Sheet SUB
A1: Next-Vis Sheet: SUB
A2: Summary
B3: Percent Error = Absolute value of [(Difference) / (4p2\normal.PRN)] x 100% | P3: Difference = (4p2\normal4p2.out) - (4p2\normal.PRN)
D4: T_Max | E4: T_Max_T | F4: T_Min | G4: T_Min_T | H4: T_P | I4: T_N | J4: W_Max | K4: W_Max_T | L4: W_Min | M4: W_Min_T | N4: W_A | S4: T_Max | T4: T_Max_T | U4: T_Min | V4: T_Min_T | W4: T_P | X4: T_N | Y4: W_Max | Z4: W_Max_T | AA4: W_Min | AB4: W_Min_T | AC4: W_A
C5: count | D5: 136 | E5: 136 | F5: 136 | G5: 136 | H5: 96 | I5: 116 | J5: 136 | K5: 136 | L5: 136 | M5: 136 | N5: 136 | R5: count | S5: 136 | T5: 136 | U5: 136 | V5: 136 | W5: 136 | X5: 136 | Y5: 136 | Z5: 136 | AA5: 136 | AB5: 136 | AC5: 136
C6: mean | D6: 0 | E6: 0.0004543761 | F6: 0 | G6: 0.0071124842 | H6: 0 | I6: 0 | J6: 0 | K6: 0.0091908434 | L6: 0 | M6: 0.0042154797 | N6: 0 | R6: mean | S6: 0 | T6: 0.0029411765 | U6: 0 | V6: 0.017647059 | W6: 0 | X6: 0 | Y6: 0 | Z6: 0.035294118 | AA6: 0 | AB6: 0.023529412 | AC6: 0
C7: std | D7: 0 | E7: 0.0052988903 | F7: 0 | G7: 0.055463386 | H7: 0 | I7: 0 | J7: 0 | K7: 0.057993532 | L7: 0 | M7: 0.024084004 | N7: 0 | R7: std | S7: 0 | T7: 0.034299717 | U7: 0 | V7: 0.17464561 | W7: 0 | X7: 0 | Y7: 0 | Z7: 0.22559532 | AA7: 0 | AB7: 0.1168952 | AC7: 0
C8: min | D8: 0 | E8: 0 | F8: 0 | G8: 0 | H8: 0 | I8: 0 | J8: 0 | K8: 0 | L8: 0 | M8: 0 | N8: 0 | R8: min | S8: 0 | T8: 0 | U8: 0 | V8: -0.4 | W8: 0 | X8: 0 | Y8: 0 | Z8: -0.4 | AA8: 0 | AB8: 0 | AC8: 0
C9: 25% | D9: 0 | E9: 0 | F9: 0 | G9: 0 | H9: 0 | I9: 0 | J9: 0 | K9: 0 | L9: 0 | M9: 0 | N9: 0 | R9: 25% | S9: 0 | T9: 0 | U9: 0 | V9: 0 | W9: 0 | X9: 0 | Y9: 0 | Z9: 0 | AA9: 0 | AB9: 0 | AC9: 0
C10: 50% | D10: 0 | E10: 0 | F10: 0 | G10: 0 | H10: 0 | I10: 0 | J10: 0 | K10: 0 | L10: 0 | M10: 0 | N10: 0 | R10: 50% | S10: 0 | T10: 0 | U10: 0 | V10: 0 | W10: 0 | X10: 0 | Y10: 0 | Z10: 0 | AA10: 0 | AB10: 0 | AC10: 0
C11: 75% | D11: 0 | E11: 0 | F11: 0 | G11: 0 | H11: 0 | I11: 0 | J11: 0 | K11: 0 | L11: 0 | M11: 0 | N11: 0 | R11: 75% | S11: 0 | T11: 0 | U11: 0 | V11: 0 | W11: 0 | X11: 0 | Y11: 0 | Z11: 0 | AA11: 0 | AB11: 0 | AC11: 0
C12: max | D12: 0 | E12: 0.061795149 | F12: 0 | G12: 0.55924502 | H12: 0 | I12: 0 | J12: 0 | K12: 0.55613486 | L12: 0 | M12: 0.23774146 | N12: 0 | R12: max | S12: 0 | T12: 0.4 | U12: 0 | V12: 1.6 | W12: 0 | X12: 0 | Y12: 0 | Z12: 1.6 | AA12: 0 | AB12: 0.8 | AC12: 0
A13: Data
A14: Percent Error = Absolute value of [(Difference) / (4p2\normal.PRN)] x 100% | P14: Difference = (4p2\normal4p2.out) - (4p2\normal.PRN) | AE14: 4p2\normal4p2.out | AT14: 4p2\normal.PRN
A15: Time | B15: Segment | C15: Sub | D15: T_Max | E15: T_Max_T | F15: T_Min | G15: T_Min_T | H15: T_P | I15: T_N | J15: W_Max | K15: W_Max_T | L15: W_Min | M15: W_Min_T | N15: W_A | P15: Time | Q15: Segment | R15: Sub | S15: T_Max | T15: T_Max_T | U15: T_Min | V15: T_Min_T | W15: T_P | X15: T_N | Y15: W_Max | Z15: W_Max_T | AA15: W_Min | AB15: W_Min_T | AC15: W_A | AE15: Time | AF15: Segment | AG15: Sub | AH15: T_Max | AI15: T_Max_T | AJ15: T_Min | AK15: T_Min_T | AL15: T_P | AM15: T_N | AN15: W_Max | AO15: W_Max_T | AP15: W_Min | AQ15: W_Min_T | AR15: W_A | AT15: Time | AU15: Segment | AV15: Sub | AW15: T_Max | AX15: T_Max_T | AY15: T_Min | AZ15: T_Min_T | BA15: T_P | BB15: T_N | BC15: W_Max | BD15: W_Max_T | BE15: W_Min | BF15: W_Min_T | BG15: W_A
A16: 360 | B16: 1 | C16: 1 | D16: 0 | E16: 0 | F16: 0 | G16: 0 | H16: 0 | J16: 0 | K16: 0 | L16: 0 | M16: 0.23774146 | N16: 0 | P16: 360 | Q16: 1 | R16: 1 | S16: 0 | T16: 0 | U16: 0 | V16: 0 | W16: 0 | X16: 0 | Y16: 0 | Z16: 0 | AA16: 0 | AB16: 0.8 | AC16: 0 | AE16: 360 | AF16: 1 | AG16: 1 | AH16: 93.2 | AI16: 301.3 | AJ16: 90 | AK16: 270 | AL16: 90.3 | AM16: 0 | AN16: 0.0202 | AO16: 301.3 | AP16: 0.0202 | AQ16: 337.3 | AR16: 0.0202 | AT16: 360 | AU16: 1 | AV16: 1 | AW16: 93.2 | AX16: 301.3 | AY16: 90 | AZ16: 270 | BA16: 90.3 | BB16: 0 | BC16: 0.0202 | BD16: 301.3 | BE16: 0.0202 | BF16: 336.5 | BG16: 0.0202
A17: 360 | B17: 2 | C17: 1 | D17: 0 | E17: 0 | F17: 0 | G17: 0 | H17: 0 | J17: 0 | K17: 0 | L17: 0 | M17: 0 | N17: 0 | P17: 360 | Q17: 2 | R17: 1 | S17: 0 | T17: 0 | U17: 0 | V17: 0 | W17: 0 | X17: 0 | Y17: 0 | Z17: 0 | AA17: 0 | AB17: 0 | AC17: 0 | AE17: 360 | AF17: 2 | AG17: 1 | AH17: 94.3 | AI17: 303.3 | AJ17: 90 | AK17: 293.7 | AL17: 90.5 | AM17: 0 | AN17: 0.0202 | AO17: 302.9 | AP17: 0.0202 | AQ17: 344.1 | AR17: 0.0202 | AT17: 360 | AU17: 2 | AV17: 1 | AW17: 94.3 | AX17: 303.3 | AY17: 90 | AZ17: 293.7 | BA17: 90.5 | BB17: 0 | BC17: 0.0202 | BD17: 302.9 | BE17: 0.0202 | BF17: 344.1 | BG17: 0.0202
A18: 360 | B18: 3 | C18: 1 | D18: 0 | E18: 0 | F18: 0 | G18: 0 | H18: 0 | J18: 0 | K18: 0 | L18: 0 | M18: 0 | N18: 0 | P18: 360 | Q18: 3 | R18: 1 | S18: 0 | T18: 0 | U18: 0 | V18: 0 | W18: 0 | X18: 0 | Y18: 0 | Z18: 0 | AA18: 0 | AB18: 0 | AC18: 0 | AE18: 360 | AF18: 3 | AG18: 1 | AH18: 95.2 | AI18: 304.9 | AJ18: 90 | AK18: 295.7 | AL18: 90.9 | AM18: 0 | AN18: 0.0202 | AO18: 304.9 | AP18: 0.0202 | AQ18: 295.7 | AR18: 0.0202 | AT18: 360 | AU18: 3 | AV18: 1 | AW18: 95.2 | AX18: 304.9 | AY18: 90 | AZ18: 295.7 | BA18: 90.9 | BB18: 0 | BC18: 0.0202 | BD18: 304.9 | BE18: 0.0202 | BF18: 295.7 | BG18: 0.0202
A19: 360 | B19: 3 | C19: 2 | D19: 0 | E19: 0 | F19: 0 | G19: 0 | H19: 0 | J19: 0 | K19: 0 | L19: 0 | M19: 0 | N19: 0 | P19: 360 | Q19: 3 | R19: 2 | S19: 0 | T19: 0 | U19: 0 | V19: 0 | W19: 0 | X19: 0 | Y19: 0 | Z19: 0 | AA19: 0 | AB19: 0 | AC19: 0 | AE19: 360 | AF19: 3 | AG19: 2 | AH19: 95.7 | AI19: 308.9 | AJ19: 90.3 | AK19: 298.1 | AL19: 91.5 | AM19: 0 | AN19: 0.0203 | AO19: 307.7 | AP19: 0.0202 | AQ19: 298.1 | AR19: 0.0202 | AT19: 360 | AU19: 3 | AV19: 2 | AW19: 95.7 | AX19: 308.9 | AY19: 90.3 | AZ19: 298.1 | BA19: 91.5 | BB19: 0 | BC19: 0.0203 | BD19: 307.7 | BE19: 0.0202 | BF19: 298.1 | BG19: 0.0202
A20: 360 | B20: 4 | C20: 1 | D20: 0 | E20: 0 | F20: 0 | G20: 0 | I20: 0 | J20: 0 | K20: 0 | L20: 0 | M20: 0 | N20: 0 | P20: 360 | Q20: 4 | R20: 1 | S20: 0 | T20: 0 | U20: 0 | V20: 0 | W20: 0 | X20: 0 | Y20: 0 | Z20: 0 | AA20: 0 | AB20: 0 | AC20: 0 | AE20: 360 | AF20: 4 | AG20: 1 | AH20: 98.6 | AI20: 341.3 | AJ20: 93.3 | AK20: 324.9 | AL20: 0 | AM20: 94.7 | AN20: 0.0197 | AO20: 359.7 | AP20: 0.019 | AQ20: 270 | AR20: 0.0192 | AT20: 360 | AU20: 4 | AV20: 1 | AW20: 98.6 | AX20: 341.3 | AY20: 93.3 | AZ20: 324.9 | BA20: 0 | BB20: 94.7 | BC20: 0.0197 | BD20: 359.7 | BE20: 0.019 | BF20: 270 | BG20: 0.0192
A21: 360 | B21: 4 | C21: 2 | D21: 0 | E21: 0 | F21: 0 | G21: 0 | I21: 0 | J21: 0 | K21: 0 | L21: 0 | M21: 0 | N21: 0 | P21: 360 | Q21: 4 | R21: 2 | S21: 0 | T21: 0 | U21: 0 | V21: 0 | W21: 0 | X21: 0 | Y21: 0 | Z21: 0 | AA21: 0 | AB21: 0 | AC21: 0 | AE21: 360 | AF21: 4 | AG21: 2 | AH21: 98.8 | AI21: 338.1 | AJ21: 93.5 | AK21: 307.7 | AL21: 0 | AM21: 95 | AN21: 0.0198 | AO21: 359.7 | AP21: 0.0191 | AQ21: 328.1 | AR21: 0.0193 | AT21: 360 | AU21: 4 | AV21: 2 | AW21: 98.8 | AX21: 338.1 | AY21: 93.5 | AZ21: 307.7 | BA21: 0 | BB21: 95 | BC21: 0.0198 | BD21: 359.7 | BE21: 0.0191 | BF21: 328.1 | BG21: 0.0193
A22: 360 | B22: 4 | C22: 3 | D22: 0 | E22: 0 | F22: 0 | G22: 0 | I22: 0 | J22: 0 | K22: 0 | L22: 0 | M22: 0 | N22: 0 | P22: 360 | Q22: 4 | R22: 3 | S22: 0 | T22: 0 | U22: 0 | V22: 0 | W22: 0 | X22: 0 | Y22: 0 | Z22: 0 | AA22: 0 | AB22: 0 | AC22: 0 | AE22: 360 | AF22: 4 | AG22: 3 | AH22: 98.8 | AI22: 335.3 | AJ22: 93.4 | AK22: 298.9 | AL22: 0 | AM22: 95.3 | AN22: 0.0198 | AO22: 358.5 | AP22: 0.019 | AQ22: 318.1 | AR22: 0.0193 | AT22: 360 | AU22: 4 | AV22: 3 | AW22: 98.8 | AX22: 335.3 | AY22: 93.4 | AZ22: 298.9 | BA22: 0 | BB22: 95.3 | BC22: 0.0198 | BD22: 358.5 | BE22: 0.019 | BF22: 318.1 | BG22: 0.0193
A23: 360 | B23: 5 | C23: 1 | D23: 0 | E23: 0 | F23: 0 | G23: 0 | H23: 0 | I23: 0 | J23: 0 | K23: 0 | L23: 0 | M23: 0 | N23: 0 | P23: 360 | Q23: 5 | R23: 1 | S23: 0 | T23: 0 | U23: 0 | V23: 0 | W23: 0 | X23: 0 | Y23: 0 | Z23: 0 | AA23: 0 | AB23: 0 | AC23: 0 | AE23: 360 | AF23: 5 | AG23: 1 | AH23: 95.9 | AI23: 311.7 | AJ23: 90.9 | AK23: 302.1 | AL23: 92.4 | AM23: 91.4 | AN23: 0.0203 | AO23: 310.5 | AP23: 0.0203 | AQ23: 301.7 | AR23: 0.0203 | AT23: 360 | AU23: 5 | AV23: 1 | AW23: 95.9 | AX23: 311.7 | AY23: 90.9 | AZ23: 302.1 | BA23: 92.4 | BB23: 91.4 | BC23: 0.0203 | BD23: 310.5 | BE23: 0.0203 | BF23: 301.7 | BG23: 0.0203
A24: 360 | B24: 5 | C24: 2 | D24: 0 | E24: 0 | F24: 0 | G24: 0 | H24: 0 | I24: 0 | J24: 0 | K24: 0 | L24: 0 | M24: 0 | N24: 0 | P24: 360 | Q24: 5 | R24: 2 | S24: 0 | T24: 0 | U24: 0 | V24: 0 | W24: 0 | X24: 0 | Y24: 0 | Z24: 0 | AA24: 0 | AB24: 0 | AC24: 0 | AE24: 360 | AF24: 5 | AG24: 2 | AH24: 96.7 | AI24: 315.3 | AJ24: 91.5 | AK24: 305.3 | AL24: 93.2 | AM24: 92.3 | AN24: 0.0203 | AO24: 320.9 | AP24: 0.0202 | AQ24: 282.5 | AR24: 0.0203 | AT24: 360 | AU24: 5 | AV24: 2 | AW24: 96.7 | AX24: 315.3 | AY24: 91.5 | AZ24: 305.3 | BA24: 93.2 | BB24: 92.3 | BC24: 0.0203 | BD24: 320.9 | BE24: 0.0202 | BF24: 282.5 | BG24: 0.0203
A25: 360 | B25: 5 | C25: 3 | D25: 0 | E25: 0 | F25: 0 | G25: 0 | H25: 0 | I25: 0 | J25: 0 | K25: 0 | L25: 0 | M25: 0 | N25: 0 | P25: 360 | Q25: 5 | R25: 3 | S25: 0 | T25: 0 | U25: 0 | V25: 0 | W25: 0 | X25: 0 | Y25: 0 | Z25: 0 | AA25: 0 | AB25: 0 | AC25: 0 | AE25: 360 | AF25: 5 | AG25: 3 | AH25: 97.7 | AI25: 319.3 | AJ25: 92.2 | AK25: 308.5 | AL25: 94.4 | AM25: 94.1 | AN25: 0.0203 | AO25: 349.3 | AP25: 0.0198 | AQ25: 282.5 | AR25: 0.0201 | AT25: 360 | AU25: 5 | AV25: 3 | AW25: 97.7 | AX25: 319.3 | AY25: 92.2 | AZ25: 308.5 | BA25: 94.4 | BB25: 94.1 | BC25: 0.0203 | BD25: 349.3 | BE25: 0.0198 | BF25: 282.5 | BG25: 0.0201
A26: 360 | B26: 6 | C26: 1 | D26: 0 | E26: 0 | F26: 0 | G26: 0 | I26: 0 | J26: 0 | K26: 0 | L26: 0 | M26: 0 | N26: 0 | P26: 360 | Q26: 6 | R26: 1 | S26: 0 | T26: 0 | U26: 0 | V26: 0 | W26: 0 | X26: 0 | Y26: 0 | Z26: 0 | AA26: 0 | AB26: 0 | AC26: 0 | AE26: 360 | AF26: 6 | AG26: 1 | AH26: 102.7 | AI26: 332.9 | AJ26: 94.9 | AK26: 320.9 | AL26: 0 | AM26: 96.9 | AN26: 0.0198 | AO26: 350.9 | AP26: 0.0187 | AQ26: 299.7 | AR26: 0.0191 | AT26: 360 | AU26: 6 | AV26: 1 | AW26: 102.7 | AX26: 332.9 | AY26: 94.9 | AZ26: 320.9 | BA26: 0 | BB26: 96.9 | BC26: 0.0198 | BD26: 350.9 | BE26: 0.0187 | BF26: 299.7 | BG26: 0.0191
A27: 360 | B27: 6 | C27: 2 | D27: 0 | E27: 0 | F27: 0 | G27: 0 | I27: 0 | J27: 0 | K27: 0 | L27: 0 | M27: 0 | N27: 0 | P27: 360 | Q27: 6 | R27: 2 | S27: 0 | T27: 0 | U27: 0 | V27: 0 | W27: 0 | X27: 0 | Y27: 0 | Z27: 0 | AA27: 0 | AB27: 0 | AC27: 0 | AE27: 360 | AF27: 6 | AG27: 2 | AH27: 103.2 | AI27: 329.7 | AJ27: 94.8 | AK27: 316.9 | AL27: 0 | AM27: 97.4 | AN27: 0.0198 | AO27: 342.9 | AP27: 0.0186 | AQ27: 284.5 | AR27: 0.0192 | AT27: 360 | AU27: 6 | AV27: 2 | AW27: 103.2 | AX27: 329.7 | AY27: 94.8 | AZ27: 316.9 | BA27: 0 | BB27: 97.4 | BC27: 0.0198 | BD27: 342.9 | BE27: 0.0186 | BF27: 284.5 | BG27: 0.0192
A28: 360 | B28: 6 | C28: 3 | D28: 0 | E28: 0 | F28: 0 | G28: 0 | I28: 0 | J28: 0 | K28: 0 | L28: 0 | M28: 0 | N28: 0 | P28: 360 | Q28: 6 | R28: 3 | S28: 0 | T28: 0 | U28: 0 | V28: 0 | W28: 0 | X28: 0 | Y28: 0 | Z28: 0 | AA28: 0 | AB28: 0 | AC28: 0 | AE28: 360 | AF28: 6 | AG28: 3 | AH28: 104.9 | AI28: 325.7 | AJ28: 94.1 | AK28: 311.7 | AL28: 0 | AM28: 98 | AN28: 0.0199 | AO28: 334.5 | AP28: 0.0185 | AQ28: 272.1 | AR28: 0.0193 | AT28: 360 | AU28: 6 | AV28: 3 | AW28: 104.9 | AX28: 325.7 | AY28: 94.1 | AZ28: 311.7 | BA28: 0 | BB28: 98 | BC28: 0.0199 | BD28: 334.5 | BE28: 0.0185 | BF28: 272.1 | BG28: 0.0193
A29: 360 | B29: 7 | C29: 1 | D29: 0 | E29: 0 | F29: 0 | G29: 0 | H29: 0 | I29: 0 | J29: 0 | K29: 0 | L29: 0 | M29: 0 | N29: 0 | P29: 360 | Q29: 7 | R29: 1 | S29: 0 | T29: 0 | U29: 0 | V29: 0 | W29: 0 | X29: 0 | Y29: 0 | Z29: 0 | AA29: 0 | AB29: 0 | AC29: 0 | AE29: 360 | AF29: 7 | AG29: 1 | AH29: 101.3 | AI29: 352.9 | AJ29: 96.9 | AK29: 311.3 | AL29: 98.4 | AM29: 100.2 | AN29: 0.0196 | AO29: 359.7 | AP29: 0.0184 | AQ29: 270 | AR29: 0.0191 | AT29: 360 | AU29: 7 | AV29: 1 | AW29: 101.3 | AX29: 352.9 | AY29: 96.9 | AZ29: 311.3 | BA29: 98.4 | BB29: 100.2 | BC29: 0.0196 | BD29: 359.7 | BE29: 0.0184 | BF29: 270 | BG29: 0.0191
A30: 360 | B30: 8 | C30: 1 | D30: 0 | E30: 0 | F30: 0 | G30: 0 | H30: 0 | I30: 0 | J30: 0 | K30: 0 | L30: 0 | M30: 0 | N30: 0 | P30: 360 | Q30: 8 | R30: 1 | S30: 0 | T30: 0 | U30: 0 | V30: 0 | W30: 0 | X30: 0 | Y30: 0 | Z30: 0 | AA30: 0 | AB30: 0 | AC30: 0 | AE30: 360 | AF30: 8 | AG30: 1 | AH30: 94.8 | AI30: 315.7 | AJ30: 93.4 | AK30: 282.5 | AL30: 94.1 | AM30: 93.9 | AN30: 0.0193 | AO30: 359.7 | AP30: 0.0186 | AQ30: 270 | AR30: 0.019 | AT30: 360 | AU30: 8 | AV30: 1 | AW30: 94.8 | AX30: 315.7 | AY30: 93.4 | AZ30: 282.5 | BA30: 94.1 | BB30: 93.9 | BC30: 0.0193 | BD30: 359.7 | BE30: 0.0186 | BF30: 270 | BG30: 0.019
A31: 360 | B31: 8 | C31: 2 | D31: 0 | E31: 0 | F31: 0 | G31: 0 | H31: 0 | I31: 0 | J31: 0 | K31: 0 | L31: 0 | M31: 0 | N31: 0 | P31: 360 | Q31: 8 | R31: 2 | S31: 0 | T31: 0 | U31: 0 | V31: 0 | W31: 0 | X31: 0 | Y31: 0 | Z31: 0 | AA31: 0 | AB31: 0 | AC31: 0 | AE31: 360 | AF31: 8 | AG31: 2 | AH31: 92.8 | AI31: 316.9 | AJ31: 91.9 | AK31: 282.5 | AL31: 92.3 | AM31: 92.1 | AN31: 0.0197 | AO31: 337.7 | AP31: 0.0193 | AQ31: 270.9 | AR31: 0.0195 | AT31: 360 | AU31: 8 | AV31: 2 | AW31: 92.8 | AX31: 316.9 | AY31: 91.9 | AZ31: 282.5 | BA31: 92.3 | BB31: 92.1 | BC31: 0.0197 | BD31: 337.7 | BE31: 0.0193 | BF31: 270.9 | BG31: 0.0195
A32: 360 | B32: 9 | C32: 1 | D32: 0 | E32: 0 | F32: 0 | G32: 0 | H32: 0 | I32: 0 | J32: 0 | K32: 0 | L32: 0 | M32: 0 | N32: 0 | P32: 360 | Q32: 9 | R32: 1 | S32: 0 | T32: 0 | U32: 0 | V32: 0 | W32: 0 | X32: 0 | Y32: 0 | Z32: 0 | AA32: 0 | AB32: 0 | AC32: 0 | AE32: 360 | AF32: 9 | AG32: 1 | AH32: 102.7 | AI32: 341.3 | AJ32: 99.6 | AK32: 270 | AL32: 101 | AM32: 101.6 | AN32: 0.0197 | AO32: 359.7 | AP32: 0.0186 | AQ32: 270 | AR32: 0.0192 | AT32: 360 | AU32: 9 | AV32: 1 | AW32: 102.7 | AX32: 341.3 | AY32: 99.6 | AZ32: 270 | BA32: 101 | BB32: 101.6 | BC32: 0.0197 | BD32: 359.7 | BE32: 0.0186 | BF32: 270 | BG32: 0.0192
A33: 360 | B33: 9 | C33: 2 | D33: 0 | E33: 0 | F33: 0 | G33: 0 | H33: 0 | I33: 0 | J33: 0 | K33: 0 | L33: 0 | M33: 0 | N33: 0 | P33: 360 | Q33: 9 | R33: 2 | S33: 0 | T33: 0 | U33: 0 | V33: 0 | W33: 0 | X33: 0 | Y33: 0 | Z33: 0 | AA33: 0 | AB33: 0 | AC33: 0 | AE33: 360 | AF33: 9 | AG33: 2 | AH33: 103.6 | AI33: 328.5 | AJ33: 99.8 | AK33: 270 | AL33: 101.8 | AM33: 102 | AN33: 0.0199 | AO33: 359.7 | AP33: 0.0189 | AQ33: 270 | AR33: 0.0194 | AT33: 360 | AU33: 9 | AV33: 2 | AW33: 103.6 | AX33: 328.5 | AY33: 99.8 | AZ33: 270 | BA33: 101.8 | BB33: 102 | BC33: 0.0199 | BD33: 359.7 | BE33: 0.0189 | BF33: 270 | BG33: 0.0194
A34: 360 | B34: 9 | C34: 3 | D34: 0 | E34: 0 | F34: 0 | G34: 0 | H34: 0 | I34: 0 | J34: 0 | K34: 0 | L34: 0 | M34: 0 | N34: 0 | P34: 360 | Q34: 9 | R34: 3 | S34: 0 | T34: 0 | U34: 0 | V34: 0 | W34: 0 | X34: 0 | Y34: 0 | Z34: 0 | AA34: 0 | AB34: 0 | AC34: 0 | AE34: 360 | AF34: 9 | AG34: 3 | AH34: 102.9 | AI34: 326.5 | AJ34: 99.8 | AK34: 270 | AL34: 101.7 | AM34: 101.3 | AN34: 0.02 | AO34: 359.7 | AP34: 0.0192 | AQ34: 270 | AR34: 0.0197 | AT34: 360 | AU34: 9 | AV34: 3 | AW34: 102.9 | AX34: 326.5 | AY34: 99.8 | AZ34: 270 | BA34: 101.7 | BB34: 101.3 | BC34: 0.02 | BD34: 359.7 | BE34: 0.0192 | BF34: 270 | BG34: 0.0197
A35: 360 | B35: 9 | C35: 4 | D35: 0 | E35: 0 | F35: 0 | G35: 0 | H35: 0 | I35: 0 | J35: 0 | K35: 0 | L35: 0 | M35: 0 | N35: 0 | P35: 360 | Q35: 9 | R35: 4 | S35: 0 | T35: 0 | U35: 0 | V35: 0 | W35: 0 | X35: 0 | Y35: 0 | Z35: 0 | AA35: 0 | AB35: 0 | AC35: 0 | AE35: 360 | AF35: 9 | AG35: 4 | AH35: 101.8 | AI35: 324.5 | AJ35: 98.8 | AK35: 353.3 | AL35: 100.9 | AM35: 100.4 | AN35: 0.0201 | AO35: 355.3 | AP35: 0.0195 | AQ35: 270 | AR35: 0.0198 | AT35: 360 | AU35: 9 | AV35: 4 | AW35: 101.8 | AX35: 324.5 | AY35: 98.8 | AZ35: 353.3 | BA35: 100.9 | BB35: 100.4 | BC35: 0.0201 | BD35: 355.3 | BE35: 0.0195 | BF35: 270 | BG35: 0.0198
A36: 360 | B36: 10 | C36: 1 | D36: 0 | E36: 0 | F36: 0 | G36: 0 | H36: 0 | I36: 0 | J36: 0 | K36: 0 | L36: 0 | M36: 0 | N36: 0 | P36: 360 | Q36: 10 | R36: 1 | S36: 0 | T36: 0 | U36: 0 | V36: 0 | W36: 0 | X36: 0 | Y36: 0 | Z36: 0 | AA36: 0 | AB36: 0 | AC36: 0 | AE36: 360 | AF36: 10 | AG36: 1 | AH36: 93.9 | AI36: 355.3 | AJ36: 92 | AK36: 298.9 | AL36: 92.6 | AM36: 92.9 | AN36: 0.0194 | AO36: 335.3 | AP36: 0.0188 | AQ36: 270 | AR36: 0.0193 | AT36: 360 | AU36: 10 | AV36: 1 | AW36: 93.9 | AX36: 355.3 | AY36: 92 | AZ36: 298.9 | BA36: 92.6 | BB36: 92.9 | BC36: 0.0194 | BD36: 335.3 | BE36: 0.0188 | BF36: 270 | BG36: 0.0193
A37: 360 | B37: 10 | C37: 2 | D37: 0 | E37: 0 | F37: 0 | G37: 0 | H37: 0 | I37: 0 | J37: 0 | K37: 0 | L37: 0 | M37: 0 | N37: 0 | P37: 360 | Q37: 10 | R37: 2 | S37: 0 | T37: 0 | U37: 0 | V37: 0 | W37: 0 | X37: 0 | Y37: 0 | Z37: 0 | AA37: 0 | AB37: 0 | AC37: 0 | AE37: 360 | AF37: 10 | AG37: 2 | AH37: 96.2 | AI37: 354.9 | AJ37: 94.2 | AK37: 300.1 | AL37: 94.8 | AM37: 95.1 | AN37: 0.0193 | AO37: 359.7 | AP37: 0.0186 | AQ37: 270 | AR37: 0.0189 | AT37: 360 | AU37: 10 | AV37: 2 | AW37: 96.2 | AX37: 354.9 | AY37: 94.2 | AZ37: 300.1 | BA37: 94.8 | BB37: 95.1 | BC37: 0.0193 | BD37: 359.7 | BE37: 0.0186 | BF37: 270 | BG37: 0.0189
A38: 360 | B38: 11 | C38: 1 | D38: 0 | E38: 0 | F38: 0 | G38: 0 | H38: 0 | I38: 0 | J38: 0 | K38: 0 | L38: 0 | M38: 0 | N38: 0 | P38: 360 | Q38: 11 | R38: 1 | S38: 0 | T38: 0 | U38: 0 | V38: 0 | W38: 0 | X38: 0 | Y38: 0 | Z38: 0 | AA38: 0 | AB38: 0 | AC38: 0 | AE38: 360 | AF38: 11 | AG38: 1 | AH38: 100.5 | AI38: 276.5 | AJ38: 97.4 | AK38: 351.7 | AL38: 99.8 | AM38: 99.5 | AN38: 0.0202 | AO38: 359.7 | AP38: 0.0198 | AQ38: 270 | AR38: 0.02 | AT38: 360 | AU38: 11 | AV38: 1 | AW38: 100.5 | AX38: 276.5 | AY38: 97.4 | AZ38: 351.7 | BA38: 99.8 | BB38: 99.5 | BC38: 0.0202 | BD38: 359.7 | BE38: 0.0198 | BF38: 270 | BG38: 0.02
A39: 360 | B39: 12 | C39: 1 | D39: 0 | E39: 0 | F39: 0 | G39: 0 | H39: 0 | I39: 0 | J39: 0 | K39: 0 | L39: 0 | M39: 0 | N39: 0 | P39: 360 | Q39: 12 | R39: 1 | S39: 0 | T39: 0 | U39: 0 | V39: 0 | W39: 0 | X39: 0 | Y39: 0 | Z39: 0 | AA39: 0 | AB39: 0 | AC39: 0 | AE39: 360 | AF39: 12 | AG39: 1 | AH39: 100.6 | AI39: 359.7 | AJ39: 96.4 | AK39: 349.3 | AL39: 99 | AM39: 98.7 | AN39: 0.0202 | AO39: 288.1 | AP39: 0.02 | AQ39: 270 | AR39: 0.0201 | AT39: 360 | AU39: 12 | AV39: 1 | AW39: 100.6 | AX39: 359.7 | AY39: 96.4 | AZ39: 349.3 | BA39: 99 | BB39: 98.7 | BC39: 0.0202 | BD39: 288.1 | BE39: 0.02 | BF39: 270 | BG39: 0.0201
A40: 360 | B40: 12 | C40: 2 | D40: 0 | E40: 0 | F40: 0 | G40: 0 | H40: 0 | I40: 0 | J40: 0 | K40: 0 | L40: 0 | M40: 0 | N40: 0 | P40: 360 | Q40: 12 | R40: 2 | S40: 0 | T40: 0 | U40: 0 | V40: 0 | W40: 0 | X40: 0 | Y40: 0 | Z40: 0 | AA40: 0 | AB40: 0 | AC40: 0 | AE40: 360 | AF40: 12 | AG40: 2 | AH40: 99.2 | AI40: 356.1 | AJ40: 95.2 | AK40: 346.9 | AL40: 97.4 | AM40: 97.1 | AN40: 0.0203 | AO40: 289.7 | AP40: 0.0202 | AQ40: 270 | AR40: 0.0202 | AT40: 360 | AU40: 12 | AV40: 2 | AW40: 99.2 | AX40: 356.1 | AY40: 95.2 | AZ40: 346.9 | BA40: 97.4 | BB40: 97.1 | BC40: 0.0203 | BD40: 289.7 | BE40: 0.0202 | BF40: 270 | BG40: 0.0202
A41: 360 | B41: 12 | C41: 3 | D41: 0 | E41: 0 | F41: 0 | G41: 0 | H41: 0 | I41: 0 | J41: 0 | K41: 0 | L41: 0 | M41: 0 | N41: 0 | P41: 360 | Q41: 12 | R41: 3 | S41: 0 | T41: 0 | U41: 0 | V41: 0 | W41: 0 | X41: 0 | Y41: 0 | Z41: 0 | AA41: 0 | AB41: 0 | AC41: 0 | AE41: 360 | AF41: 12 | AG41: 3 | AH41: 97.2 | AI41: 353.3 | AJ41: 93.8 | AK41: 344.5 | AL41: 95.5 | AM41: 95.2 | AN41: 0.0203 | AO41: 302.1 | AP41: 0.0202 | AQ41: 270 | AR41: 0.0203 | AT41: 360 | AU41: 12 | AV41: 3 | AW41: 97.2 | AX41: 353.3 | AY41: 93.8 | AZ41: 344.5 | BA41: 95.5 | BB41: 95.2 | BC41: 0.0203 | BD41: 302.1 | BE41: 0.0202 | BF41: 270 | BG41: 0.0203
A42: 360 | B42: 13 | C42: 1 | D42: 0 | E42: 0 | F42: 0 | G42: 0 | I42: 0 | J42: 0 | K42: 0 | L42: 0 | M42: 0 | N42: 0 | P42: 360 | Q42: 13 | R42: 1 | S42: 0 | T42: 0 | U42: 0 | V42: 0 | W42: 0 | X42: 0 | Y42: 0 | Z42: 0 | AA42: 0 | AB42: 0 | AC42: 0 | AE42: 360 | AF42: 13 | AG42: 1 | AH42: 95.1 | AI42: 350.5 | AJ42: 92 | AK42: 284.5 | AL42: 0 | AM42: 93 | AN42: 0.0202 | AO42: 349.7 | AP42: 0.0202 | AQ42: 284.5 | AR42: 0.0202 | AT42: 360 | AU42: 13 | AV42: 1 | AW42: 95.1 | AX42: 350.5 | AY42: 92 | AZ42: 284.5 | BA42: 0 | BB42: 93 | BC42: 0.0202 | BD42: 349.7 | BE42: 0.0202 | BF42: 284.5 | BG42: 0.0202
A43: 360 | B43: 13 | C43: 2 | D43: 0 | E43: 0 | F43: 0 | G43: 0 | I43: 0 | J43: 0 | K43: 0 | L43: 0 | M43: 0 | N43: 0 | P43: 360 | Q43: 13 | R43: 2 | S43: 0 | T43: 0 | U43: 0 | V43: 0 | W43: 0 | X43: 0 | Y43: 0 | Z43: 0 | AA43: 0 | AB43: 0 | AC43: 0 | AE43: 360 | AF43: 13 | AG43: 2 | AH43: 93.9 | AI43: 347.7 | AJ43: 91.1 | AK43: 287.3 | AL43: 0 | AM43: 92.2 | AN43: 0.0202 | AO43: 346.5 | AP43: 0.0202 | AQ43: 287.3 | AR43: 0.0202 | AT43: 360 | AU43: 13 | AV43: 2 | AW43: 93.9 | AX43: 347.7 | AY43: 91.1 | AZ43: 287.3 | BA43: 0 | BB43: 92.2 | BC43: 0.0202 | BD43: 346.5 | BE43: 0.0202 | BF43: 287.3 | BG43: 0.0202
A44: 360 | B44: 14 | C44: 1 | D44: 0 | E44: 0 | F44: 0 | G44: 0 | I44: 0 | J44: 0 | K44: 0 | L44: 0 | M44: 0 | N44: 0 | P44: 360 | Q44: 14 | R44: 1 | S44: 0 | T44: 0 | U44: 0 | V44: 0 | W44: 0 | X44: 0 | Y44: 0 | Z44: 0 | AA44: 0 | AB44: 0 | AC44: 0 | AE44: 360 | AF44: 14 | AG44: 1 | AH44: 92.3 | AI44: 345.3 | AJ44: 90.6 | AK44: 290.1 | AL44: 0 | AM44: 91.3 | AN44: 0.0202 | AO44: 344.1 | AP44: 0.0202 | AQ44: 289.3 | AR44: 0.0202 | AT44: 360 | AU44: 14 | AV44: 1 | AW44: 92.3 | AX44: 345.3 | AY44: 90.6 | AZ44: 290.1 | BA44: 0 | BB44: 91.3 | BC44: 0.0202 | BD44: 344.1 | BE44: 0.0202 | BF44: 289.3 | BG44: 0.0202
A45: 360 | B45: 14 | C45: 2 | D45: 0 | E45: 0 | F45: 0 | G45: 0 | I45: 0 | J45: 0 | K45: 0 | L45: 0 | M45: 0 | N45: 0 | P45: 360 | Q45: 14 | R45: 2 | S45: 0 | T45: 0 | U45: 0 | V45: 0 | W45: 0 | X45: 0 | Y45: 0 | Z45: 0 | AA45: 0 | AB45: 0 | AC45: 0 | AE45: 360 | AF45: 14 | AG45: 2 | AH45: 91.8 | AI45: 342.1 | AJ45: 90.2 | AK45: 289.3 | AL45: 0 | AM45: 90.7 | AN45: 0.0202 | AO45: 341.7 | AP45: 0.0202 | AQ45: 287.3 | AR45: 0.0202 | AT45: 360 | AU45: 14 | AV45: 2 | AW45: 91.8 | AX45: 342.1 | AY45: 90.2 | AZ45: 289.3 | BA45: 0 | BB45: 90.7 | BC45: 0.0202 | BD45: 341.7 | BE45: 0.0202 | BF45: 287.3 | BG45: 0.0202
A46: 360 | B46: 103 | C46: 1 | D46: 0 | E46: 0 | F46: 0 | G46: 0 | H46: 0 | I46: 0 | J46: 0 | K46: 0 | L46: 0 | M46: 0 | N46: 0 | P46: 360 | Q46: 103 | R46: 1 | S46: 0 | T46: 0 | U46: 0 | V46: 0 | W46: 0 | X46: 0 | Y46: 0 | Z46: 0 | AA46: 0 | AB46: 0 | AC46: 0 | AE46: 360 | AF46: 103 | AG46: 1 | AH46: 91.2 | AI46: 308.9 | AJ46: 90.4 | AK46: 340.1 | AL46: 90.7 | AM46: 90.7 | AN46: 0.0202 | AO46: 308.9 | AP46: 0.0202 | AQ46: 340.1 | AR46: 0.0202 | AT46: 360 | AU46: 103 | AV46: 1 | AW46: 91.2 | AX46: 308.9 | AY46: 90.4 | AZ46: 340.1 | BA46: 90.7 | BB46: 90.7 | BC46: 0.0202 | BD46: 308.9 | BE46: 0.0202 | BF46: 340.1 | BG46: 0.0202
A47: 360 | B47: 104 | C47: 1 | D47: 0 | E47: 0 | F47: 0 | G47: 0 | H47: 0 | I47: 0 | J47: 0 | K47: 0 | L47: 0 | M47: 0 | N47: 0 | P47: 360 | Q47: 104 | R47: 1 | S47: 0 | T47: 0 | U47: 0 | V47: 0 | W47: 0 | X47: 0 | Y47: 0 | Z47: 0 | AA47: 0 | AB47: 0 | AC47: 0 | AE47: 360 | AF47: 104 | AG47: 1 | AH47: 94.8 | AI47: 329.7 | AJ47: 90 | AK47: 303.7 | AL47: 92.5 | AM47: 90.6 | AN47: 0.0202 | AO47: 303.7 | AP47: 0.0192 | AQ47: 329.7 | AR47: 0.0199 | AT47: 360 | AU47: 104 | AV47: 1 | AW47: 94.8 | AX47: 329.7 | AY47: 90 | AZ47: 303.7 | BA47: 92.5 | BB47: 90.6 | BC47: 0.0202 | BD47: 303.7 | BE47: 0.0192 | BF47: 329.7 | BG47: 0.0199
A48: 360 | B48: 110 | C48: 1 | D48: 0 | E48: 0 | F48: 0 | G48: 0.55924502 | H48: 0 | I48: 0 | J48: 0 | K48: 0.55613486 | L48: 0 | M48: 0 | N48: 0 | P48: 360 | Q48: 110 | R48: 1 | S48: 0 | T48: 0 | U48: 0 | V48: 1.6 | W48: 0 | X48: 0 | Y48: 0 | Z48: 1.6 | AA48: 0 | AB48: 0 | AC48: 0 | AE48: 360 | AF48: 110 | AG48: 1 | AH48: 93.6 | AI48: 353.3 | AJ48: 90 | AK48: 287.7 | AL48: 92.3 | AM48: 90.3 | AN48: 0.0202 | AO48: 289.3 | AP48: 0.0193 | AQ48: 352.9 | AR48: 0.0199 | AT48: 360 | AU48: 110 | AV48: 1 | AW48: 93.6 | AX48: 353.3 | AY48: 90 | AZ48: 286.1 | BA48: 92.3 | BB48: 90.3 | BC48: 0.0202 | BD48: 287.7 | BE48: 0.0193 | BF48: 352.9 | BG48: 0.0199
A49: 360 | B49: 114 | C49: 1 | D49: 0 | E49: 0 | F49: 0 | G49: 0 | H49: 0 | J49: 0 | K49: 0 | L49: 0 | M49: 0 | N49: 0 | P49: 360 | Q49: 114 | R49: 1 | S49: 0 | T49: 0 | U49: 0 | V49: 0 | W49: 0 | X49: 0 | Y49: 0 | Z49: 0 | AA49: 0 | AB49: 0 | AC49: 0 | AE49: 360 | AF49: 114 | AG49: 1 | AH49: 95.1 | AI49: 318.1 | AJ49: 92.1 | AK49: 286.5 | AL49: 93.4 | AM49: 0 | AN49: 0.0203 | AO49: 315.3 | AP49: 0.0202 | AQ49: 286.1 | AR49: 0.0202 | AT49: 360 | AU49: 114 | AV49: 1 | AW49: 95.1 | AX49: 318.1 | AY49: 92.1 | AZ49: 286.5 | BA49: 93.4 | BB49: 0 | BC49: 0.0203 | BD49: 315.3 | BE49: 0.0202 | BF49: 286.1 | BG49: 0.0202
A50: 450 | B50: 1 | C50: 1 | D50: 0 | E50: 0 | F50: 0 | G50: 0.089665994 | H50: 0 | J50: 0 | K50: 0 | L50: 0 | M50: 0 | N50: 0 | P50: 450 | Q50: 1 | R50: 1 | S50: 0 | T50: 0 | U50: 0 | V50: -0.4 | W50: 0 | X50: 0 | Y50: 0 | Z50: 0 | AA50: 0 | AB50: 0 | AC50: 0 | AE50: 450 | AF50: 1 | AG50: 1 | AH50: 93.2 | AI50: 391.3 | AJ50: 90 | AK50: 445.7 | AL50: 90.3 | AM50: 0 | AN50: 0.0202 | AO50: 391.3 | AP50: 0.0202 | AQ50: 426.1 | AR50: 0.0202 | AT50: 450 | AU50: 1 | AV50: 1 | AW50: 93.2 | AX50: 391.3 | AY50: 90 | AZ50: 446.1 | BA50: 90.3 | BB50: 0 | BC50: 0.0202 | BD50: 391.3 | BE50: 0.0202 | BF50: 426.1 | BG50: 0.0202
A51: 450 | B51: 2 | C51: 1 | D51: 0 | E51: 0 | F51: 0 | G51: 0 | H51: 0 | J51: 0 | K51: 0 | L51: 0 | M51: 0.092314793 | N51: 0 | P51: 450 | Q51: 2 | R51: 1 | S51: 0 | T51: 0 | U51: 0 | V51: 0 | W51: 0 | X51: 0 | Y51: 0 | Z51: 0 | AA51: 0 | AB51: 0.4 | AC51: 0 | AE51: 450 | AF51: 2 | AG51: 1 | AH51: 94.3 | AI51: 392.9 | AJ51: 90 | AK51: 383.7 | AL51: 90.4 | AM51: 0 | AN51: 0.0202 | AO51: 392.9 | AP51: 0.0202 | AQ51: 433.7 | AR51: 0.0202 | AT51: 450 | AU51: 2 | AV51: 1 | AW51: 94.3 | AX51: 392.9 | AY51: 90 | AZ51: 383.7 | BA51: 90.4 | BB51: 0 | BC51: 0.0202 | BD51: 392.9 | BE51: 0.0202 | BF51: 433.3 | BG51: 0.0202
A52: 450 | B52: 3 | C52: 1 | D52: 0 | E52: 0 | F52: 0 | G52: 0 | H52: 0 | J52: 0 | K52: 0 | L52: 0 | M52: 0 | N52: 0 | P52: 450 | Q52: 3 | R52: 1 | S52: 0 | T52: 0 | U52: 0 | V52: 0 | W52: 0 | X52: 0 | Y52: 0 | Z52: 0 | AA52: 0 | AB52: 0 | AC52: 0 | AE52: 450 | AF52: 3 | AG52: 1 | AH52: 95.1 | AI52: 394.9 | AJ52: 90 | AK52: 385.7 | AL52: 90.9 | AM52: 0 | AN52: 0.0202 | AO52: 394.9 | AP52: 0.0202 | AQ52: 385.7 | AR52: 0.0202 | AT52: 450 | AU52: 3 | AV52: 1 | AW52: 95.1 | AX52: 394.9 | AY52: 90 | AZ52: 385.7 | BA52: 90.9 | BB52: 0 | BC52: 0.0202 | BD52: 394.9 | BE52: 0.0202 | BF52: 385.7 | BG52: 0.0202
A53: 450 | B53: 3 | C53: 2 | D53: 0 | E53: 0 | F53: 0 | G53: 0 | H53: 0 | J53: 0 | K53: 0 | L53: 0 | M53: 0 | N53: 0 | P53: 450 | Q53: 3 | R53: 2 | S53: 0 | T53: 0 | U53: 0 | V53: 0 | W53: 0 | X53: 0 | Y53: 0 | Z53: 0 | AA53: 0 | AB53: 0 | AC53: 0 | AE53: 450 | AF53: 3 | AG53: 2 | AH53: 95.7 | AI53: 398.5 | AJ53: 90.3 | AK53: 388.1 | AL53: 91.5 | AM53: 0 | AN53: 0.0203 | AO53: 397.7 | AP53: 0.0202 | AQ53: 388.1 | AR53: 0.0202 | AT53: 450 | AU53: 3 | AV53: 2 | AW53: 95.7 | AX53: 398.5 | AY53: 90.3 | AZ53: 388.1 | BA53: 91.5 | BB53: 0 | BC53: 0.0203 | BD53: 397.7 | BE53: 0.0202 | BF53: 388.1 | BG53: 0.0202
A54: 450 | B54: 4 | C54: 1 | D54: 0 | E54: 0 | F54: 0 | G54: 0 | I54: 0 | J54: 0 | K54: 0 | L54: 0 | M54: 0 | N54: 0 | P54: 450 | Q54: 4 | R54: 1 | S54: 0 | T54: 0 | U54: 0 | V54: 0 | W54: 0 | X54: 0 | Y54: 0 | Z54: 0 | AA54: 0 | AB54: 0 | AC54: 0 | AE54: 450 | AF54: 4 | AG54: 1 | AH54: 99 | AI54: 431.3 | AJ54: 93.8 | AK54: 414.1 | AL54: 0 | AM54: 95.2 | AN54: 0.0202 | AO54: 449.7 | AP54: 0.0197 | AQ54: 360 | AR54: 0.0199 | AT54: 450 | AU54: 4 | AV54: 1 | AW54: 99 | AX54: 431.3 | AY54: 93.8 | AZ54: 414.1 | BA54: 0 | BB54: 95.2 | BC54: 0.0202 | BD54: 449.7 | BE54: 0.0197 | BF54: 360 | BG54: 0.0199
A55: 450 | B55: 4 | C55: 2 | D55: 0 | E55: 0 | F55: 0 | G55: 0 | I55: 0 | J55: 0 | K55: 0 | L55: 0 | M55: 0 | N55: 0 | P55: 450 | Q55: 4 | R55: 2 | S55: 0 | T55: 0 | U55: 0 | V55: 0 | W55: 0 | X55: 0 | Y55: 0 | Z55: 0 | AA55: 0 | AB55: 0 | AC55: 0 | AE55: 450 | AF55: 4 | AG55: 2 | AH55: 99.2 | AI55: 428.1 | AJ55: 94.1 | AK55: 397.7 | AL55: 0 | AM55: 95.5 | AN55: 0.0202 | AO55: 449.7 | AP55: 0.0198 | AQ55: 360 | AR55: 0.0199 | AT55: 450 | AU55: 4 | AV55: 2 | AW55: 99.2 | AX55: 428.1 | AY55: 94.1 | AZ55: 397.7 | BA55: 0 | BB55: 95.5 | BC55: 0.0202 | BD55: 449.7 | BE55: 0.0198 | BF55: 360 | BG55: 0.0199
A56: 450 | B56: 4 | C56: 3 | D56: 0 | E56: 0 | F56: 0 | G56: 0 | I56: 0 | J56: 0 | K56: 0 | L56: 0 | M56: 0 | N56: 0 | P56: 450 | Q56: 4 | R56: 3 | S56: 0 | T56: 0 | U56: 0 | V56: 0 | W56: 0 | X56: 0 | Y56: 0 | Z56: 0 | AA56: 0 | AB56: 0 | AC56: 0 | AE56: 450 | AF56: 4 | AG56: 3 | AH56: 99.3 | AI56: 425.3 | AJ56: 94 | AK56: 388.9 | AL56: 0 | AM56: 95.9 | AN56: 0.0202 | AO56: 449.7 | AP56: 0.0198 | AQ56: 366.1 | AR56: 0.0199 | AT56: 450 | AU56: 4 | AV56: 3 | AW56: 99.3 | AX56: 425.3 | AY56: 94 | AZ56: 388.9 | BA56: 0 | BB56: 95.9 | BC56: 0.0202 | BD56: 449.7 | BE56: 0.0198 | BF56: 366.1 | BG56: 0.0199
A57: 450 | B57: 5 | C57: 1 | D57: 0 | E57: 0 | F57: 0 | G57: 0 | H57: 0 | I57: 0 | J57: 0 | K57: 0 | L57: 0 | M57: 0 | N57: 0 | P57: 450 | Q57: 5 | R57: 1 | S57: 0 | T57: 0 | U57: 0 | V57: 0 | W57: 0 | X57: 0 | Y57: 0 | Z57: 0 | AA57: 0 | AB57: 0 | AC57: 0 | AE57: 450 | AF57: 5 | AG57: 1 | AH57: 95.9 | AI57: 401.7 | AJ57: 90.9 | AK57: 392.1 | AL57: 92.4 | AM57: 91.4 | AN57: 0.0203 | AO57: 400.9 | AP57: 0.0203 | AQ57: 438.1 | AR57: 0.0203 | AT57: 450 | AU57: 5 | AV57: 1 | AW57: 95.9 | AX57: 401.7 | AY57: 90.9 | AZ57: 392.1 | BA57: 92.4 | BB57: 91.4 | BC57: 0.0203 | BD57: 400.9 | BE57: 0.0203 | BF57: 438.1 | BG57: 0.0203
A58: 450 | B58: 5 | C58: 2 | D58: 0 | E58: 0 | F58: 0 | G58: 0 | H58: 0 | I58: 0 | J58: 0 | K58: 0 | L58: 0 | M58: 0 | N58: 0 | P58: 450 | Q58: 5 | R58: 2 | S58: 0 | T58: 0 | U58: 0 | V58: 0 | W58: 0 | X58: 0 | Y58: 0 | Z58: 0 | AA58: 0 | AB58: 0 | AC58: 0 | AE58: 450 | AF58: 5 | AG58: 2 | AH58: 96.7 | AI58: 404.9 | AJ58: 91.5 | AK58: 395.3 | AL58: 93.2 | AM58: 92.4 | AN58: 0.0203 | AO58: 404.1 | AP58: 0.0203 | AQ58: 372.1 | AR58: 0.0203 | AT58: 450 | AU58: 5 | AV58: 2 | AW58: 96.7 | AX58: 404.9 | AY58: 91.5 | AZ58: 395.3 | BA58: 93.2 | BB58: 92.4 | BC58: 0.0203 | BD58: 404.1 | BE58: 0.0203 | BF58: 372.1 | BG58: 0.0203
A59: 450 | B59: 5 | C59: 3 | D59: 0 | E59: 0 | F59: 0 | G59: 0 | H59: 0 | I59: 0 | J59: 0 | K59: 0 | L59: 0 | M59: 0 | N59: 0 | P59: 450 | Q59: 5 | R59: 3 | S59: 0 | T59: 0 | U59: 0 | V59: 0 | W59: 0 | X59: 0 | Y59: 0 | Z59: 0 | AA59: 0 | AB59: 0 | AC59: 0 | AE59: 450 | AF59: 5 | AG59: 3 | AH59: 97.8 | AI59: 408.9 | AJ59: 92.3 | AK59: 398.5 | AL59: 94.6 | AM59: 94.4 | AN59: 0.0203 | AO59: 418.1 | AP59: 0.0201 | AQ59: 372.5 | AR59: 0.0202 | AT59: 450 | AU59: 5 | AV59: 3 | AW59: 97.8 | AX59: 408.9 | AY59: 92.3 | AZ59: 398.5 | BA59: 94.6 | BB59: 94.4 | BC59: 0.0203 | BD59: 418.1 | BE59: 0.0201 | BF59: 372.5 | BG59: 0.0202
A60: 450 | B60: 6 | C60: 1 | D60: 0 | E60: 0 | F60: 0 | G60: 0 | I60: 0 | J60: 0 | K60: 0 | L60: 0 | M60: 0 | N60: 0 | P60: 450 | Q60: 6 | R60: 1 | S60: 0 | T60: 0 | U60: 0 | V60: 0 | W60: 0 | X60: 0 | Y60: 0 | Z60: 0 | AA60: 0 | AB60: 0 | AC60: 0 | AE60: 450 | AF60: 6 | AG60: 1 | AH60: 103.2 | AI60: 422.5 | AJ60: 95.6 | AK60: 411.3 | AL60: 0 | AM60: 97.7 | AN60: 0.0202 | AO60: 449.7 | AP60: 0.0197 | AQ60: 378.1 | AR60: 0.0199 | AT60: 450 | AU60: 6 | AV60: 1 | AW60: 103.2 | AX60: 422.5 | AY60: 95.6 | AZ60: 411.3 | BA60: 0 | BB60: 97.7 | BC60: 0.0202 | BD60: 449.7 | BE60: 0.0197 | BF60: 378.1 | BG60: 0.0199
A61: 450 | B61: 6 | C61: 2 | D61: 0 | E61: 0 | F61: 0 | G61: 0 | I61: 0 | J61: 0 | K61: 0 | L61: 0 | M61: 0 | N61: 0 | P61: 450 | Q61: 6 | R61: 2 | S61: 0 | T61: 0 | U61: 0 | V61: 0 | W61: 0 | X61: 0 | Y61: 0 | Z61: 0 | AA61: 0 | AB61: 0 | AC61: 0 | AE61: 450 | AF61: 6 | AG61: 2 | AH61: 103.6 | AI61: 419.3 | AJ61: 95.5 | AK61: 407.3 | AL61: 0 | AM61: 98.2 | AN61: 0.0202 | AO61: 449.7 | AP61: 0.0197 | AQ61: 365.7 | AR61: 0.0199 | AT61: 450 | AU61: 6 | AV61: 2 | AW61: 103.6 | AX61: 419.3 | AY61: 95.5 | AZ61: 407.3 | BA61: 0 | BB61: 98.2 | BC61: 0.0202 | BD61: 449.7 | BE61: 0.0197 | BF61: 365.7 | BG61: 0.0199
A62: 450 | B62: 6 | C62: 3 | D62: 0 | E62: 0 | F62: 0 | G62: 0 | I62: 0 | J62: 0 | K62: 0 | L62: 0 | M62: 0 | N62: 0 | P62: 450 | Q62: 6 | R62: 3 | S62: 0 | T62: 0 | U62: 0 | V62: 0 | W62: 0 | X62: 0 | Y62: 0 | Z62: 0 | AA62: 0 | AB62: 0 | AC62: 0 | AE62: 450 | AF62: 6 | AG62: 3 | AH62: 105.2 | AI62: 415.3 | AJ62: 94.5 | AK62: 401.7 | AL62: 0 | AM62: 98.7 | AN62: 0.0202 | AO62: 449.7 | AP62: 0.0196 | AQ62: 360 | AR62: 0.02 | AT62: 450 | AU62: 6 | AV62: 3 | AW62: 105.2 | AX62: 415.3 | AY62: 94.5 | AZ62: 401.7 | BA62: 0 | BB62: 98.7 | BC62: 0.0202 | BD62: 449.7 | BE62: 0.0196 | BF62: 360 | BG62: 0.02
A63: 450 | B63: 7 | C63: 1 | D63: 0 | E63: 0 | F63: 0 | G63: 0 | H63: 0 | I63: 0 | J63: 0 | K63: 0 | L63: 0 | M63: 0 | N63: 0 | P63: 450 | Q63: 7 | R63: 1 | S63: 0 | T63: 0 | U63: 0 | V63: 0 | W63: 0 | X63: 0 | Y63: 0 | Z63: 0 | AA63: 0 | AB63: 0 | AC63: 0 | AE63: 450 | AF63: 7 | AG63: 1 | AH63: 101.9 | AI63: 442.5 | AJ63: 97.7 | AK63: 401.7 | AL63: 99.5 | AM63: 101.1 | AN63: 0.0203 | AO63: 449.7 | AP63: 0.0196 | AQ63: 360 | AR63: 0.0199 | AT63: 450 | AU63: 7 | AV63: 1 | AW63: 101.9 | AX63: 442.5 | AY63: 97.7 | AZ63: 401.7 | BA63: 99.5 | BB63: 101.1 | BC63: 0.0203 | BD63: 449.7 | BE63: 0.0196 | BF63: 360 | BG63: 0.0199
A64: 450 | B64: 8 | C64: 1 | D64: 0 | E64: 0 | F64: 0 | G64: 0 | H64: 0 | I64: 0 | J64: 0 | K64: 0 | L64: 0 | M64: 0 | N64: 0 | P64: 450 | Q64: 8 | R64: 1 | S64: 0 | T64: 0 | U64: 0 | V64: 0 | W64: 0 | X64: 0 | Y64: 0 | Z64: 0 | AA64: 0 | AB64: 0 | AC64: 0 | AE64: 450 | AF64: 8 | AG64: 1 | AH64: 95.7 | AI64: 405.7 | AJ64: 94.4 | AK64: 372.9 | AL64: 95 | AM64: 94.7 | AN64: 0.0197 | AO64: 449.7 | AP64: 0.0193 | AQ64: 360 | AR64: 0.0195 | AT64: 450 | AU64: 8 | AV64: 1 | AW64: 95.7 | AX64: 405.7 | AY64: 94.4 | AZ64: 372.9 | BA64: 95 | BB64: 94.7 | BC64: 0.0197 | BD64: 449.7 | BE64: 0.0193 | BF64: 360 | BG64: 0.0195
A65: 450 | B65: 8 | C65: 2 | D65: 0 | E65: 0 | F65: 0 | G65: 0 | H65: 0 | I65: 0 | J65: 0 | K65: 0 | L65: 0 | M65: 0 | N65: 0 | P65: 450 | Q65: 8 | R65: 2 | S65: 0 | T65: 0 | U65: 0 | V65: 0 | W65: 0 | X65: 0 | Y65: 0 | Z65: 0 | AA65: 0 | AB65: 0 | AC65: 0 | AE65: 450 | AF65: 8 | AG65: 2 | AH65: 93.3 | AI65: 406.5 | AJ65: 92.3 | AK65: 426.5 | AL65: 92.7 | AM65: 92.5 | AN65: 0.0199 | AO65: 427.7 | AP65: 0.0196 | AQ65: 360.9 | AR65: 0.0198 | AT65: 450 | AU65: 8 | AV65: 2 | AW65: 93.3 | AX65: 406.5 | AY65: 92.3 | AZ65: 426.5 | BA65: 92.7 | BB65: 92.5 | BC65: 0.0199 | BD65: 427.7 | BE65: 0.0196 | BF65: 360.9 | BG65: 0.0198
A66: 450 | B66: 9 | C66: 1 | D66: 0 | E66: 0 | F66: 0 | G66: 0 | H66: 0 | I66: 0 | J66: 0 | K66: 0 | L66: 0 | M66: 0 | N66: 0 | P66: 450 | Q66: 9 | R66: 1 | S66: 0 | T66: 0 | U66: 0 | V66: 0 | W66: 0 | X66: 0 | Y66: 0 | Z66: 0 | AA66: 0 | AB66: 0 | AC66: 0 | AE66: 450 | AF66: 9 | AG66: 1 | AH66: 103.5 | AI66: 430.1 | AJ66: 101.1 | AK66: 360 | AL66: 102 | AM66: 102.5 | AN66: 0.0203 | AO66: 449.7 | AP66: 0.0197 | AQ66: 360 | AR66: 0.02 | AT66: 450 | AU66: 9 | AV66: 1 | AW66: 103.5 | AX66: 430.1 | AY66: 101.1 | AZ66: 360 | BA66: 102 | BB66: 102.5 | BC66: 0.0203 | BD66: 449.7 | BE66: 0.0197 | BF66: 360 | BG66: 0.02
A67: 450 | B67: 9 | C67: 2 | D67: 0 | E67: 0 | F67: 0 | G67: 0 | H67: 0 | I67: 0 | J67: 0 | K67: 0 | L67: 0 | M67: 0 | N67: 0 | P67: 450 | Q67: 9 | R67: 2 | S67: 0 | T67: 0 | U67: 0 | V67: 0 | W67: 0 | X67: 0 | Y67: 0 | Z67: 0 | AA67: 0 | AB67: 0 | AC67: 0 | AE67: 450 | AF67: 9 | AG67: 2 | AH67: 104.4 | AI67: 418.1 | AJ67: 101 | AK67: 360 | AL67: 102.7 | AM67: 102.7 | AN67: 0.0204 | AO67: 449.7 | AP67: 0.0199 | AQ67: 360 | AR67: 0.0201 | AT67: 450 | AU67: 9 | AV67: 2 | AW67: 104.4 | AX67: 418.1 | AY67: 101 | AZ67: 360 | BA67: 102.7 | BB67: 102.7 | BC67: 0.0204 | BD67: 449.7 | BE67: 0.0199 | BF67: 360 | BG67: 0.0201
A68: 450 | B68: 9 | C68: 3 | D68: 0 | E68: 0 | F68: 0 | G68: 0 | H68: 0 | I68: 0 | J68: 0 | K68: 0 | L68: 0 | M68: 0 | N68: 0 | P68: 450 | Q68: 9 | R68: 3 | S68: 0 | T68: 0 | U68: 0 | V68: 0 | W68: 0 | X68: 0 | Y68: 0 | Z68: 0 | AA68: 0 | AB68: 0 | AC68: 0 | AE68: 450 | AF68: 9 | AG68: 3 | AH68: 103.5 | AI68: 415.7 | AJ68: 100.2 | AK68: 445.3 | AL68: 102.3 | AM68: 101.9 | AN68: 0.0204 | AO68: 449.7 | AP68: 0.02 | AQ68: 360 | AR68: 0.0202 | AT68: 450 | AU68: 9 | AV68: 3 | AW68: 103.5 | AX68: 415.7 | AY68: 100.2 | AZ68: 445.3 | BA68: 102.3 | BB68: 101.9 | BC68: 0.0204 | BD68: 449.7 | BE68: 0.02 | BF68: 360 | BG68: 0.0202
A69: 450 | B69: 9 | C69: 4 | D69: 0 | E69: 0 | F69: 0 | G69: 0 | H69: 0 | I69: 0 | J69: 0 | K69: 0 | L69: 0 | M69: 0 | N69: 0 | P69: 450 | Q69: 9 | R69: 4 | S69: 0 | T69: 0 | U69: 0 | V69: 0 | W69: 0 | X69: 0 | Y69: 0 | Z69: 0 | AA69: 0 | AB69: 0 | AC69: 0 | AE69: 450 | AF69: 9 | AG69: 4 | AH69: 102.3 | AI69: 414.1 | AJ69: 99 | AK69: 443.3 | AL69: 101.3 | AM69: 100.8 | AN69: 0.0203 | AO69: 445.3 | AP69: 0.02 | AQ69: 360 | AR69: 0.0202 | AT69: 450 | AU69: 9 | AV69: 4 | AW69: 102.3 | AX69: 414.1 | AY69: 99 | AZ69: 443.3 | BA69: 101.3 | BB69: 100.8 | BC69: 0.0203 | BD69: 445.3 | BE69: 0.02 | BF69: 360 | BG69: 0.0202
A70: 450 | B70: 10 | C70: 1 | D70: 0 | E70: 0 | F70: 0 | G70: 0 | H70: 0 | I70: 0 | J70: 0 | K70: 0 | L70: 0 | M70: 0 | N70: 0 | P70: 450 | Q70: 10 | R70: 1 | S70: 0 | T70: 0 | U70: 0 | V70: 0 | W70: 0 | X70: 0 | Y70: 0 | Z70: 0 | AA70: 0 | AB70: 0 | AC70: 0 | AE70: 450 | AF70: 10 | AG70: 1 | AH70: 94.4 | AI70: 445.3 | AJ70: 92.5 | AK70: 390.1 | AL70: 93.2 | AM70: 93.4 | AN70: 0.0197 | AO70: 424.9 | AP70: 0.0194 | AQ70: 360 | AR70: 0.0197 | AT70: 450 | AU70: 10 | AV70: 1 | AW70: 94.4 | AX70: 445.3 | AY70: 92.5 | AZ70: 390.1 | BA70: 93.2 | BB70: 93.4 | BC70: 0.0197 | BD70: 424.9 | BE70: 0.0194 | BF70: 360 | BG70: 0.0197
A71: 450 | B71: 10 | C71: 2 | D71: 0 | E71: 0 | F71: 0 | G71: 0 | H71: 0 | I71: 0 | J71: 0 | K71: 0 | L71: 0 | M71: 0 | N71: 0 | P71: 450 | Q71: 10 | R71: 2 | S71: 0 | T71: 0 | U71: 0 | V71: 0 | W71: 0 | X71: 0 | Y71: 0 | Z71: 0 | AA71: 0 | AB71: 0 | AC71: 0 | AE71: 450 | AF71: 10 | AG71: 2 | AH71: 96.8 | AI71: 444.9 | AJ71: 95.1 | AK71: 390.9 | AL71: 95.7 | AM71: 95.9 | AN71: 0.0198 | AO71: 444.5 | AP71: 0.0193 | AQ71: 360 | AR71: 0.0195 | AT71: 450 | AU71: 10 | AV71: 2 | AW71: 96.8 | AX71: 444.9 | AY71: 95.1 | AZ71: 390.9 | BA71: 95.7 | BB71: 95.9 | BC71: 0.0198 | BD71: 444.5 | BE71: 0.0193 | BF71: 360 | BG71: 0.0195
A72: 450 | B72: 11 | C72: 1 | D72: 0 | E72: 0 | F72: 0 | G72: 0 | H72: 0 | I72: 0 | J72: 0 | K72: 0 | L72: 0 | M72: 0 | N72: 0 | P72: 450 | Q72: 11 | R72: 1 | S72: 0 | T72: 0 | U72: 0 | V72: 0 | W72: 0 | X72: 0 | Y72: 0 | Z72: 0 | AA72: 0 | AB72: 0 | AC72: 0 | AE72: 450 | AF72: 11 | AG72: 1 | AH72: 100.7 | AI72: 365.7 | AJ72: 97.6 | AK72: 441.7 | AL72: 100.1 | AM72: 99.8 | AN72: 0.0203 | AO72: 449.7 | AP72: 0.0202 | AQ72: 390.5 | AR72: 0.0202 | AT72: 450 | AU72: 11 | AV72: 1 | AW72: 100.7 | AX72: 365.7 | AY72: 97.6 | AZ72: 441.7 | BA72: 100.1 | BB72: 99.8 | BC72: 0.0203 | BD72: 449.7 | BE72: 0.0202 | BF72: 390.5 | BG72: 0.0202
A73: 450 | B73: 12 | C73: 1 | D73: 0 | E73: 0 | F73: 0 | G73: 0 | H73: 0 | I73: 0 | J73: 0 | K73: 0 | L73: 0 | M73: 0 | N73: 0 | P73: 450 | Q73: 12 | R73: 1 | S73: 0 | T73: 0 | U73: 0 | V73: 0 | W73: 0 | X73: 0 | Y73: 0 | Z73: 0 | AA73: 0 | AB73: 0 | AC73: 0 | AE73: 450 | AF73: 12 | AG73: 1 | AH73: 100.7 | AI73: 449.7 | AJ73: 96.5 | AK73: 439.3 | AL73: 99.1 | AM73: 98.8 | AN73: 0.0203 | AO73: 449.7 | AP73: 0.0202 | AQ73: 360 | AR73: 0.0203 | AT73: 450 | AU73: 12 | AV73: 1 | AW73: 100.7 | AX73: 449.7 | AY73: 96.5 | AZ73: 439.3 | BA73: 99.1 | BB73: 98.8 | BC73: 0.0203 | BD73: 449.7 | BE73: 0.0202 | BF73: 360 | BG73: 0.0203
A74: 450 | B74: 12 | C74: 2 | D74: 0 | E74: 0 | F74: 0 | G74: 0 | H74: 0 | I74: 0 | J74: 0 | K74: 0 | L74: 0 | M74: 0 | N74: 0 | P74: 450 | Q74: 12 | R74: 2 | S74: 0 | T74: 0 | U74: 0 | V74: 0 | W74: 0 | X74: 0 | Y74: 0 | Z74: 0 | AA74: 0 | AB74: 0 | AC74: 0 | AE74: 450 | AF74: 12 | AG74: 2 | AH74: 99.2 | AI74: 446.1 | AJ74: 95.3 | AK74: 436.9 | AL74: 97.5 | AM74: 97.2 | AN74: 0.0203 | AO74: 444.9 | AP74: 0.0203 | AQ74: 360 | AR74: 0.0203 | AT74: 450 | AU74: 12 | AV74: 2 | AW74: 99.2 | AX74: 446.1 | AY74: 95.3 | AZ74: 436.9 | BA74: 97.5 | BB74: 97.2 | BC74: 0.0203 | BD74: 444.9 | BE74: 0.0203 | BF74: 360 | BG74: 0.0203
